mtllib model_11.mtl
o model_11
v 0.10207200050354004 -13.173800468444824 0.10207200050354004 
v 202.1887969970703 -13.173800468444824 -35.62032699584961 
v 205.25071716308594 -13.173800468444824 0.10207200050354004 
v 206.47547912597656 -12.94666576385498 0.10207200050354004 
v 203.2094268798828 -12.94666576385498 -35.82445526123047 
v 192.7989044189453 -13.173800468444824 -70.11795806884766 
v 194.02366638183594 -12.94666576385498 -70.52621459960938 
v 177.6934356689453 -13.173800468444824 -102.57431030273438 
v 178.7140655517578 -12.94666576385498 -103.18669891357422 
v 157.28062438964844 -13.173800468444824 -131.96875 
v 158.09713745117188 -12.94666576385498 -132.5811309814453 
v 131.96876525878906 -13.173800468444824 -157.28060913085938 
v 132.58114624023438 -12.94666576385498 -158.0971221923828 
v 102.57432556152344 -13.173800468444824 -177.69342041015625 
v 103.18671417236328 -12.94666576385498 -178.71405029296875 
v 70.11797332763672 -13.173800468444824 -192.79888916015625 
v 70.52622985839844 -12.94666576385498 -194.02365112304688 
v 35.62034225463867 -13.173800468444824 -202.18878173828125 
v 35.82447052001953 -12.94666576385498 -203.20941162109375 
v 0.10207200050354004 -13.173800468444824 -205.25070190429688 
v 0.10207200050354004 -12.94666576385498 -206.4754638671875 
v -35.62032699584961 -13.173800468444824 -202.18878173828125 
v -35.82445526123047 -12.94666576385498 -203.20941162109375 
v -70.11795806884766 -13.173800468444824 -192.79888916015625 
v -70.52621459960938 -12.94666576385498 -194.02365112304688 
v -102.57431030273438 -13.173800468444824 -177.69342041015625 
v -103.18669891357422 -12.94666576385498 -178.71405029296875 
v -131.96875 -13.173800468444824 -157.28060913085938 
v -132.5811309814453 -12.94666576385498 -158.0971221923828 
v -157.28060913085938 -13.173800468444824 -131.96875 
v -158.0971221923828 -12.94666576385498 -132.5811309814453 
v -177.69342041015625 -13.173800468444824 -102.57431030273438 
v -178.71405029296875 -12.94666576385498 -103.18669891357422 
v -192.79888916015625 -13.173800468444824 -70.11795806884766 
v -194.02365112304688 -12.94666576385498 -70.52621459960938 
v -202.18878173828125 -13.173800468444824 -35.62032699584961 
v -203.20941162109375 -12.94666576385498 -35.82445526123047 
v -205.25070190429688 -13.173800468444824 0.10207200050354004 
v -206.4754638671875 -12.94666576385498 0.10207200050354004 
v -202.18878173828125 -13.173800468444824 35.62034225463867 
v -203.20941162109375 -12.94666576385498 35.82447052001953 
v -192.79888916015625 -13.173800468444824 70.11797332763672 
v -194.02365112304688 -12.94666576385498 70.52622985839844 
v -177.69342041015625 -13.173800468444824 102.57432556152344 
v -178.71405029296875 -12.94666576385498 103.18671417236328 
v -157.28060913085938 -13.173800468444824 131.96876525878906 
v -158.0971221923828 -12.94666576385498 132.58114624023438 
v -131.96875 -13.173800468444824 157.28062438964844 
v -132.5811309814453 -12.94666576385498 158.09713745117188 
v -102.57431030273438 -13.173800468444824 177.6934356689453 
v -103.18669891357422 -12.94666576385498 178.7140655517578 
v -70.11795806884766 -13.173800468444824 192.7989044189453 
v -70.52621459960938 -12.94666576385498 194.02366638183594 
v -35.62032699584961 -13.173800468444824 202.1887969970703 
v -35.82445526123047 -12.94666576385498 203.2094268798828 
v 0.10207200050354004 -13.173800468444824 205.25071716308594 
v 0.10207200050354004 -12.94666576385498 206.47547912597656 
v 35.62034225463867 -13.173800468444824 202.1887969970703 
v 35.82447052001953 -12.94666576385498 203.2094268798828 
v 70.11797332763672 -13.173800468444824 192.7989044189453 
v 70.52622985839844 -12.94666576385498 194.02366638183594 
v 102.57432556152344 -13.173800468444824 177.6934356689453 
v 103.18671417236328 -12.94666576385498 178.7140655517578 
v 131.96876525878906 -13.173800468444824 157.28062438964844 
v 132.58114624023438 -12.94666576385498 158.09713745117188 
v 157.28062438964844 -13.173800468444824 131.96876525878906 
v 158.09713745117188 -12.94666576385498 132.58114624023438 
v 177.6934356689453 -13.173800468444824 102.57432556152344 
v 178.7140655517578 -12.94666576385498 103.18671417236328 
v 192.7989044189453 -13.173800468444824 70.11797332763672 
v 194.02366638183594 -12.94666576385498 70.52622985839844 
v 202.1887969970703 -13.173800468444824 35.62034225463867 
v 203.2094268798828 -12.94666576385498 35.82447052001953 
v 205.25071716308594 -13.173800468444824 0.10207200050354004 
v 206.47547912597656 -12.94666576385498 0.10207200050354004 
v 204.23007202148438 -12.492398262023926 36.02859878540039 
v 194.84017944335938 -12.492398262023926 70.93448638916016 
v 179.73471069335938 -12.492398262023926 103.7990951538086 
v 158.9136505126953 -12.492398262023926 133.3976593017578 
v 133.3976593017578 -12.492398262023926 158.9136505126953 
v 103.7990951538086 -12.492398262023926 179.73471069335938 
v 70.93448638916016 -12.492398262023926 194.84017944335938 
v 36.02859878540039 -12.492398262023926 204.23007202148438 
v 0.10207200050354004 -12.492398262023926 207.49612426757812 
v -36.02858352661133 -12.492398262023926 204.23007202148438 
v -70.9344711303711 -12.492398262023926 194.84017944335938 
v -103.79907989501953 -12.492398262023926 179.73471069335938 
v -133.39764404296875 -12.492398262023926 158.9136505126953 
v -158.91363525390625 -12.492398262023926 133.3976593017578 
v -179.7346954345703 -12.492398262023926 103.7990951538086 
v -194.8401641845703 -12.492398262023926 70.93448638916016 
v -204.2300567626953 -12.492398262023926 36.02859878540039 
v -207.49610900878906 -12.492398262023926 0.10207200050354004 
v -204.2300567626953 -12.492398262023926 -36.02858352661133 
v -194.8401641845703 -12.492398262023926 -70.9344711303711 
v -179.7346954345703 -12.492398262023926 -103.79907989501953 
v -158.91363525390625 -12.492398262023926 -133.39764404296875 
v -133.39764404296875 -12.492398262023926 -158.91363525390625 
v -103.79907989501953 -12.492398262023926 -179.7346954345703 
v -70.9344711303711 -12.492398262023926 -194.8401641845703 
v -36.02858352661133 -12.492398262023926 -204.2300567626953 
v 0.10207200050354004 -12.492398262023926 -207.49610900878906 
v 36.02859878540039 -12.492398262023926 -204.2300567626953 
v 70.93448638916016 -12.492398262023926 -194.8401641845703 
v 103.7990951538086 -12.492398262023926 -179.7346954345703 
v 133.3976593017578 -12.492398262023926 -158.91363525390625 
v 158.9136505126953 -12.492398262023926 -133.39764404296875 
v 179.73471069335938 -12.492398262023926 -103.79907989501953 
v 194.84017944335938 -12.492398262023926 -70.9344711303711 
v 204.23007202148438 -12.492398262023926 -36.02858352661133 
v 207.49612426757812 -12.492398262023926 0.10207200050354004 
v 195.6566925048828 -11.697428703308105 71.13861846923828 
v 180.3470916748047 -11.697428703308105 104.20735168457031 
v 159.5260467529297 -11.697428703308105 133.805908203125 
v 133.805908203125 -11.697428703308105 159.5260467529297 
v 104.20735168457031 -11.697428703308105 180.3470916748047 
v 71.13861846923828 -11.697428703308105 195.6566925048828 
v 36.23272705078125 -11.697428703308105 205.0465850830078 
v 0.10207200050354004 -11.697428703308105 208.31263732910156 
v -36.23271179199219 -11.697428703308105 205.0465850830078 
v -71.13860321044922 -11.697428703308105 195.6566925048828 
v -104.20733642578125 -11.697428703308105 180.3470916748047 
v -133.80589294433594 -11.697428703308105 159.5260467529297 
v -159.52603149414062 -11.697428703308105 133.805908203125 
v -180.34707641601562 -11.697428703308105 104.20735168457031 
v -195.65667724609375 -11.697428703308105 71.13861846923828 
v -205.04656982421875 -11.697428703308105 36.23272705078125 
v -208.3126220703125 -11.697428703308105 0.10207200050354004 
v -205.04656982421875 -11.697428703308105 -36.23271179199219 
v -195.65667724609375 -11.697428703308105 -71.13860321044922 
v -180.34707641601562 -11.697428703308105 -104.20733642578125 
v -159.52603149414062 -11.697428703308105 -133.80589294433594 
v -133.80589294433594 -11.697428703308105 -159.52603149414062 
v -104.20733642578125 -11.697428703308105 -180.34707641601562 
v -71.13860321044922 -11.697428703308105 -195.65667724609375 
v -36.23271179199219 -11.697428703308105 -205.04656982421875 
v 0.10207200050354004 -11.697428703308105 -208.3126220703125 
v 36.23272705078125 -11.697428703308105 -205.04656982421875 
v 71.13861846923828 -11.697428703308105 -195.65667724609375 
v 104.20735168457031 -11.697428703308105 -180.34707641601562 
v 133.805908203125 -11.697428703308105 -159.52603149414062 
v 159.5260467529297 -11.697428703308105 -133.80589294433594 
v 180.3470916748047 -11.697428703308105 -104.20733642578125 
v 195.6566925048828 -11.697428703308105 -71.13860321044922 
v 205.0465850830078 -11.697428703308105 -36.23271179199219 
v 208.31263732910156 -11.697428703308105 0.10207200050354004 
v 180.75535583496094 -10.675326347351074 104.41148376464844 
v 159.93429565429688 -10.675326347351074 134.21417236328125 
v 134.21417236328125 -10.675326347351074 159.93429565429688 
v 104.41148376464844 -10.675326347351074 180.75535583496094 
v 71.34274291992188 -10.675326347351074 196.06495666503906 
v 36.23272705078125 -10.675326347351074 205.65896606445312 
v 0.10207200050354004 -10.675326347351074 208.72088623046875 
v -36.23271179199219 -10.675326347351074 205.65896606445312 
v -71.34272766113281 -10.675326347351074 196.06495666503906 
v -104.41146087646484 -10.675326347351074 180.75535583496094 
v -134.2141571044922 -10.675326347351074 159.93429565429688 
v -159.9342803955078 -10.675326347351074 134.21417236328125 
v -180.75534057617188 -10.675326347351074 104.41148376464844 
v -196.06494140625 -10.675326347351074 71.34274291992188 
v -205.65895080566406 -10.675326347351074 36.23272705078125 
v -208.7208709716797 -10.675326347351074 0.10207200050354004 
v -205.65895080566406 -10.675326347351074 -36.23271179199219 
v -196.06494140625 -10.675326347351074 -71.34272766113281 
v -180.75534057617188 -10.675326347351074 -104.41146087646484 
v -159.9342803955078 -10.675326347351074 -134.2141571044922 
v -134.2141571044922 -10.675326347351074 -159.9342803955078 
v -104.41146087646484 -10.675326347351074 -180.75534057617188 
v -71.34272766113281 -10.675326347351074 -196.06494140625 
v -36.23271179199219 -10.675326347351074 -205.65895080566406 
v 0.10207200050354004 -10.675326347351074 -208.7208709716797 
v 36.23272705078125 -10.675326347351074 -205.65895080566406 
v 71.34274291992188 -10.675326347351074 -196.06494140625 
v 104.41148376464844 -10.675326347351074 -180.75534057617188 
v 134.21417236328125 -10.675326347351074 -159.9342803955078 
v 159.93429565429688 -10.675326347351074 -134.2141571044922 
v 180.75535583496094 -10.675326347351074 -104.41146087646484 
v 196.06495666503906 -10.675326347351074 -71.34272766113281 
v 205.65896606445312 -10.675326347351074 -36.23271179199219 
v 208.72088623046875 -10.675326347351074 0.10207200050354004 
v 160.138427734375 -9.539655685424805 134.21417236328125 
v 134.21417236328125 -9.539655685424805 160.138427734375 
v 104.41148376464844 -9.539655685424805 180.95947265625 
v 71.546875 -9.539655685424805 196.26907348632812 
v 36.23272705078125 -9.539655685424805 205.65896606445312 
v 0.10207200050354004 -9.539655685424805 208.92501831054688 
v -36.23271179199219 -9.539655685424805 205.65896606445312 
v -71.54685974121094 -9.539655685424805 196.26907348632812 
v -104.41146087646484 -9.539655685424805 180.95947265625 
v -134.2141571044922 -9.539655685424805 160.138427734375 
v -160.13841247558594 -9.539655685424805 134.21417236328125 
v -180.95945739746094 -9.539655685424805 104.41148376464844 
v -196.26905822753906 -9.539655685424805 71.546875 
v -205.65895080566406 -9.539655685424805 36.23272705078125 
v -208.9250030517578 -9.539655685424805 0.10207200050354004 
v -205.65895080566406 -9.539655685424805 -36.23271179199219 
v -196.26905822753906 -9.539655685424805 -71.54685974121094 
v -180.95945739746094 -9.539655685424805 -104.41146087646484 
v -160.13841247558594 -9.539655685424805 -134.2141571044922 
v -134.2141571044922 -9.539655685424805 -160.13841247558594 
v -104.41146087646484 -9.539655685424805 -180.95945739746094 
v -71.54685974121094 -9.539655685424805 -196.26905822753906 
v -36.23271179199219 -9.539655685424805 -205.65895080566406 
v 0.10207200050354004 -9.539655685424805 -208.9250030517578 
v 36.23272705078125 -9.539655685424805 -205.65895080566406 
v 71.546875 -9.539655685424805 -196.26905822753906 
v 104.41148376464844 -9.539655685424805 -180.95945739746094 
v 134.21417236328125 -9.539655685424805 -160.13841247558594 
v 160.138427734375 -9.539655685424805 -134.2141571044922 
v 180.95947265625 -9.539655685424805 -104.41146087646484 
v 196.26907348632812 -9.539655685424805 -71.54685974121094 
v 205.65896606445312 -9.539655685424805 -36.23271179199219 
v 208.92501831054688 -9.539655685424805 0.10207200050354004 
v 134.21417236328125 22.372671127319336 160.138427734375 
v 104.41148376464844 22.372671127319336 180.95947265625 
v 71.546875 22.372671127319336 196.26907348632812 
v 36.23272705078125 22.372671127319336 205.65896606445312 
v 0.10207200050354004 22.372671127319336 208.92501831054688 
v -36.23271179199219 22.372671127319336 205.65896606445312 
v -71.54685974121094 22.372671127319336 196.26907348632812 
v -104.41146087646484 22.372671127319336 180.95947265625 
v -134.2141571044922 22.372671127319336 160.138427734375 
v -160.13841247558594 22.372671127319336 134.21417236328125 
v -180.95945739746094 22.372671127319336 104.41148376464844 
v -196.26905822753906 22.372671127319336 71.546875 
v -205.65895080566406 22.372671127319336 36.23272705078125 
v -208.9250030517578 22.372671127319336 0.10207200050354004 
v -205.65895080566406 22.372671127319336 -36.23271179199219 
v -196.26905822753906 22.372671127319336 -71.54685974121094 
v -180.95945739746094 22.372671127319336 -104.41146087646484 
v -160.13841247558594 22.372671127319336 -134.2141571044922 
v -134.2141571044922 22.372671127319336 -160.13841247558594 
v -104.41146087646484 22.372671127319336 -180.95945739746094 
v -71.54685974121094 22.372671127319336 -196.26905822753906 
v -36.23271179199219 22.372671127319336 -205.65895080566406 
v 0.10207200050354004 22.372671127319336 -208.9250030517578 
v 36.23272705078125 22.372671127319336 -205.65895080566406 
v 71.546875 22.372671127319336 -196.26905822753906 
v 104.41148376464844 22.372671127319336 -180.95945739746094 
v 134.21417236328125 22.372671127319336 -160.13841247558594 
v 160.138427734375 22.372671127319336 -134.2141571044922 
v 180.95947265625 22.372671127319336 -104.41146087646484 
v 196.26907348632812 22.372671127319336 -71.54685974121094 
v 205.65896606445312 22.372671127319336 -36.23271179199219 
v 208.92501831054688 22.372671127319336 0.10207200050354004 
v 104.41148376464844 23.50834083557129 180.75535583496094 
v 71.34274291992188 23.50834083557129 196.06495666503906 
v 36.23272705078125 23.50834083557129 205.65896606445312 
v 0.10207200050354004 23.50834083557129 208.72088623046875 
v -36.23271179199219 23.50834083557129 205.65896606445312 
v -71.34272766113281 23.50834083557129 196.06495666503906 
v -104.41146087646484 23.50834083557129 180.75535583496094 
v -134.2141571044922 23.50834083557129 159.93429565429688 
v -159.9342803955078 23.50834083557129 134.21417236328125 
v -180.75534057617188 23.50834083557129 104.41148376464844 
v -196.06494140625 23.50834083557129 71.34274291992188 
v -205.65895080566406 23.50834083557129 36.23272705078125 
v -208.7208709716797 23.50834083557129 0.10207200050354004 
v -205.65895080566406 23.50834083557129 -36.23271179199219 
v -196.06494140625 23.50834083557129 -71.34272766113281 
v -180.75534057617188 23.50834083557129 -104.41146087646484 
v -159.9342803955078 23.50834083557129 -134.2141571044922 
v -134.2141571044922 23.50834083557129 -159.9342803955078 
v -104.41146087646484 23.50834083557129 -180.75534057617188 
v -71.34272766113281 23.50834083557129 -196.06494140625 
v -36.23271179199219 23.50834083557129 -205.65895080566406 
v 0.10207200050354004 23.50834083557129 -208.7208709716797 
v 36.23272705078125 23.50834083557129 -205.65895080566406 
v 71.34274291992188 23.50834083557129 -196.06494140625 
v 104.41148376464844 23.50834083557129 -180.75534057617188 
v 134.21417236328125 23.50834083557129 -159.9342803955078 
v 159.93429565429688 23.50834083557129 -134.2141571044922 
v 180.75535583496094 23.50834083557129 -104.41146087646484 
v 196.06495666503906 23.50834083557129 -71.34272766113281 
v 205.65896606445312 23.50834083557129 -36.23271179199219 
v 208.72088623046875 23.50834083557129 0.10207200050354004 
v 71.13861846923828 24.53044319152832 195.6566925048828 
v 36.23272705078125 24.53044319152832 205.0465850830078 
v 0.10207200050354004 24.53044319152832 208.31263732910156 
v -36.23271179199219 24.53044319152832 205.0465850830078 
v -71.13860321044922 24.53044319152832 195.6566925048828 
v -104.20733642578125 24.53044319152832 180.3470916748047 
v -133.80589294433594 24.53044319152832 159.5260467529297 
v -159.52603149414062 24.53044319152832 133.805908203125 
v -180.34707641601562 24.53044319152832 104.20735168457031 
v -195.65667724609375 24.53044319152832 71.13861846923828 
v -205.04656982421875 24.53044319152832 36.23272705078125 
v -208.3126220703125 24.53044319152832 0.10207200050354004 
v -205.04656982421875 24.53044319152832 -36.23271179199219 
v -195.65667724609375 24.53044319152832 -71.13860321044922 
v -180.34707641601562 24.53044319152832 -104.20733642578125 
v -159.52603149414062 24.53044319152832 -133.80589294433594 
v -133.80589294433594 24.53044319152832 -159.52603149414062 
v -104.20733642578125 24.53044319152832 -180.34707641601562 
v -71.13860321044922 24.53044319152832 -195.65667724609375 
v -36.23271179199219 24.53044319152832 -205.04656982421875 
v 0.10207200050354004 24.53044319152832 -208.3126220703125 
v 36.23272705078125 24.53044319152832 -205.04656982421875 
v 71.13861846923828 24.53044319152832 -195.65667724609375 
v 104.20735168457031 24.53044319152832 -180.34707641601562 
v 133.805908203125 24.53044319152832 -159.52603149414062 
v 159.5260467529297 24.53044319152832 -133.80589294433594 
v 180.3470916748047 24.53044319152832 -104.20733642578125 
v 195.6566925048828 24.53044319152832 -71.13860321044922 
v 205.0465850830078 24.53044319152832 -36.23271179199219 
v 208.31263732910156 24.53044319152832 0.10207200050354004 
v 36.02859878540039 25.32541275024414 204.23007202148438 
v 0.10207200050354004 25.32541275024414 207.49612426757812 
v -36.02858352661133 25.32541275024414 204.23007202148438 
v -70.9344711303711 25.32541275024414 194.84017944335938 
v -103.79907989501953 25.32541275024414 179.73471069335938 
v -133.39764404296875 25.32541275024414 158.9136505126953 
v -158.91363525390625 25.32541275024414 133.3976593017578 
v -179.7346954345703 25.32541275024414 103.7990951538086 
v -194.8401641845703 25.32541275024414 70.93448638916016 
v -204.2300567626953 25.32541275024414 36.02859878540039 
v -207.49610900878906 25.32541275024414 0.10207200050354004 
v -204.2300567626953 25.32541275024414 -36.02858352661133 
v -194.8401641845703 25.32541275024414 -70.9344711303711 
v -179.7346954345703 25.32541275024414 -103.79907989501953 
v -158.91363525390625 25.32541275024414 -133.39764404296875 
v -133.39764404296875 25.32541275024414 -158.91363525390625 
v -103.79907989501953 25.32541275024414 -179.7346954345703 
v -70.9344711303711 25.32541275024414 -194.8401641845703 
v -36.02858352661133 25.32541275024414 -204.2300567626953 
v 0.10207200050354004 25.32541275024414 -207.49610900878906 
v 36.02859878540039 25.32541275024414 -204.2300567626953 
v 70.93448638916016 25.32541275024414 -194.8401641845703 
v 103.7990951538086 25.32541275024414 -179.7346954345703 
v 133.3976593017578 25.32541275024414 -158.91363525390625 
v 158.9136505126953 25.32541275024414 -133.39764404296875 
v 179.73471069335938 25.32541275024414 -103.79907989501953 
v 194.84017944335938 25.32541275024414 -70.9344711303711 
v 204.23007202148438 25.32541275024414 -36.02858352661133 
v 207.49612426757812 25.32541275024414 0.10207200050354004 
v 0.10207200050354004 25.779680252075195 206.47547912597656 
v -35.82445526123047 25.779680252075195 203.2094268798828 
v -70.52621459960938 25.779680252075195 194.02366638183594 
v -103.18669891357422 25.779680252075195 178.7140655517578 
v -132.5811309814453 25.779680252075195 158.09713745117188 
v -158.0971221923828 25.779680252075195 132.58114624023438 
v -178.71405029296875 25.779680252075195 103.18671417236328 
v -194.02365112304688 25.779680252075195 70.52622985839844 
v -203.20941162109375 25.779680252075195 35.82447052001953 
v -206.4754638671875 25.779680252075195 0.10207200050354004 
v -203.20941162109375 25.779680252075195 -35.82445526123047 
v -194.02365112304688 25.779680252075195 -70.52621459960938 
v -178.71405029296875 25.779680252075195 -103.18669891357422 
v -158.0971221923828 25.779680252075195 -132.5811309814453 
v -132.5811309814453 25.779680252075195 -158.0971221923828 
v -103.18669891357422 25.779680252075195 -178.71405029296875 
v -70.52621459960938 25.779680252075195 -194.02365112304688 
v -35.82445526123047 25.779680252075195 -203.20941162109375 
v 0.10207200050354004 25.779680252075195 -206.4754638671875 
v 35.82447052001953 25.779680252075195 -203.20941162109375 
v 70.52622985839844 25.779680252075195 -194.02365112304688 
v 103.18671417236328 25.779680252075195 -178.71405029296875 
v 132.58114624023438 25.779680252075195 -158.0971221923828 
v 158.09713745117188 25.779680252075195 -132.5811309814453 
v 178.7140655517578 25.779680252075195 -103.18669891357422 
v 194.02366638183594 25.779680252075195 -70.52621459960938 
v 203.2094268798828 25.779680252075195 -35.82445526123047 
v 206.47547912597656 25.779680252075195 0.10207200050354004 
v -35.62032699584961 26.00681495666504 202.1887969970703 
v -70.11795806884766 26.00681495666504 192.7989044189453 
v -102.57431030273438 26.00681495666504 177.6934356689453 
v -131.96875 26.00681495666504 157.28062438964844 
v -157.28060913085938 26.00681495666504 131.96876525878906 
v -177.69342041015625 26.00681495666504 102.57432556152344 
v -192.79888916015625 26.00681495666504 70.11797332763672 
v -202.18878173828125 26.00681495666504 35.62034225463867 
v -205.25070190429688 26.00681495666504 0.10207200050354004 
v -202.18878173828125 26.00681495666504 -35.62032699584961 
v -192.79888916015625 26.00681495666504 -70.11795806884766 
v -177.69342041015625 26.00681495666504 -102.57431030273438 
v -157.28060913085938 26.00681495666504 -131.96875 
v -131.96875 26.00681495666504 -157.28060913085938 
v -102.57431030273438 26.00681495666504 -177.69342041015625 
v -70.11795806884766 26.00681495666504 -192.79888916015625 
v -35.62032699584961 26.00681495666504 -202.18878173828125 
v 0.10207200050354004 26.00681495666504 -205.25070190429688 
v 35.62034225463867 26.00681495666504 -202.18878173828125 
v 70.11797332763672 26.00681495666504 -192.79888916015625 
v 102.57432556152344 26.00681495666504 -177.69342041015625 
v 131.96876525878906 26.00681495666504 -157.28060913085938 
v 157.28062438964844 26.00681495666504 -131.96875 
v 177.6934356689453 26.00681495666504 -102.57431030273438 
v 192.7989044189453 26.00681495666504 -70.11795806884766 
v 202.1887969970703 26.00681495666504 -35.62032699584961 
v 205.25071716308594 26.00681495666504 0.10207200050354004 
v 0.10207200050354004 26.00681495666504 205.25071716308594 
v 35.82447052001953 25.779680252075195 203.2094268798828 
v 35.62034225463867 26.00681495666504 202.1887969970703 
v 70.52622985839844 25.779680252075195 194.02366638183594 
v 70.11797332763672 26.00681495666504 192.7989044189453 
v 103.18671417236328 25.779680252075195 178.7140655517578 
v 102.57432556152344 26.00681495666504 177.6934356689453 
v 132.58114624023438 25.779680252075195 158.09713745117188 
v 131.96876525878906 26.00681495666504 157.28062438964844 
v 158.09713745117188 25.779680252075195 132.58114624023438 
v 157.28062438964844 26.00681495666504 131.96876525878906 
v 178.7140655517578 25.779680252075195 103.18671417236328 
v 177.6934356689453 26.00681495666504 102.57432556152344 
v 194.02366638183594 25.779680252075195 70.52622985839844 
v 192.7989044189453 26.00681495666504 70.11797332763672 
v 203.2094268798828 25.779680252075195 35.82447052001953 
v 202.1887969970703 26.00681495666504 35.62034225463867 
v 206.47547912597656 25.779680252075195 0.10207200050354004 
v 205.25071716308594 26.00681495666504 0.10207200050354004 
v 70.93448638916016 25.32541275024414 194.84017944335938 
v 103.7990951538086 25.32541275024414 179.73471069335938 
v 133.3976593017578 25.32541275024414 158.9136505126953 
v 158.9136505126953 25.32541275024414 133.3976593017578 
v 179.73471069335938 25.32541275024414 103.7990951538086 
v 194.84017944335938 25.32541275024414 70.93448638916016 
v 204.23007202148438 25.32541275024414 36.02859878540039 
v 207.49612426757812 25.32541275024414 0.10207200050354004 
v 104.20735168457031 24.53044319152832 180.3470916748047 
v 133.805908203125 24.53044319152832 159.5260467529297 
v 159.5260467529297 24.53044319152832 133.805908203125 
v 180.3470916748047 24.53044319152832 104.20735168457031 
v 195.6566925048828 24.53044319152832 71.13861846923828 
v 205.0465850830078 24.53044319152832 36.23272705078125 
v 208.31263732910156 24.53044319152832 0.10207200050354004 
v 134.21417236328125 23.50834083557129 159.93429565429688 
v 159.93429565429688 23.50834083557129 134.21417236328125 
v 180.75535583496094 23.50834083557129 104.41148376464844 
v 196.06495666503906 23.50834083557129 71.34274291992188 
v 205.65896606445312 23.50834083557129 36.23272705078125 
v 208.72088623046875 23.50834083557129 0.10207200050354004 
v 160.138427734375 22.372671127319336 134.21417236328125 
v 180.95947265625 22.372671127319336 104.41148376464844 
v 196.26907348632812 22.372671127319336 71.546875 
v 205.65896606445312 22.372671127319336 36.23272705078125 
v 208.92501831054688 22.372671127319336 0.10207200050354004 
v 180.95947265625 -9.539655685424805 104.41148376464844 
v 196.26907348632812 -9.539655685424805 71.546875 
v 205.65896606445312 -9.539655685424805 36.23272705078125 
v 208.92501831054688 -9.539655685424805 0.10207200050354004 
v 196.06495666503906 -10.675326347351074 71.34274291992188 
v 205.65896606445312 -10.675326347351074 36.23272705078125 
v 208.72088623046875 -10.675326347351074 0.10207200050354004 
v 205.0465850830078 -11.697428703308105 36.23272705078125 
v 208.31263732910156 -11.697428703308105 0.10207200050354004 
v 207.49612426757812 -12.492398262023926 0.10207200050354004 
v 0.10207200050354004 219.2978515625 0.10207200050354004 
v 13.778648376464844 219.2978515625 16.43231201171875 
v 16.43231201171875 219.2978515625 13.778648376464844 
v 17.657079696655273 219.07070922851562 14.799287796020508 
v 14.799287796020508 219.07070922851562 17.657079696655273 
v 18.881847381591797 218.38931274414062 15.819928169250488 
v 15.819928169250488 218.38931274414062 18.881847381591797 
v 19.494232177734375 217.36720275878906 16.43231201171875 
v 16.43231201171875 217.36720275878906 19.494232177734375 
v 19.494232177734375 74.84062194824219 16.43231201171875 
v 16.43231201171875 74.84062194824219 19.494232177734375 
v 20.31074333190918 74.27278900146484 17.044696807861328 
v 17.044696807861328 74.27278900146484 20.31074333190918 
v 37.457496643066406 60.53118133544922 31.333656311035156 
v 31.333656311035156 60.53118133544922 37.457496643066406 
v 38.274009704589844 60.41761779785156 32.150169372558594 
v 32.150169372558594 60.41761779785156 38.274009704589844 
v 0.10207200050354004 219.2978515625 0.10207200050354004 
v -18.677703857421875 219.2978515625 -10.71671199798584 
v -20.106599807739258 219.2978515625 -7.450664043426514 
v -21.53549575805664 219.07070922851562 -7.858920097351074 
v -19.9024715423584 219.07070922851562 -11.533224105834961 
v -22.964391708374023 218.38931274414062 -8.471303939819336 
v -21.33136749267578 218.38931274414062 -12.349736213684082 
v -23.985031127929688 217.36720275878906 -8.675432205200195 
v -22.14788055419922 217.36720275878906 -12.757991790771484 
v -23.985031127929688 74.84062194824219 -8.675432205200195 
v -22.14788055419922 74.84062194824219 -12.757991790771484 
v -25.005672454833984 74.27278900146484 -9.083687782287598 
v -22.964391708374023 74.27278900146484 -13.370375633239746 
v -45.82672882080078 60.53118133544922 -16.636423110961914 
v -42.35655212402344 60.53118133544922 -24.393287658691406 
v -46.84736633300781 60.41761779785156 -17.044679641723633 
v -43.173065185546875 60.41761779785156 -25.005672454833984 
v 0.10207200050354004 219.2978515625 0.10207200050354004 
v -20.106599807739258 219.2978515625 -7.450664043426514 
v -21.127239227294922 219.2978515625 -3.776360034942627 
v -22.556135177612305 219.07070922851562 -3.9804880619049072 
v -21.53549575805664 219.07070922851562 -7.858920097351074 
v -24.189159393310547 218.38931274414062 -4.1846160888671875 
v -22.964391708374023 218.38931274414062 -8.471303939819336 
v -25.209800720214844 217.36720275878906 -4.388743877410889 
v -23.985031127929688 217.36720275878906 -8.675432205200195 
v -25.209800720214844 74.84062194824219 -4.388743877410889 
v -23.985031127929688 74.84062194824219 -8.675432205200195 
v -26.230440139770508 74.27278900146484 -4.592872142791748 
v -25.005672454833984 74.27278900146484 -9.083687782287598 
v -48.07213592529297 60.53118133544922 -8.471303939819336 
v -45.82672882080078 60.53118133544922 -16.636423110961914 
v -49.092777252197266 60.41761779785156 -8.675432205200195 
v -46.84736633300781 60.41761779785156 -17.044679641723633 
v 0.10207200050354004 219.2978515625 0.10207200050354004 
v 7.450679779052734 219.2978515625 -20.106599807739258 
v 3.7763760089874268 219.2978515625 -21.127239227294922 
v 3.980504035949707 219.07070922851562 -22.556135177612305 
v 7.858935832977295 219.07070922851562 -21.53549575805664 
v 4.184631824493408 218.38931274414062 -24.189159393310547 
v 8.471320152282715 218.38931274414062 -22.964391708374023 
v 4.388760089874268 217.36720275878906 -25.209800720214844 
v 8.675448417663574 217.36720275878906 -23.985031127929688 
v 4.388760089874268 74.84062194824219 -25.209800720214844 
v 8.675448417663574 74.84062194824219 -23.985031127929688 
v 4.592887878417969 74.27278900146484 -26.230440139770508 
v 9.083703994750977 74.27278900146484 -25.005672454833984 
v 8.471320152282715 60.53118133544922 -48.07213592529297 
v 16.63644027709961 60.53118133544922 -45.82672882080078 
v 8.675448417663574 60.41761779785156 -49.092777252197266 
v 17.044696807861328 60.41761779785156 -46.84736633300781 
v 0.10207200050354004 219.2978515625 0.10207200050354004 
v 21.127256393432617 219.2978515625 3.7763760089874268 
v 21.535512924194336 219.2978515625 0.10207200050354004 
v 22.96440887451172 219.07070922851562 0.10207200050354004 
v 22.55615234375 219.07070922851562 3.980504035949707 
v 24.597431182861328 218.38931274414062 0.10207200050354004 
v 24.189176559448242 218.38931274414062 4.184631824493408 
v 25.618072509765625 217.36720275878906 0.10207200050354004 
v 25.209815979003906 217.36720275878906 4.388760089874268 
v 25.618072509765625 74.84062194824219 0.10207200050354004 
v 25.209815979003906 74.84062194824219 4.388760089874268 
v 26.63871192932129 74.27278900146484 0.10207200050354004 
v 26.23045539855957 74.27278900146484 4.592887878417969 
v 48.88866424560547 60.53118133544922 0.10207200050354004 
v 48.07215118408203 60.53118133544922 8.471320152282715 
v 49.909305572509766 60.41761779785156 0.10207200050354004 
v 49.09279251098633 60.41761779785156 8.675448417663574 
v 0.10207200050354004 219.2978515625 0.10207200050354004 
v -21.53549575805664 219.2978515625 0.10207200050354004 
v -21.127239227294922 219.2978515625 3.7763760089874268 
v -22.556135177612305 219.07070922851562 3.980504035949707 
v -22.964391708374023 219.07070922851562 0.10207200050354004 
v -24.189159393310547 218.38931274414062 4.184631824493408 
v -24.597415924072266 218.38931274414062 0.10207200050354004 
v -25.209800720214844 217.36720275878906 4.388760089874268 
v -25.61805534362793 217.36720275878906 0.10207200050354004 
v -25.209800720214844 74.84062194824219 4.388760089874268 
v -25.61805534362793 74.84062194824219 0.10207200050354004 
v -26.230440139770508 74.27278900146484 4.592887878417969 
v -26.638696670532227 74.27278900146484 0.10207200050354004 
v -48.07213592529297 60.53118133544922 8.471320152282715 
v -48.888648986816406 60.53118133544922 0.10207200050354004 
v -49.092777252197266 60.41761779785156 8.675448417663574 
v -49.90928649902344 60.41761779785156 0.10207200050354004 
v 0.10207200050354004 219.2978515625 0.10207200050354004 
v -21.127239227294922 219.2978515625 3.7763760089874268 
v -20.106599807739258 219.2978515625 7.450679779052734 
v -21.53549575805664 219.07070922851562 7.858935832977295 
v -22.556135177612305 219.07070922851562 3.980504035949707 
v -22.964391708374023 218.38931274414062 8.471320152282715 
v -24.189159393310547 218.38931274414062 4.184631824493408 
v -23.985031127929688 217.36720275878906 8.675448417663574 
v -25.209800720214844 217.36720275878906 4.388760089874268 
v -23.985031127929688 74.84062194824219 8.675448417663574 
v -25.209800720214844 74.84062194824219 4.388760089874268 
v -25.005672454833984 74.27278900146484 9.083703994750977 
v -26.230440139770508 74.27278900146484 4.592887878417969 
v -45.82672882080078 60.53118133544922 16.63644027709961 
v -48.07213592529297 60.53118133544922 8.471320152282715 
v -46.84736633300781 60.41761779785156 17.044696807861328 
v -49.092777252197266 60.41761779785156 8.675448417663574 
v 0.10207200050354004 219.2978515625 0.10207200050354004 
v -20.106599807739258 219.2978515625 7.450679779052734 
v -18.677703857421875 219.2978515625 10.716728210449219 
v -19.9024715423584 219.07070922851562 11.53324031829834 
v -21.53549575805664 219.07070922851562 7.858935832977295 
v -21.33136749267578 218.38931274414062 12.349752426147461 
v -22.964391708374023 218.38931274414062 8.471320152282715 
v -22.14788055419922 217.36720275878906 12.758008003234863 
v -23.985031127929688 217.36720275878906 8.675448417663574 
v -22.14788055419922 74.84062194824219 12.758008003234863 
v -23.985031127929688 74.84062194824219 8.675448417663574 
v -22.964391708374023 74.27278900146484 13.370391845703125 
v -25.005672454833984 74.27278900146484 9.083703994750977 
v -42.35655212402344 60.53118133544922 24.3933048248291 
v -45.82672882080078 60.53118133544922 16.63644027709961 
v -43.173065185546875 60.41761779785156 25.005687713623047 
v -46.84736633300781 60.41761779785156 17.044696807861328 
v 0.10207200050354004 219.2978515625 0.10207200050354004 
v -18.677703857421875 219.2978515625 10.716728210449219 
v -16.432296752929688 219.2978515625 13.778648376464844 
v -17.65706443786621 219.07070922851562 14.799287796020508 
v -19.9024715423584 219.07070922851562 11.53324031829834 
v -18.881832122802734 218.38931274414062 15.819928169250488 
v -21.33136749267578 218.38931274414062 12.349752426147461 
v -19.494216918945312 217.36720275878906 16.43231201171875 
v -22.14788055419922 217.36720275878906 12.758008003234863 
v -19.494216918945312 74.84062194824219 16.43231201171875 
v -22.14788055419922 74.84062194824219 12.758008003234863 
v -20.310728073120117 74.27278900146484 17.044696807861328 
v -22.964391708374023 74.27278900146484 13.370391845703125 
v -37.457481384277344 60.53118133544922 31.333656311035156 
v -42.35655212402344 60.53118133544922 24.3933048248291 
v -38.273990631103516 60.41761779785156 32.150169372558594 
v -43.173065185546875 60.41761779785156 25.005687713623047 
v -38.273990631103516 60.41761779785156 -32.150150299072266 
v -43.173065185546875 60.41761779785156 -25.005672454833984 
v -37.457481384277344 60.53118133544922 -31.33363914489746 
v -42.35655212402344 60.53118133544922 -24.393287658691406 
v -20.310728073120117 74.27278900146484 -17.044679641723633 
v -22.964391708374023 74.27278900146484 -13.370375633239746 
v -19.494216918945312 74.84062194824219 -16.432296752929688 
v -22.14788055419922 74.84062194824219 -12.757991790771484 
v -19.494216918945312 217.36720275878906 -16.432296752929688 
v -22.14788055419922 217.36720275878906 -12.757991790771484 
v -18.881832122802734 218.38931274414062 -15.81991195678711 
v -21.33136749267578 218.38931274414062 -12.349736213684082 
v -17.65706443786621 219.07070922851562 -14.799271583557129 
v -19.9024715423584 219.07070922851562 -11.533224105834961 
v -16.432296752929688 219.2978515625 -13.778632164001465 
v -18.677703857421875 219.2978515625 -10.71671199798584 
v 0.10207200050354004 219.2978515625 0.10207200050354004 
v 0.10207200050354004 219.2978515625 0.10207200050354004 
v -16.432296752929688 219.2978515625 13.778648376464844 
v -13.778632164001465 219.2978515625 16.43231201171875 
v -14.799271583557129 219.07070922851562 17.657079696655273 
v -17.65706443786621 219.07070922851562 14.799287796020508 
v -15.81991195678711 218.38931274414062 18.881847381591797 
v -18.881832122802734 218.38931274414062 15.819928169250488 
v -16.432296752929688 217.36720275878906 19.494232177734375 
v -19.494216918945312 217.36720275878906 16.43231201171875 
v -16.432296752929688 74.84062194824219 19.494232177734375 
v -19.494216918945312 74.84062194824219 16.43231201171875 
v -17.044679641723633 74.27278900146484 20.31074333190918 
v -20.310728073120117 74.27278900146484 17.044696807861328 
v -31.33363914489746 60.53118133544922 37.457496643066406 
v -37.457481384277344 60.53118133544922 31.333656311035156 
v -32.150150299072266 60.41761779785156 38.274009704589844 
v -38.273990631103516 60.41761779785156 32.150169372558594 
v -8.675432205200195 60.41761779785156 49.09279251098633 
v 0.10207200050354004 60.41761779785156 49.909305572509766 
v -8.471303939819336 60.53118133544922 48.07215118408203 
v 0.10207200050354004 60.53118133544922 48.88866424560547 
v -4.592872142791748 74.27278900146484 26.23045539855957 
v 0.10207200050354004 74.27278900146484 26.63871192932129 
v -4.388743877410889 74.84062194824219 25.209815979003906 
v 0.10207200050354004 74.84062194824219 25.618072509765625 
v -4.388743877410889 217.36720275878906 25.209815979003906 
v 0.10207200050354004 217.36720275878906 25.618072509765625 
v -4.1846160888671875 218.38931274414062 24.189176559448242 
v 0.10207200050354004 218.38931274414062 24.597431182861328 
v -3.9804880619049072 219.07070922851562 22.55615234375 
v 0.10207200050354004 219.07070922851562 22.96440887451172 
v -3.776360034942627 219.2978515625 21.127256393432617 
v 0.10207200050354004 219.2978515625 21.535512924194336 
v 0.10207200050354004 219.2978515625 0.10207200050354004 
v 0.10207200050354004 60.41761779785156 -49.90928649902344 
v -8.675432205200195 60.41761779785156 -49.092777252197266 
v 0.10207200050354004 60.53118133544922 -48.888648986816406 
v -8.471303939819336 60.53118133544922 -48.07213592529297 
v 0.10207200050354004 74.27278900146484 -26.638696670532227 
v -4.592872142791748 74.27278900146484 -26.230440139770508 
v 0.10207200050354004 74.84062194824219 -25.61805534362793 
v -4.388743877410889 74.84062194824219 -25.209800720214844 
v 0.10207200050354004 217.36720275878906 -25.61805534362793 
v -4.388743877410889 217.36720275878906 -25.209800720214844 
v 0.10207200050354004 218.38931274414062 -24.597415924072266 
v -4.1846160888671875 218.38931274414062 -24.189159393310547 
v 0.10207200050354004 219.07070922851562 -22.964391708374023 
v -3.9804880619049072 219.07070922851562 -22.556135177612305 
v 0.10207200050354004 219.2978515625 -21.53549575805664 
v -3.776360034942627 219.2978515625 -21.127239227294922 
v 0.10207200050354004 219.2978515625 0.10207200050354004 
v 43.17308044433594 60.41761779785156 -25.005672454833984 
v 38.274009704589844 60.41761779785156 -32.150150299072266 
v 42.3565673828125 60.53118133544922 -24.393287658691406 
v 37.457496643066406 60.53118133544922 -31.33363914489746 
v 22.96440887451172 74.27278900146484 -13.370375633239746 
v 20.31074333190918 74.27278900146484 -17.044679641723633 
v 22.14789581298828 74.84062194824219 -12.757991790771484 
v 19.494232177734375 74.84062194824219 -16.432296752929688 
v 22.14789581298828 217.36720275878906 -12.757991790771484 
v 19.494232177734375 217.36720275878906 -16.432296752929688 
v 21.331384658813477 218.38931274414062 -12.349736213684082 
v 18.881847381591797 218.38931274414062 -15.81991195678711 
v 19.902488708496094 219.07070922851562 -11.533224105834961 
v 17.657079696655273 219.07070922851562 -14.799271583557129 
v 18.677719116210938 219.2978515625 -10.71671199798584 
v 16.43231201171875 219.2978515625 -13.778632164001465 
v 0.10207200050354004 219.2978515625 0.10207200050354004 
v 0.10207200050354004 219.2978515625 0.10207200050354004 
v 21.127256393432617 219.2978515625 -3.776360034942627 
v 20.10661506652832 219.2978515625 -7.450664043426514 
v 21.535512924194336 219.07070922851562 -7.858920097351074 
v 22.55615234375 219.07070922851562 -3.9804880619049072 
v 22.96440887451172 218.38931274414062 -8.471303939819336 
v 24.189176559448242 218.38931274414062 -4.1846160888671875 
v 23.985048294067383 217.36720275878906 -8.675432205200195 
v 25.209815979003906 217.36720275878906 -4.388743877410889 
v 23.985048294067383 74.84062194824219 -8.675432205200195 
v 25.209815979003906 74.84062194824219 -4.388743877410889 
v 25.005687713623047 74.27278900146484 -9.083687782287598 
v 26.23045539855957 74.27278900146484 -4.592872142791748 
v 45.826744079589844 60.53118133544922 -16.636423110961914 
v 48.07215118408203 60.53118133544922 -8.471303939819336 
v 46.84738540649414 60.41761779785156 -17.044679641723633 
v 49.09279251098633 60.41761779785156 -8.675432205200195 
v -17.044679641723633 60.41761779785156 46.84738540649414 
v -8.675432205200195 60.41761779785156 49.09279251098633 
v -16.636423110961914 60.53118133544922 45.826744079589844 
v -8.471303939819336 60.53118133544922 48.07215118408203 
v -9.083687782287598 74.27278900146484 25.005687713623047 
v -4.592872142791748 74.27278900146484 26.23045539855957 
v -8.675432205200195 74.84062194824219 23.985048294067383 
v -4.388743877410889 74.84062194824219 25.209815979003906 
v -8.675432205200195 217.36720275878906 23.985048294067383 
v -4.388743877410889 217.36720275878906 25.209815979003906 
v -8.471303939819336 218.38931274414062 22.96440887451172 
v -4.1846160888671875 218.38931274414062 24.189176559448242 
v -7.858920097351074 219.07070922851562 21.535512924194336 
v -3.9804880619049072 219.07070922851562 22.55615234375 
v -7.450664043426514 219.2978515625 20.10661506652832 
v -3.776360034942627 219.2978515625 21.127256393432617 
v 0.10207200050354004 219.2978515625 0.10207200050354004 
v 0.10207200050354004 219.2978515625 0.10207200050354004 
v -10.71671199798584 219.2978515625 18.677719116210938 
v -7.450664043426514 219.2978515625 20.10661506652832 
v -7.858920097351074 219.07070922851562 21.535512924194336 
v -11.533224105834961 219.07070922851562 19.902488708496094 
v -8.471303939819336 218.38931274414062 22.96440887451172 
v -12.349736213684082 218.38931274414062 21.331384658813477 
v -8.675432205200195 217.36720275878906 23.985048294067383 
v -12.757991790771484 217.36720275878906 22.14789581298828 
v -8.675432205200195 74.84062194824219 23.985048294067383 
v -12.757991790771484 74.84062194824219 22.14789581298828 
v -9.083687782287598 74.27278900146484 25.005687713623047 
v -13.370375633239746 74.27278900146484 22.96440887451172 
v -16.636423110961914 60.53118133544922 45.826744079589844 
v -24.393287658691406 60.53118133544922 42.3565673828125 
v -17.044679641723633 60.41761779785156 46.84738540649414 
v -25.005672454833984 60.41761779785156 43.17308044433594 
v 0.10207200050354004 219.2978515625 0.10207200050354004 
v 13.778648376464844 219.2978515625 -16.432296752929688 
v 10.716728210449219 219.2978515625 -18.677703857421875 
v 11.53324031829834 219.07070922851562 -19.9024715423584 
v 14.799287796020508 219.07070922851562 -17.65706443786621 
v 12.349752426147461 218.38931274414062 -21.33136749267578 
v 15.819928169250488 218.38931274414062 -18.881832122802734 
v 12.758008003234863 217.36720275878906 -22.14788055419922 
v 16.43231201171875 217.36720275878906 -19.494216918945312 
v 12.758008003234863 74.84062194824219 -22.14788055419922 
v 16.43231201171875 74.84062194824219 -19.494216918945312 
v 13.370391845703125 74.27278900146484 -22.964391708374023 
v 17.044696807861328 74.27278900146484 -20.310728073120117 
v 24.3933048248291 60.53118133544922 -42.35655212402344 
v 31.333656311035156 60.53118133544922 -37.457481384277344 
v 25.005687713623047 60.41761779785156 -43.173065185546875 
v 32.150169372558594 60.41761779785156 -38.273990631103516 
v 46.84738540649414 60.41761779785156 17.044696807861328 
v 49.09279251098633 60.41761779785156 8.675448417663574 
v 45.826744079589844 60.53118133544922 16.63644027709961 
v 48.07215118408203 60.53118133544922 8.471320152282715 
v 25.005687713623047 74.27278900146484 9.083703994750977 
v 26.23045539855957 74.27278900146484 4.592887878417969 
v 23.985048294067383 74.84062194824219 8.675448417663574 
v 25.209815979003906 74.84062194824219 4.388760089874268 
v 23.985048294067383 217.36720275878906 8.675448417663574 
v 25.209815979003906 217.36720275878906 4.388760089874268 
v 22.96440887451172 218.38931274414062 8.471320152282715 
v 24.189176559448242 218.38931274414062 4.184631824493408 
v 21.535512924194336 219.07070922851562 7.858935832977295 
v 22.55615234375 219.07070922851562 3.980504035949707 
v 20.10661506652832 219.2978515625 7.450679779052734 
v 21.127256393432617 219.2978515625 3.7763760089874268 
v 0.10207200050354004 219.2978515625 0.10207200050354004 
v 46.84738540649414 60.41761779785156 -17.044679641723633 
v 43.17308044433594 60.41761779785156 -25.005672454833984 
v 45.826744079589844 60.53118133544922 -16.636423110961914 
v 42.3565673828125 60.53118133544922 -24.393287658691406 
v 25.005687713623047 74.27278900146484 -9.083687782287598 
v 22.96440887451172 74.27278900146484 -13.370375633239746 
v 23.985048294067383 74.84062194824219 -8.675432205200195 
v 22.14789581298828 74.84062194824219 -12.757991790771484 
v 23.985048294067383 217.36720275878906 -8.675432205200195 
v 22.14789581298828 217.36720275878906 -12.757991790771484 
v 22.96440887451172 218.38931274414062 -8.471303939819336 
v 21.331384658813477 218.38931274414062 -12.349736213684082 
v 21.535512924194336 219.07070922851562 -7.858920097351074 
v 19.902488708496094 219.07070922851562 -11.533224105834961 
v 20.10661506652832 219.2978515625 -7.450664043426514 
v 18.677719116210938 219.2978515625 -10.71671199798584 
v 0.10207200050354004 219.2978515625 0.10207200050354004 
v 49.909305572509766 60.41761779785156 0.10207200050354004 
v 49.09279251098633 60.41761779785156 -8.675432205200195 
v 48.88866424560547 60.53118133544922 0.10207200050354004 
v 48.07215118408203 60.53118133544922 -8.471303939819336 
v 26.63871192932129 74.27278900146484 0.10207200050354004 
v 26.23045539855957 74.27278900146484 -4.592872142791748 
v 25.618072509765625 74.84062194824219 0.10207200050354004 
v 25.209815979003906 74.84062194824219 -4.388743877410889 
v 25.618072509765625 217.36720275878906 0.10207200050354004 
v 25.209815979003906 217.36720275878906 -4.388743877410889 
v 24.597431182861328 218.38931274414062 0.10207200050354004 
v 24.189176559448242 218.38931274414062 -4.1846160888671875 
v 22.96440887451172 219.07070922851562 0.10207200050354004 
v 22.55615234375 219.07070922851562 -3.9804880619049072 
v 21.535512924194336 219.2978515625 0.10207200050354004 
v 21.127256393432617 219.2978515625 -3.776360034942627 
v 0.10207200050354004 219.2978515625 0.10207200050354004 
v 25.005687713623047 60.41761779785156 -43.173065185546875 
v 17.044696807861328 60.41761779785156 -46.84736633300781 
v 24.3933048248291 60.53118133544922 -42.35655212402344 
v 16.63644027709961 60.53118133544922 -45.82672882080078 
v 13.370391845703125 74.27278900146484 -22.964391708374023 
v 9.083703994750977 74.27278900146484 -25.005672454833984 
v 12.758008003234863 74.84062194824219 -22.14788055419922 
v 8.675448417663574 74.84062194824219 -23.985031127929688 
v 12.758008003234863 217.36720275878906 -22.14788055419922 
v 8.675448417663574 217.36720275878906 -23.985031127929688 
v 12.349752426147461 218.38931274414062 -21.33136749267578 
v 8.471320152282715 218.38931274414062 -22.964391708374023 
v 11.53324031829834 219.07070922851562 -19.9024715423584 
v 7.858935832977295 219.07070922851562 -21.53549575805664 
v 10.716728210449219 219.2978515625 -18.677703857421875 
v 7.450679779052734 219.2978515625 -20.106599807739258 
v 0.10207200050354004 219.2978515625 0.10207200050354004 
v 8.675448417663574 60.41761779785156 -49.092777252197266 
v 0.10207200050354004 60.41761779785156 -49.90928649902344 
v 8.471320152282715 60.53118133544922 -48.07213592529297 
v 0.10207200050354004 60.53118133544922 -48.888648986816406 
v 4.592887878417969 74.27278900146484 -26.230440139770508 
v 0.10207200050354004 74.27278900146484 -26.638696670532227 
v 4.388760089874268 74.84062194824219 -25.209800720214844 
v 0.10207200050354004 74.84062194824219 -25.61805534362793 
v 4.388760089874268 217.36720275878906 -25.209800720214844 
v 0.10207200050354004 217.36720275878906 -25.61805534362793 
v 4.184631824493408 218.38931274414062 -24.189159393310547 
v 0.10207200050354004 218.38931274414062 -24.597415924072266 
v 3.980504035949707 219.07070922851562 -22.556135177612305 
v 0.10207200050354004 219.07070922851562 -22.964391708374023 
v 3.7763760089874268 219.2978515625 -21.127239227294922 
v 0.10207200050354004 219.2978515625 -21.53549575805664 
v 0.10207200050354004 219.2978515625 0.10207200050354004 
v 43.17308044433594 60.41761779785156 25.005687713623047 
v 46.84738540649414 60.41761779785156 17.044696807861328 
v 42.3565673828125 60.53118133544922 24.3933048248291 
v 45.826744079589844 60.53118133544922 16.63644027709961 
v 22.96440887451172 74.27278900146484 13.370391845703125 
v 25.005687713623047 74.27278900146484 9.083703994750977 
v 22.14789581298828 74.84062194824219 12.758008003234863 
v 23.985048294067383 74.84062194824219 8.675448417663574 
v 22.14789581298828 217.36720275878906 12.758008003234863 
v 23.985048294067383 217.36720275878906 8.675448417663574 
v 21.331384658813477 218.38931274414062 12.349752426147461 
v 22.96440887451172 218.38931274414062 8.471320152282715 
v 19.902488708496094 219.07070922851562 11.53324031829834 
v 21.535512924194336 219.07070922851562 7.858935832977295 
v 18.677719116210938 219.2978515625 10.716728210449219 
v 20.10661506652832 219.2978515625 7.450679779052734 
v 0.10207200050354004 219.2978515625 0.10207200050354004 
v -32.150150299072266 60.41761779785156 38.274009704589844 
v -25.005672454833984 60.41761779785156 43.17308044433594 
v -31.33363914489746 60.53118133544922 37.457496643066406 
v -24.393287658691406 60.53118133544922 42.3565673828125 
v -17.044679641723633 74.27278900146484 20.31074333190918 
v -13.370375633239746 74.27278900146484 22.96440887451172 
v -16.432296752929688 74.84062194824219 19.494232177734375 
v -12.757991790771484 74.84062194824219 22.14789581298828 
v -16.432296752929688 217.36720275878906 19.494232177734375 
v -12.757991790771484 217.36720275878906 22.14789581298828 
v -15.81991195678711 218.38931274414062 18.881847381591797 
v -12.349736213684082 218.38931274414062 21.331384658813477 
v -14.799271583557129 219.07070922851562 17.657079696655273 
v -11.533224105834961 219.07070922851562 19.902488708496094 
v -13.778632164001465 219.2978515625 16.43231201171875 
v -10.71671199798584 219.2978515625 18.677719116210938 
v 0.10207200050354004 219.2978515625 0.10207200050354004 
v 8.675448417663574 60.41761779785156 49.09279251098633 
v 17.044696807861328 60.41761779785156 46.84738540649414 
v 8.471320152282715 60.53118133544922 48.07215118408203 
v 16.63644027709961 60.53118133544922 45.826744079589844 
v 4.592887878417969 74.27278900146484 26.23045539855957 
v 9.083703994750977 74.27278900146484 25.005687713623047 
v 4.388760089874268 74.84062194824219 25.209815979003906 
v 8.675448417663574 74.84062194824219 23.985048294067383 
v 4.388760089874268 217.36720275878906 25.209815979003906 
v 8.675448417663574 217.36720275878906 23.985048294067383 
v 4.184631824493408 218.38931274414062 24.189176559448242 
v 8.471320152282715 218.38931274414062 22.96440887451172 
v 3.980504035949707 219.07070922851562 22.55615234375 
v 7.858935832977295 219.07070922851562 21.535512924194336 
v 3.7763760089874268 219.2978515625 21.127256393432617 
v 7.450679779052734 219.2978515625 20.10661506652832 
v 0.10207200050354004 219.2978515625 0.10207200050354004 
v -17.044679641723633 60.41761779785156 -46.84736633300781 
v -25.005672454833984 60.41761779785156 -43.173065185546875 
v -16.636423110961914 60.53118133544922 -45.82672882080078 
v -24.393287658691406 60.53118133544922 -42.35655212402344 
v -9.083687782287598 74.27278900146484 -25.005672454833984 
v -13.370375633239746 74.27278900146484 -22.964391708374023 
v -8.675432205200195 74.84062194824219 -23.985031127929688 
v -12.757991790771484 74.84062194824219 -22.14788055419922 
v -8.675432205200195 217.36720275878906 -23.985031127929688 
v -12.757991790771484 217.36720275878906 -22.14788055419922 
v -8.471303939819336 218.38931274414062 -22.964391708374023 
v -12.349736213684082 218.38931274414062 -21.33136749267578 
v -7.858920097351074 219.07070922851562 -21.53549575805664 
v -11.533224105834961 219.07070922851562 -19.9024715423584 
v -7.450664043426514 219.2978515625 -20.106599807739258 
v -10.71671199798584 219.2978515625 -18.677703857421875 
v 0.10207200050354004 219.2978515625 0.10207200050354004 
v 17.044696807861328 60.41761779785156 46.84738540649414 
v 25.005687713623047 60.41761779785156 43.17308044433594 
v 16.63644027709961 60.53118133544922 45.826744079589844 
v 24.3933048248291 60.53118133544922 42.3565673828125 
v 9.083703994750977 74.27278900146484 25.005687713623047 
v 13.370391845703125 74.27278900146484 22.96440887451172 
v 8.675448417663574 74.84062194824219 23.985048294067383 
v 12.758008003234863 74.84062194824219 22.14789581298828 
v 8.675448417663574 217.36720275878906 23.985048294067383 
v 12.758008003234863 217.36720275878906 22.14789581298828 
v 8.471320152282715 218.38931274414062 22.96440887451172 
v 12.349752426147461 218.38931274414062 21.331384658813477 
v 7.858935832977295 219.07070922851562 21.535512924194336 
v 11.53324031829834 219.07070922851562 19.902488708496094 
v 7.450679779052734 219.2978515625 20.10661506652832 
v 10.716728210449219 219.2978515625 18.677719116210938 
v 0.10207200050354004 219.2978515625 0.10207200050354004 
v -32.150150299072266 60.41761779785156 -38.273990631103516 
v -38.273990631103516 60.41761779785156 -32.150150299072266 
v -31.33363914489746 60.53118133544922 -37.457481384277344 
v -37.457481384277344 60.53118133544922 -31.33363914489746 
v -17.044679641723633 74.27278900146484 -20.310728073120117 
v -20.310728073120117 74.27278900146484 -17.044679641723633 
v -16.432296752929688 74.84062194824219 -19.494216918945312 
v -19.494216918945312 74.84062194824219 -16.432296752929688 
v -16.432296752929688 217.36720275878906 -19.494216918945312 
v -19.494216918945312 217.36720275878906 -16.432296752929688 
v -15.81991195678711 218.38931274414062 -18.881832122802734 
v -18.881832122802734 218.38931274414062 -15.81991195678711 
v -14.799271583557129 219.07070922851562 -17.65706443786621 
v -17.65706443786621 219.07070922851562 -14.799271583557129 
v -13.778632164001465 219.2978515625 -16.432296752929688 
v -16.432296752929688 219.2978515625 -13.778632164001465 
v 0.10207200050354004 219.2978515625 0.10207200050354004 
v 38.274009704589844 60.41761779785156 -32.150150299072266 
v 32.150169372558594 60.41761779785156 -38.273990631103516 
v 37.457496643066406 60.53118133544922 -31.33363914489746 
v 31.333656311035156 60.53118133544922 -37.457481384277344 
v 20.31074333190918 74.27278900146484 -17.044679641723633 
v 17.044696807861328 74.27278900146484 -20.310728073120117 
v 19.494232177734375 74.84062194824219 -16.432296752929688 
v 16.43231201171875 74.84062194824219 -19.494216918945312 
v 19.494232177734375 217.36720275878906 -16.432296752929688 
v 16.43231201171875 217.36720275878906 -19.494216918945312 
v 18.881847381591797 218.38931274414062 -15.81991195678711 
v 15.819928169250488 218.38931274414062 -18.881832122802734 
v 17.657079696655273 219.07070922851562 -14.799271583557129 
v 14.799287796020508 219.07070922851562 -17.65706443786621 
v 16.43231201171875 219.2978515625 -13.778632164001465 
v 13.778648376464844 219.2978515625 -16.432296752929688 
v 0.10207200050354004 219.2978515625 0.10207200050354004 
v 0.10207200050354004 219.2978515625 0.10207200050354004 
v 16.43231201171875 219.2978515625 13.778648376464844 
v 18.677719116210938 219.2978515625 10.716728210449219 
v 19.902488708496094 219.07070922851562 11.53324031829834 
v 17.657079696655273 219.07070922851562 14.799287796020508 
v 21.331384658813477 218.38931274414062 12.349752426147461 
v 18.881847381591797 218.38931274414062 15.819928169250488 
v 22.14789581298828 217.36720275878906 12.758008003234863 
v 19.494232177734375 217.36720275878906 16.43231201171875 
v 22.14789581298828 74.84062194824219 12.758008003234863 
v 19.494232177734375 74.84062194824219 16.43231201171875 
v 22.96440887451172 74.27278900146484 13.370391845703125 
v 20.31074333190918 74.27278900146484 17.044696807861328 
v 42.3565673828125 60.53118133544922 24.3933048248291 
v 37.457496643066406 60.53118133544922 31.333656311035156 
v 43.17308044433594 60.41761779785156 25.005687713623047 
v 38.274009704589844 60.41761779785156 32.150169372558594 
v 0.10207200050354004 219.2978515625 0.10207200050354004 
v -21.127239227294922 219.2978515625 -3.776360034942627 
v -21.53549575805664 219.2978515625 0.10207200050354004 
v -22.964391708374023 219.07070922851562 0.10207200050354004 
v -22.556135177612305 219.07070922851562 -3.9804880619049072 
v -24.597415924072266 218.38931274414062 0.10207200050354004 
v -24.189159393310547 218.38931274414062 -4.1846160888671875 
v -25.61805534362793 217.36720275878906 0.10207200050354004 
v -25.209800720214844 217.36720275878906 -4.388743877410889 
v -25.61805534362793 74.84062194824219 0.10207200050354004 
v -25.209800720214844 74.84062194824219 -4.388743877410889 
v -26.638696670532227 74.27278900146484 0.10207200050354004 
v -26.230440139770508 74.27278900146484 -4.592872142791748 
v -48.888648986816406 60.53118133544922 0.10207200050354004 
v -48.07213592529297 60.53118133544922 -8.471303939819336 
v -49.90928649902344 60.41761779785156 0.10207200050354004 
v -49.092777252197266 60.41761779785156 -8.675432205200195 
v 0.10207200050354004 219.2978515625 0.10207200050354004 
v -3.776360034942627 219.2978515625 -21.127239227294922 
v -7.450664043426514 219.2978515625 -20.106599807739258 
v -7.858920097351074 219.07070922851562 -21.53549575805664 
v -3.9804880619049072 219.07070922851562 -22.556135177612305 
v -8.471303939819336 218.38931274414062 -22.964391708374023 
v -4.1846160888671875 218.38931274414062 -24.189159393310547 
v -8.675432205200195 217.36720275878906 -23.985031127929688 
v -4.388743877410889 217.36720275878906 -25.209800720214844 
v -8.675432205200195 74.84062194824219 -23.985031127929688 
v -4.388743877410889 74.84062194824219 -25.209800720214844 
v -9.083687782287598 74.27278900146484 -25.005672454833984 
v -4.592872142791748 74.27278900146484 -26.230440139770508 
v -16.636423110961914 60.53118133544922 -45.82672882080078 
v -8.471303939819336 60.53118133544922 -48.07213592529297 
v -17.044679641723633 60.41761779785156 -46.84736633300781 
v -8.675432205200195 60.41761779785156 -49.092777252197266 
v 0.10207200050354004 219.2978515625 0.10207200050354004 
v 10.716728210449219 219.2978515625 18.677719116210938 
v 13.778648376464844 219.2978515625 16.43231201171875 
v 14.799287796020508 219.07070922851562 17.657079696655273 
v 11.53324031829834 219.07070922851562 19.902488708496094 
v 15.819928169250488 218.38931274414062 18.881847381591797 
v 12.349752426147461 218.38931274414062 21.331384658813477 
v 16.43231201171875 217.36720275878906 19.494232177734375 
v 12.758008003234863 217.36720275878906 22.14789581298828 
v 16.43231201171875 74.84062194824219 19.494232177734375 
v 12.758008003234863 74.84062194824219 22.14789581298828 
v 17.044696807861328 74.27278900146484 20.31074333190918 
v 13.370391845703125 74.27278900146484 22.96440887451172 
v 31.333656311035156 60.53118133544922 37.457496643066406 
v 24.3933048248291 60.53118133544922 42.3565673828125 
v 32.150169372558594 60.41761779785156 38.274009704589844 
v 25.005687713623047 60.41761779785156 43.17308044433594 
v 0.10207200050354004 219.2978515625 0.10207200050354004 
v 0.10207200050354004 219.2978515625 21.535512924194336 
v 3.7763760089874268 219.2978515625 21.127256393432617 
v 3.980504035949707 219.07070922851562 22.55615234375 
v 0.10207200050354004 219.07070922851562 22.96440887451172 
v 4.184631824493408 218.38931274414062 24.189176559448242 
v 0.10207200050354004 218.38931274414062 24.597431182861328 
v 4.388760089874268 217.36720275878906 25.209815979003906 
v 0.10207200050354004 217.36720275878906 25.618072509765625 
v 4.388760089874268 74.84062194824219 25.209815979003906 
v 0.10207200050354004 74.84062194824219 25.618072509765625 
v 4.592887878417969 74.27278900146484 26.23045539855957 
v 0.10207200050354004 74.27278900146484 26.63871192932129 
v 8.471320152282715 60.53118133544922 48.07215118408203 
v 0.10207200050354004 60.53118133544922 48.88866424560547 
v 8.675448417663574 60.41761779785156 49.09279251098633 
v 0.10207200050354004 60.41761779785156 49.909305572509766 
v -25.005672454833984 60.41761779785156 -43.173065185546875 
v -32.150150299072266 60.41761779785156 -38.273990631103516 
v -24.393287658691406 60.53118133544922 -42.35655212402344 
v -31.33363914489746 60.53118133544922 -37.457481384277344 
v -13.370375633239746 74.27278900146484 -22.964391708374023 
v -17.044679641723633 74.27278900146484 -20.310728073120117 
v -12.757991790771484 74.84062194824219 -22.14788055419922 
v -16.432296752929688 74.84062194824219 -19.494216918945312 
v -12.757991790771484 217.36720275878906 -22.14788055419922 
v -16.432296752929688 217.36720275878906 -19.494216918945312 
v -12.349736213684082 218.38931274414062 -21.33136749267578 
v -15.81991195678711 218.38931274414062 -18.881832122802734 
v -11.533224105834961 219.07070922851562 -19.9024715423584 
v -14.799271583557129 219.07070922851562 -17.65706443786621 
v -10.71671199798584 219.2978515625 -18.677703857421875 
v -13.778632164001465 219.2978515625 -16.432296752929688 
v 0.10207200050354004 219.2978515625 0.10207200050354004 
v 0.10207200050354004 -13.173800468444824 0.10207200050354004 
v 0.10207200050354004 -13.173800468444824 0.10207200050354004 
v 0.10207200050354004 -13.173800468444824 0.10207200050354004 
v 0.10207200050354004 -13.173800468444824 0.10207200050354004 
v 0.10207200050354004 -13.173800468444824 0.10207200050354004 
v 0.10207200050354004 -13.173800468444824 0.10207200050354004 
v 0.10207200050354004 -13.173800468444824 0.10207200050354004 
v 0.10207200050354004 -13.173800468444824 0.10207200050354004 
v 0.10207200050354004 -13.173800468444824 0.10207200050354004 
v 0.10207200050354004 -13.173800468444824 0.10207200050354004 
v 0.10207200050354004 -13.173800468444824 0.10207200050354004 
v 0.10207200050354004 -13.173800468444824 0.10207200050354004 
v 0.10207200050354004 -13.173800468444824 0.10207200050354004 
v 0.10207200050354004 -13.173800468444824 0.10207200050354004 
v 0.10207200050354004 -13.173800468444824 0.10207200050354004 
v 0.10207200050354004 -13.173800468444824 0.10207200050354004 
v 0.10207200050354004 -13.173800468444824 0.10207200050354004 
v 0.10207200050354004 -13.173800468444824 0.10207200050354004 
v 0.10207200050354004 -13.173800468444824 0.10207200050354004 
v 0.10207200050354004 -13.173800468444824 0.10207200050354004 
v 0.10207200050354004 -13.173800468444824 0.10207200050354004 
v 0.10207200050354004 -13.173800468444824 0.10207200050354004 
v 0.10207200050354004 -13.173800468444824 0.10207200050354004 
v 0.10207200050354004 -13.173800468444824 0.10207200050354004 
v 0.10207200050354004 -13.173800468444824 0.10207200050354004 
v 0.10207200050354004 -13.173800468444824 0.10207200050354004 
v 0.10207200050354004 -13.173800468444824 0.10207200050354004 
v 0.10207200050354004 -13.173800468444824 0.10207200050354004 
v 0.10207200050354004 -13.173800468444824 0.10207200050354004 
v 0.10207200050354004 -13.173800468444824 0.10207200050354004 
v 0.10207200050354004 -13.173800468444824 0.10207200050354004 
v 0.10207200050354004 -13.173800468444824 0.10207200050354004 
v 0.10207200050354004 -13.173800468444824 0.10207200050354004 
v 0.10207200050354004 -13.173800468444824 0.10207200050354004 
v 0.10207200050354004 -13.173800468444824 0.10207200050354004 
vn 3.097898456858039e-13 -0.999997615814209 0.002184694167226553 
vn 0.0754384696483612 -0.9970331788063049 -0.0152922747656703 
vn 0.07544711232185364 -0.9971474409103394 -0.002184694167226553 
vn 0.3118877410888672 -0.9501164555549622 -0.002184694167226553 
vn 0.30280643701553345 -0.9514873623847961 -0.05459024757146835 
vn 0.07541686296463013 -0.9967476725578308 -0.028397228568792343 
vn 0.2885100245475769 -0.9514967203140259 -0.10684575140476227 
vn 0.06786799430847168 -0.9970031380653381 -0.03713129088282585 
vn 0.2648181915283203 -0.9518421292304993 -0.15449213981628418 
vn 0.05849025025963783 -0.9970236420631409 -0.05022686347365379 
vn 0.23910930752754211 -0.9506946802139282 -0.1975002884864807 
vn 0.05092582479119301 -0.9969609379768372 -0.058952588587999344 
vn 0.19675059616565704 -0.9516544938087463 -0.23588760197162628 
vn 0.041528113186359406 -0.9968428611755371 -0.06767380982637405 
vn 0.1541765332221985 -0.951704740524292 -0.26549527049064636 
vn 0.026423441246151924 -0.9970521926879883 -0.07203252613544464 
vn 0.10552160441875458 -0.9509848952293396 -0.29067665338516235 
vn 0.011321731843054295 -0.9970137476921082 -0.0763898640871048 
vn 0.05470995604991913 -0.9513571858406067 -0.30319350957870483 
vn -0.003773982636630535 -0.9970709085464478 -0.0763898640871048 
vn 2.9479519411505783e-13 -0.95159512758255 -0.30735430121421814 
vn -0.011321731843054295 -0.9970137476921082 -0.0763898640871048 
vn -0.05094058811664581 -0.9515664577484131 -0.30319350957870483 
vn -0.026423441246151924 -0.9970521926879883 -0.07203252613544464 
vn -0.10552160441875458 -0.9509848952293396 -0.29067665338516235 
vn -0.041528113186359406 -0.9968428611755371 -0.06767380982637405 
vn -0.1541765332221985 -0.951704740524292 -0.26549527049064636 
vn -0.04715646430850029 -0.9971463680267334 -0.058952588587999344 
vn -0.20044466853141785 -0.9508832693099976 -0.23588760197162628 
vn -0.062259066849946976 -0.9967954158782959 -0.05022686347365379 
vn -0.23910930752754211 -0.9506946802139282 -0.1975002884864807 
vn -0.06786799430847168 -0.9970031380653381 -0.03713129088282585 
vn -0.2648181915283203 -0.9518421292304993 -0.15449213981628418 
vn -0.07541686296463013 -0.9967476725578308 -0.028397228568792343 
vn -0.2921224534511566 -0.9503938555717468 -0.10684575140476227 
vn -0.0754384696483612 -0.9970331788063049 -0.0152922747656703 
vn -0.3064013421535492 -0.9503358006477356 -0.05459024757146835 
vn -0.07544711232185364 -0.9971474409103394 0.002184694167226553 
vn -0.3118877410888672 -0.9501164555549622 0.002184694167226553 
vn -0.0754384696483612 -0.9970331788063049 0.0152922747656703 
vn -0.3064013421535492 -0.9503358006477356 0.05459024757146835 
vn -0.07541686296463013 -0.9967476725578308 0.028397228568792343 
vn -0.28997644782066345 -0.9510508179664612 0.10684575140476227 
vn -0.06786799430847168 -0.9970031380653381 0.03713129088282585 
vn -0.2648181915283203 -0.9518421292304993 0.15449213981628418 
vn -0.062259066849946976 -0.9967954158782959 0.05022686347365379 
vn -0.23910930752754211 -0.9506946802139282 0.1975002884864807 
vn -0.04715646430850029 -0.9971463680267334 0.058952588587999344 
vn -0.20044466853141785 -0.9508832693099976 0.23588760197162628 
vn -0.041528113186359406 -0.9968428611755371 0.06767380982637405 
vn -0.15212415158748627 -0.9520349502563477 0.26549527049064636 
vn -0.026423441246151924 -0.9970521926879883 0.07203252613544464 
vn -0.10351523011922836 -0.9512053728103638 0.29067665338516235 
vn -0.011321731843054295 -0.9970137476921082 0.0763898640871048 
vn -0.05094058811664581 -0.9515664577484131 0.30319350957870483 
vn 0.003773982636630535 -0.9970709085464478 0.0763898640871048 
vn 2.9479519411505783e-13 -0.95159512758255 0.30735430121421814 
vn 0.011321731843054295 -0.9970137476921082 0.0763898640871048 
vn 0.05470995604991913 -0.9513571858406067 0.30319350957870483 
vn 0.026423441246151924 -0.9970521926879883 0.07203252613544464 
vn 0.10726384818553925 -0.9507899880409241 0.29067665338516235 
vn 0.041528113186359406 -0.9968428611755371 0.06767380982637405 
vn 0.15584763884544373 -0.951432466506958 0.26549527049064636 
vn 0.05092582479119301 -0.9969609379768372 0.058952588587999344 
vn 0.19675059616565704 -0.9516544938087463 0.23588760197162628 
vn 0.05849025025963783 -0.9970236420631409 0.05022686347365379 
vn 0.23910930752754211 -0.9506946802139282 0.1975002884864807 
vn 0.06786799430847168 -0.9970031380653381 0.03713129088282585 
vn 0.2648181915283203 -0.9518421292304993 0.15449213981628418 
vn 0.07541686296463013 -0.9967476725578308 0.028397228568792343 
vn 0.28997644782066345 -0.9510508179664612 0.10684575140476227 
vn 0.0754384696483612 -0.9970331788063049 0.0152922747656703 
vn 0.30280643701553345 -0.9514873623847961 0.05459024757146835 
vn 0.07544711232185364 -0.9971474409103394 -0.002184694167226553 
vn 0.3118877410888672 -0.9501164555549622 -0.002184694167226553 
vn 0.5797931551933289 -0.8082904815673828 0.10250037163496017 
vn 0.5525495409965515 -0.8086860179901123 0.2017817199230194 
vn 0.5079228281974792 -0.8093671798706055 0.2948545813560486 
vn 0.4532419443130493 -0.8076804876327515 0.37712597846984863 
vn 0.3799593448638916 -0.8088727593421936 0.4487268626689911 
vn 0.2957611382007599 -0.80769282579422 0.5100564956665039 
vn 0.19988380372524261 -0.8103541135787964 0.5507928133010864 
vn 0.10340359061956406 -0.8082957863807678 0.5796254277229309 
vn -0.0018844576552510262 -0.8097845911979675 0.5867242813110352 
vn -0.09966268390417099 -0.8087655901908875 0.5796254277229309 
vn -0.2035447657108307 -0.8094422817230225 0.5507928133010864 
vn -0.2957611382007599 -0.80769282579422 0.5100564956665039 
vn -0.3799593448638916 -0.8088727593421936 0.4487268626689911 
vn -0.4499471187591553 -0.8095206022262573 0.37712597846984863 
vn -0.5079228281974792 -0.8093671798706055 0.2948545813560486 
vn -0.5494282245635986 -0.8108099699020386 0.2017817199230194 
vn -0.5797931551933289 -0.8082904815673828 0.10250037163496017 
vn -0.5865612626075745 -0.8099018931388855 0.002184694167226553 
vn -0.5797931551933289 -0.8082904815673828 -0.10250037163496017 
vn -0.5494282245635986 -0.8108099699020386 -0.2017817199230194 
vn -0.510090708732605 -0.8080025911331177 -0.2948545813560486 
vn -0.4499471187591553 -0.8095206022262573 -0.37712597846984863 
vn -0.37530097365379333 -0.8110446333885193 -0.4487268626689911 
vn -0.2908288836479187 -0.8094818592071533 -0.5100564956665039 
vn -0.19833165407180786 -0.8107354044914246 -0.5507928133010864 
vn -0.1016823798418045 -0.8085141181945801 -0.5796254277229309 
vn -0.0037744969595223665 -0.8097779750823975 -0.5867242813110352 
vn 0.1016823798418045 -0.8085141181945801 -0.5796254277229309 
vn 0.19833165407180786 -0.8107354044914246 -0.5507928133010864 
vn 0.29438281059265137 -0.8081961870193481 -0.5100564956665039 
vn 0.37872692942619324 -0.8094505071640015 -0.4487268626689911 
vn 0.4532419443130493 -0.8076804876327515 -0.37712597846984863 
vn 0.5068937540054321 -0.8100120425224304 -0.2948545813560486 
vn 0.5525495409965515 -0.8086860179901123 -0.2017817199230194 
vn 0.5797931551933289 -0.8082904815673828 -0.10250037163496017 
vn 0.5865612626075745 -0.8099018931388855 -0.002184694167226553 
vn 0.7589828372001648 -0.5887274146080017 0.2781098484992981 
vn 0.6981536149978638 -0.5901997089385986 0.405272513628006 
vn 0.6185665130615234 -0.5879073739051819 0.5212872624397278 
vn 0.5222529172897339 -0.5875335335731506 0.6181069612503052 
vn 0.4027431309223175 -0.5896002650260925 0.7001210451126099 
vn 0.27383527159690857 -0.5897186994552612 0.7597671151161194 
vn 0.14376111328601837 -0.5887147784233093 0.7954543828964233 
vn -0.0018826874438673258 -0.5884889960289001 0.8085030317306519 
vn -0.14009597897529602 -0.5895977020263672 0.7954543828964233 
vn -0.27383527159690857 -0.5897186994552612 0.7597671151161194 
vn -0.4058505892753601 -0.5874655842781067 0.7001210451126099 
vn -0.5194289088249207 -0.5900316834449768 0.6181069612503052 
vn -0.6211581230163574 -0.5851684808731079 0.5212872624397278 
vn -0.7005841732025146 -0.5873125195503235 0.405272513628006 
vn -0.7589828372001648 -0.5887274146080017 0.2781098484992981 
vn -0.7982031106948853 -0.585526704788208 0.1415284425020218 
vn -0.8099018931388855 -0.5865612626075745 0.002184694167226553 
vn -0.7982031106948853 -0.585526704788208 -0.1415284425020218 
vn -0.7608078718185425 -0.5863670110702515 -0.2781098484992981 
vn -0.7005841732025146 -0.5873125195503235 -0.405272513628006 
vn -0.6179368495941162 -0.588569164276123 -0.5212872624397278 
vn -0.5214941501617432 -0.5882071852684021 -0.6181069612503052 
vn -0.40177828073501587 -0.5902581810951233 -0.7001210451126099 
vn -0.27601951360702515 -0.5886995792388916 -0.7597671151161194 
vn -0.14220555126667023 -0.589092493057251 -0.7954543828964233 
vn 0.0018903875024989247 -0.5884889960289001 -0.8085030317306519 
vn 0.14220555126667023 -0.589092493057251 -0.7954543828964233 
vn 0.27943339943885803 -0.5870867967605591 -0.7597671151161194 
vn 0.40177828073501587 -0.5902581810951233 -0.7001210451126099 
vn 0.5214941501617432 -0.5882071852684021 -0.6181069612503052 
vn 0.6179368495941162 -0.588569164276123 -0.5212872624397278 
vn 0.6981536149978638 -0.5901997089385986 -0.405272513628006 
vn 0.7584964632987976 -0.5893539190292358 -0.2781098484992981 
vn 0.7982031106948853 -0.585526704788208 -0.1415284425020218 
vn 0.8099018931388855 -0.5865612626075745 -0.002184694167226553 
vn 0.8229895830154419 -0.3102554976940155 0.4758462607860565 
vn 0.7288504838943481 -0.3085361123085022 0.6112139225006104 
vn 0.6108410954475403 -0.31208473443984985 0.7276512384414673 
vn 0.47707170248031616 -0.3065953552722931 0.8236515522003174 
vn 0.3244447112083435 -0.3071516156196594 0.8946471214294434 
vn 0.16768476366996765 -0.30798324942588806 0.9364978075027466 
vn -0.0018766504945233464 -0.30942681431770325 0.9509214162826538 
vn -0.16437295079231262 -0.30976346135139465 0.9364978075027466 
vn -0.32184624671936035 -0.3098733127117157 0.8946471214294434 
vn -0.4750248193740845 -0.30975720286369324 0.8236515522003174 
vn -0.6108410954475403 -0.31208473443984985 0.7276512384414673 
vn -0.727371335029602 -0.31200718879699707 0.6112139225006104 
vn -0.8229895830154419 -0.3102554976940155 0.4758462607860565 
vn -0.8935201168060303 -0.310943603515625 0.3239381015300751 
vn -0.937262773513794 -0.30810773372650146 0.16312000155448914 
vn -0.9501164555549622 -0.3118877410888672 0.002184694167226553 
vn -0.937262773513794 -0.30810773372650146 -0.16312000155448914 
vn -0.894623339176178 -0.3077550530433655 -0.3239381015300751 
vn -0.8229895830154419 -0.3102554976940155 -0.4758462607860565 
vn -0.7286625504493713 -0.3089796304702759 -0.6112139225006104 
vn -0.613737165927887 -0.30635011196136475 -0.7276512384414673 
vn -0.47426337003707886 -0.310921847820282 -0.8236515522003174 
vn -0.32578736543655396 -0.30572712421417236 -0.8946471214294434 
vn -0.1620628833770752 -0.3109782934188843 -0.9364978075027466 
vn 0.0018912545638158917 -0.3094267249107361 -0.9509214162826538 
vn 0.16541065275669098 -0.3092105984687805 -0.9364978075027466 
vn 0.32318684458732605 -0.3084748387336731 -0.8946471214294434 
vn 0.4763266444206238 -0.3077515959739685 -0.8236515522003174 
vn 0.613737165927887 -0.30635011196136475 -0.7276512384414673 
vn 0.7286625504493713 -0.3089796304702759 -0.6112139225006104 
vn 0.8229895830154419 -0.3102554976940155 -0.4758462607860565 
vn 0.8933877348899841 -0.31132379174232483 -0.3239381015300751 
vn 0.9360769391059875 -0.3116919696331024 -0.16312000155448914 
vn 0.9501164555549622 -0.3118877410888672 -0.002184694167226553 
vn 0.7631199955940247 -0.07527914643287659 0.641857385635376 
vn 0.6424792408943176 -0.07523564994335175 0.762600839138031 
vn 0.49880102276802063 -0.07500089704990387 0.8634653687477112 
vn 0.34096235036849976 -0.0819544866681099 0.9364978075027466 
vn 0.17351990938186646 -0.07999377697706223 0.9815762042999268 
vn -0.0018418359104543924 -0.07854640483856201 0.9969087839126587 
vn -0.17351990938186646 -0.07999377697706223 0.9815762042999268 
vn -0.34182146191596985 -0.07829399406909943 0.9364978075027466 
vn -0.49822744727134705 -0.07872093468904495 0.8634653687477112 
vn -0.6420298218727112 -0.07897907495498657 0.762600839138031 
vn -0.7627406716346741 -0.07903003692626953 0.641857385635376 
vn -0.8634727001190186 -0.07533374428749084 0.4987381398677826 
vn -0.9369367957115173 -0.07913108170032501 0.34042292833328247 
vn -0.9822524785995483 -0.07541196793317795 0.17173540592193604 
vn -0.9971474409103394 -0.07544711232185364 0.002184694167226553 
vn -0.9822524785995483 -0.07541196793317795 -0.17173540592193604 
vn -0.9372389912605286 -0.07546740770339966 -0.34042292833328247 
vn -0.8631266951560974 -0.07919958233833313 -0.4987381398677826 
vn -0.7631084322929382 -0.07539675384759903 -0.641857385635376 
vn -0.642462968826294 -0.07537485659122467 -0.762600839138031 
vn -0.4981684386730194 -0.0790935829281807 -0.8634653687477112 
vn -0.34169989824295044 -0.07882288098335266 -0.9364978075027466 
vn -0.17485788464546204 -0.07702523469924927 -0.9815762042999268 
vn 0.001898496993817389 -0.07854505628347397 -0.9969087839126587 
vn 0.17330195009708405 -0.08046489953994751 -0.9815762042999268 
vn 0.3425309360027313 -0.0751294195652008 -0.9364978075027466 
vn 0.49874746799468994 -0.07535621523857117 -0.8634653687477112 
vn 0.642462968826294 -0.07537485659122467 -0.762600839138031 
vn 0.7631084322929382 -0.07539675384759903 -0.641857385635376 
vn 0.8634635806083679 -0.07543797045946121 -0.4987381398677826 
vn 0.9372389912605286 -0.07546740770339966 -0.34042292833328247 
vn 0.9822524785995483 -0.07541196793317795 -0.17173540592193604 
vn 0.9971474409103394 -0.07544711232185364 0.002184694167226553 
vn 0.6424792408943176 0.07523564994335175 0.762600839138031 
vn 0.49880102276802063 0.07500089704990387 0.8634653687477112 
vn 0.34096235036849976 0.0819544866681099 0.9364978075027466 
vn 0.17351990938186646 0.07999377697706223 0.9815762042999268 
vn -0.0018418359104543924 0.07854640483856201 0.9969087839126587 
vn -0.17351990938186646 0.07999377697706223 0.9815762042999268 
vn -0.34182146191596985 0.07829399406909943 0.9364978075027466 
vn -0.49822744727134705 0.07872093468904495 0.8634653687477112 
vn -0.6420298218727112 0.07897907495498657 0.762600839138031 
vn -0.7627406716346741 0.07903003692626953 0.641857385635376 
vn -0.8634727001190186 0.07533374428749084 0.4987381398677826 
vn -0.9369367957115173 0.07913108170032501 0.34042292833328247 
vn -0.9822524785995483 0.07541196793317795 0.17173540592193604 
vn -0.9971474409103394 0.07544711232185364 -0.002184694167226553 
vn -0.9822524785995483 0.07541196793317795 -0.17173540592193604 
vn -0.9372389912605286 0.07546740770339966 -0.34042292833328247 
vn -0.8631266951560974 0.07919958233833313 -0.4987381398677826 
vn -0.7631084322929382 0.07539675384759903 -0.641857385635376 
vn -0.642462968826294 0.07537485659122467 -0.762600839138031 
vn -0.4981684386730194 0.0790935829281807 -0.8634653687477112 
vn -0.34169989824295044 0.07882288098335266 -0.9364978075027466 
vn -0.17485788464546204 0.07702523469924927 -0.9815762042999268 
vn 0.001898496993817389 0.07854505628347397 -0.9969087839126587 
vn 0.17330195009708405 0.08046489953994751 -0.9815762042999268 
vn 0.3425309360027313 0.0751294195652008 -0.9364978075027466 
vn 0.49874746799468994 0.07535621523857117 -0.8634653687477112 
vn 0.642462968826294 0.07537485659122467 -0.762600839138031 
vn 0.7631084322929382 0.07539675384759903 -0.641857385635376 
vn 0.8634635806083679 0.07543797045946121 -0.4987381398677826 
vn 0.9372389912605286 0.07546740770339966 -0.34042292833328247 
vn 0.9822524785995483 0.07541196793317795 -0.17173540592193604 
vn 0.9971474409103394 0.07544711232185364 0.002184694167226553 
vn 0.47707170248031616 0.3065953552722931 0.8236515522003174 
vn 0.3244447112083435 0.3071516156196594 0.8946471214294434 
vn 0.16768476366996765 0.30798324942588806 0.9364978075027466 
vn -0.0018766504945233464 0.30942681431770325 0.9509214162826538 
vn -0.16437295079231262 0.30976346135139465 0.9364978075027466 
vn -0.32184624671936035 0.3098733127117157 0.8946471214294434 
vn -0.4750248193740845 0.30975720286369324 0.8236515522003174 
vn -0.6108410954475403 0.31208473443984985 0.7276512384414673 
vn -0.727371335029602 0.31200718879699707 0.6112139225006104 
vn -0.8229895830154419 0.3102554976940155 0.4758462607860565 
vn -0.8935201168060303 0.310943603515625 0.3239381015300751 
vn -0.937262773513794 0.30810773372650146 0.16312000155448914 
vn -0.9501164555549622 0.3118877410888672 -0.002184694167226553 
vn -0.937262773513794 0.30810773372650146 -0.16312000155448914 
vn -0.894623339176178 0.3077550530433655 -0.3239381015300751 
vn -0.8229895830154419 0.3102554976940155 -0.4758462607860565 
vn -0.7286625504493713 0.3089796304702759 -0.6112139225006104 
vn -0.613737165927887 0.30635011196136475 -0.7276512384414673 
vn -0.47426337003707886 0.310921847820282 -0.8236515522003174 
vn -0.32578736543655396 0.30572712421417236 -0.8946471214294434 
vn -0.1620628833770752 0.3109782934188843 -0.9364978075027466 
vn 0.0018912545638158917 0.3094267249107361 -0.9509214162826538 
vn 0.16541065275669098 0.3092105984687805 -0.9364978075027466 
vn 0.32318684458732605 0.3084748387336731 -0.8946471214294434 
vn 0.4763266444206238 0.3077515959739685 -0.8236515522003174 
vn 0.613737165927887 0.30635011196136475 -0.7276512384414673 
vn 0.7286625504493713 0.3089796304702759 -0.6112139225006104 
vn 0.8229895830154419 0.3102554976940155 -0.4758462607860565 
vn 0.8933877348899841 0.31132379174232483 -0.3239381015300751 
vn 0.9360769391059875 0.3116919696331024 -0.16312000155448914 
vn 0.9501164555549622 0.3118877410888672 0.002184694167226553 
vn 0.27383527159690857 0.5897186994552612 0.7597671151161194 
vn 0.14376111328601837 0.5887147784233093 0.7954543828964233 
vn -0.0018826874438673258 0.5884889960289001 0.8085030317306519 
vn -0.14009597897529602 0.5895977020263672 0.7954543828964233 
vn -0.27383527159690857 0.5897186994552612 0.7597671151161194 
vn -0.4058505892753601 0.5874655842781067 0.7001210451126099 
vn -0.5194289088249207 0.5900316834449768 0.6181069612503052 
vn -0.6211581230163574 0.5851684808731079 0.5212872624397278 
vn -0.7005841732025146 0.5873125195503235 0.405272513628006 
vn -0.7589828372001648 0.5887274146080017 0.2781098484992981 
vn -0.7982031106948853 0.585526704788208 0.1415284425020218 
vn -0.8099018931388855 0.5865612626075745 -0.002184694167226553 
vn -0.7982031106948853 0.585526704788208 -0.1415284425020218 
vn -0.7608078718185425 0.5863670110702515 -0.2781098484992981 
vn -0.7005841732025146 0.5873125195503235 -0.405272513628006 
vn -0.6179368495941162 0.588569164276123 -0.5212872624397278 
vn -0.5214941501617432 0.5882071852684021 -0.6181069612503052 
vn -0.40177828073501587 0.5902581810951233 -0.7001210451126099 
vn -0.27601951360702515 0.5886995792388916 -0.7597671151161194 
vn -0.14220555126667023 0.589092493057251 -0.7954543828964233 
vn 0.0018903875024989247 0.5884889960289001 -0.8085030317306519 
vn 0.14220555126667023 0.589092493057251 -0.7954543828964233 
vn 0.27943339943885803 0.5870867967605591 -0.7597671151161194 
vn 0.40177828073501587 0.5902581810951233 -0.7001210451126099 
vn 0.5214941501617432 0.5882071852684021 -0.6181069612503052 
vn 0.6179368495941162 0.588569164276123 -0.5212872624397278 
vn 0.6981536149978638 0.5901997089385986 -0.405272513628006 
vn 0.7584964632987976 0.5893539190292358 -0.2781098484992981 
vn 0.7982031106948853 0.585526704788208 -0.1415284425020218 
vn 0.8099018931388855 0.5865612626075745 0.002184694167226553 
vn 0.10340359061956406 0.8082957863807678 0.5796254277229309 
vn -0.0018844576552510262 0.8097845911979675 0.5867242813110352 
vn -0.09966268390417099 0.8087655901908875 0.5796254277229309 
vn -0.2035447657108307 0.8094422817230225 0.5507928133010864 
vn -0.2957611382007599 0.80769282579422 0.5100564956665039 
vn -0.3799593448638916 0.8088727593421936 0.4487268626689911 
vn -0.4499471187591553 0.8095206022262573 0.37712597846984863 
vn -0.5079228281974792 0.8093671798706055 0.2948545813560486 
vn -0.5494282245635986 0.8108099699020386 0.2017817199230194 
vn -0.5797931551933289 0.8082904815673828 0.10250037163496017 
vn -0.5865612626075745 0.8099018931388855 0.002184694167226553 
vn -0.5797931551933289 0.8082904815673828 -0.10250037163496017 
vn -0.5494282245635986 0.8108099699020386 -0.2017817199230194 
vn -0.510090708732605 0.8080025911331177 -0.2948545813560486 
vn -0.4499471187591553 0.8095206022262573 -0.37712597846984863 
vn -0.37530097365379333 0.8110446333885193 -0.4487268626689911 
vn -0.2908288836479187 0.8094818592071533 -0.5100564956665039 
vn -0.19833165407180786 0.8107354044914246 -0.5507928133010864 
vn -0.1016823798418045 0.8085141181945801 -0.5796254277229309 
vn 0.0037744969595223665 0.8097779750823975 -0.5867242813110352 
vn 0.1016823798418045 0.8085141181945801 -0.5796254277229309 
vn 0.19833165407180786 0.8107354044914246 -0.5507928133010864 
vn 0.29438281059265137 0.8081961870193481 -0.5100564956665039 
vn 0.37872692942619324 0.8094505071640015 -0.4487268626689911 
vn 0.4532419443130493 0.8076804876327515 -0.37712597846984863 
vn 0.5068937540054321 0.8100120425224304 -0.2948545813560486 
vn 0.5525495409965515 0.8086860179901123 -0.2017817199230194 
vn 0.5797931551933289 0.8082904815673828 -0.10250037163496017 
vn 0.5865612626075745 0.8099018931388855 0.002184694167226553 
vn -9.840592967227946e-14 0.95159512758255 0.30735430121421814 
vn -0.05094058811664581 0.9515664577484131 0.30319350957870483 
vn -0.10351523011922836 0.9512053728103638 0.29067665338516235 
vn -0.15212415158748627 0.9520349502563477 0.26549527049064636 
vn -0.20044466853141785 0.9508832693099976 0.23588760197162628 
vn -0.23910930752754211 0.9506946802139282 0.1975002884864807 
vn -0.2648181915283203 0.9518421292304993 0.15449213981628418 
vn -0.28997644782066345 0.9510508179664612 0.10684575140476227 
vn -0.3064013421535492 0.9503358006477356 0.05459024757146835 
vn -0.3118877410888672 0.9501164555549622 -0.002184694167226553 
vn -0.3064013421535492 0.9503358006477356 -0.05459024757146835 
vn -0.2921224534511566 0.9503938555717468 -0.10684575140476227 
vn -0.2648181915283203 0.9518421292304993 -0.15449213981628418 
vn -0.23910930752754211 0.9506946802139282 -0.1975002884864807 
vn -0.20044466853141785 0.9508832693099976 -0.23588760197162628 
vn -0.1541765332221985 0.951704740524292 -0.26549527049064636 
vn -0.10552160441875458 0.9509848952293396 -0.29067665338516235 
vn -0.05094058811664581 0.9515664577484131 -0.30319350957870483 
vn -9.840592967227946e-14 0.95159512758255 -0.30735430121421814 
vn 0.05470995604991913 0.9513571858406067 -0.30319350957870483 
vn 0.10552160441875458 0.9509848952293396 -0.29067665338516235 
vn 0.1541765332221985 0.951704740524292 -0.26549527049064636 
vn 0.19675059616565704 0.9516544938087463 -0.23588760197162628 
vn 0.23910930752754211 0.9506946802139282 -0.1975002884864807 
vn 0.2648181915283203 0.9518421292304993 -0.15449213981628418 
vn 0.2885100245475769 0.9514967203140259 -0.10684575140476227 
vn 0.30280643701553345 0.9514873623847961 -0.05459024757146835 
vn 0.3118877410888672 0.9501164555549622 0.002184694167226553 
vn -0.03396417200565338 0.9822203516960144 0.18463370203971863 
vn -0.0622621588408947 0.9824123382568359 0.1760382205247879 
vn -0.09611725807189941 0.9819130897521973 0.16312000155448914 
vn -0.120476134121418 0.9825757741928101 0.1415284425020218 
vn -0.1392497569322586 0.9829754829406738 0.11986933648586273 
vn -0.16337916254997253 0.9820937514305115 0.09380380809307098 
vn -0.17453818023204803 0.9826127290725708 0.0633138045668602 
vn -0.18015825748443604 0.9830917716026306 0.03276457265019417 
vn -0.18767757713794708 0.9822282791137695 -0.002184694167226553 
vn -0.18015825748443604 0.9830917716026306 -0.03276457265019417 
vn -0.17453818023204803 0.9826127290725708 -0.0633138045668602 
vn -0.16337916254997253 0.9820937514305115 -0.09380380809307098 
vn -0.1392497569322586 0.9829754829406738 -0.11986933648586273 
vn -0.120476134121418 0.9825757741928101 -0.1415284425020218 
vn -0.09611725807189941 0.9819130897521973 -0.16312000155448914 
vn -0.0622621588408947 0.9824123382568359 -0.1760382205247879 
vn -0.03396417200565338 0.9822203516960144 -0.18463370203971863 
vn 0.003774539101868868 0.9828001856803894 -0.18463370203971863 
vn 0.03396417200565338 0.9822203516960144 -0.18463370203971863 
vn 0.0660301148891449 0.9821662902832031 -0.1760382205247879 
vn 0.09235922992229462 0.9822736978530884 -0.16312000155448914 
vn 0.120476134121418 0.9825757741928101 -0.1415284425020218 
vn 0.1392497569322586 0.9829754829406738 -0.11986933648586273 
vn 0.15965624153614044 0.98270583152771 -0.09380380809307098 
vn 0.17825168371200562 0.9819458723068237 -0.0633138045668602 
vn 0.18015825748443604 0.9830917716026306 -0.03276457265019417 
vn 0.18767757713794708 0.9822282791137695 0.002184694167226553 
vn -0.003774539101868868 0.9828001856803894 0.18463370203971863 
vn 0.05470995604991913 0.9513571858406067 0.30319350957870483 
vn 0.03396417200565338 0.9822203516960144 0.18463370203971863 
vn 0.10726384818553925 0.9507899880409241 0.29067665338516235 
vn 0.0660301148891449 0.9821662902832031 0.1760382205247879 
vn 0.15584763884544373 0.951432466506958 0.26549527049064636 
vn 0.09235922992229462 0.9822736978530884 0.16312000155448914 
vn 0.19675059616565704 0.9516544938087463 0.23588760197162628 
vn 0.120476134121418 0.9825757741928101 0.1415284425020218 
vn 0.23910930752754211 0.9506946802139282 0.1975002884864807 
vn 0.1392497569322586 0.9829754829406738 0.11986933648586273 
vn 0.2648181915283203 0.9518421292304993 0.15449213981628418 
vn 0.15965624153614044 0.98270583152771 0.09380380809307098 
vn 0.28997644782066345 0.9510508179664612 0.10684575140476227 
vn 0.17825168371200562 0.9819458723068237 0.0633138045668602 
vn 0.30280643701553345 0.9514873623847961 0.05459024757146835 
vn 0.18015825748443604 0.9830917716026306 0.03276457265019417 
vn 0.3118877410888672 0.9501164555549622 0.002184694167226553 
vn 0.18767757713794708 0.9822282791137695 0.002184694167226553 
vn 0.19988380372524261 0.8103541135787964 0.5507928133010864 
vn 0.2957611382007599 0.80769282579422 0.5100564956665039 
vn 0.3799593448638916 0.8088727593421936 0.4487268626689911 
vn 0.4532419443130493 0.8076804876327515 0.37712597846984863 
vn 0.5079228281974792 0.8093671798706055 0.2948545813560486 
vn 0.5525495409965515 0.8086860179901123 0.2017817199230194 
vn 0.5797931551933289 0.8082904815673828 0.10250037163496017 
vn 0.5865612626075745 0.8099018931388855 0.002184694167226553 
vn 0.4027431309223175 0.5896002650260925 0.7001210451126099 
vn 0.5222529172897339 0.5875335335731506 0.6181069612503052 
vn 0.6185665130615234 0.5879073739051819 0.5212872624397278 
vn 0.6981536149978638 0.5901997089385986 0.405272513628006 
vn 0.7589828372001648 0.5887274146080017 0.2781098484992981 
vn 0.7982031106948853 0.585526704788208 0.1415284425020218 
vn 0.8099018931388855 0.5865612626075745 0.002184694167226553 
vn 0.6108410954475403 0.31208473443984985 0.7276512384414673 
vn 0.7288504838943481 0.3085361123085022 0.6112139225006104 
vn 0.8229895830154419 0.3102554976940155 0.4758462607860565 
vn 0.8935201168060303 0.310943603515625 0.3239381015300751 
vn 0.9360769391059875 0.3116919696331024 0.16312000155448914 
vn 0.9501164555549622 0.3118877410888672 0.002184694167226553 
vn 0.7631199955940247 0.07527914643287659 0.641857385635376 
vn 0.8634727001190186 0.07533374428749084 0.4987381398677826 
vn 0.9372467398643494 0.07537123560905457 0.34042292833328247 
vn 0.9822524785995483 0.07541196793317795 0.17173540592193604 
vn 0.9971474409103394 0.07544711232185364 0.002184694167226553 
vn 0.8634727001190186 -0.07533374428749084 0.4987381398677826 
vn 0.9372467398643494 -0.07537123560905457 0.34042292833328247 
vn 0.9822524785995483 -0.07541196793317795 0.17173540592193604 
vn 0.9971474409103394 -0.07544711232185364 0.002184694167226553 
vn 0.8935201168060303 -0.310943603515625 0.3239381015300751 
vn 0.9360769391059875 -0.3116919696331024 0.16312000155448914 
vn 0.9501164555549622 -0.3118877410888672 -0.002184694167226553 
vn 0.7982031106948853 -0.585526704788208 0.1415284425020218 
vn 0.8099018931388855 -0.5865612626075745 -0.002184694167226553 
vn 0.5865612626075745 -0.8099018931388855 -0.002184694167226553 
vn -1.0341130485562108e-13 0.999997615814209 0.002184694167226553 
vn 0.043416284024715424 0.9980038404464722 0.04586252197623253 
vn 0.04525691270828247 0.9981130957603455 0.04149730131030083 
vn 0.21519264578819275 0.9597762227058411 0.18033768236637115 
vn 0.18197745084762573 0.9595988392829895 0.21460255980491638 
vn 0.42511656880378723 0.8318455219268799 0.3568037748336792 
vn 0.3595580756664276 0.8286093473434448 0.42909738421440125 
vn 0.7022362351417542 0.4032602906227112 0.5867242813110352 
vn 0.588534951210022 0.4042982757091522 0.7001210451126099 
vn 0.6627935767173767 0.4992671012878418 0.5580654144287109 
vn 0.5578593611717224 0.4965461790561676 0.6650074124336243 
vn 0.3968118727207184 0.8556798696517944 0.33219319581985474 
vn 0.33523663878440857 0.8561350107192993 0.3932546079158783 
vn 0.2607836425304413 0.9392577409744263 0.22312943637371063 
vn 0.2224075347185135 0.9381082653999329 0.26549527049064636 
vn 0.1392497569322586 0.9829754829406738 0.11986933648586273 
vn 0.120476134121418 0.9825757741928101 0.1415284425020218 
vn -1.0341130485562108e-13 0.999997615814209 0.002184694167226553 
vn -0.05281035229563713 0.9980669021606445 -0.03276457265019417 
vn -0.06036682799458504 0.9979826211929321 -0.01966099627315998 
vn -0.26647406816482544 0.9592666029930115 -0.09380380809307098 
vn -0.23916122317314148 0.960610032081604 -0.1415284425020218 
vn -0.5211942195892334 0.8322640657424927 -0.18892620503902435 
vn -0.4846290647983551 0.8293308019638062 -0.2781098484992981 
vn -0.8593873977661133 0.4054814875125885 -0.31150925159454346 
vn -0.7910186052322388 0.40728333592414856 -0.456519216299057 
vn -0.814980149269104 0.49886688590049744 -0.2948545813560486 
vn -0.7507741451263428 0.4988131523132324 -0.43303996324539185 
vn -0.48563703894615173 0.8562518358230591 -0.1760382205247879 
vn -0.450134813785553 0.8551600575447083 -0.25706008076667786 
vn -0.32254624366760254 0.9389330744743347 -0.11986933648586273 
vn -0.29723796248435974 0.9392318725585938 -0.17173540592193604 
vn -0.17453818023204803 0.9826127290725708 -0.0633138045668602 
vn -0.1559310257434845 0.9833037853240967 -0.09380380809307098 
vn -1.0341130485562108e-13 0.999997615814209 0.002184694167226553 
vn -0.06036682799458504 0.9979826211929321 -0.01966099627315998 
vn -0.060374896973371506 0.9981160163879395 -0.010923261754214764 
vn -0.27758732438087463 0.9593865275382996 -0.05022686347365379 
vn -0.26647406816482544 0.9592666029930115 -0.09380380809307098 
vn -0.5489569902420044 0.8300676345825195 -0.0981530249118805 
vn -0.5211942195892334 0.8322640657424927 -0.18892620503902435 
vn -0.901337206363678 0.4029533565044403 -0.15880759060382843 
vn -0.8593873977661133 0.4054814875125885 -0.31150925159454346 
vn -0.8565186858177185 0.49378499388694763 -0.15017375349998474 
vn -0.814980149269104 0.49886688590049744 -0.2948545813560486 
vn -0.5088513493537903 0.8561941981315613 -0.08945280313491821 
vn -0.48563703894615173 0.8562518358230591 -0.1760382205247879 
vn -0.3420162796974182 0.9378429651260376 -0.058952588587999344 
vn -0.32254624366760254 0.9389330744743347 -0.11986933648586273 
vn -0.18015825748443604 0.9830917716026306 -0.03276457265019417 
vn -0.17453818023204803 0.9826127290725708 -0.0633138045668602 
vn -1.0341130485562108e-13 0.999997615814209 0.002184694167226553 
vn 0.020755073055624962 0.998045027256012 -0.058952588587999344 
vn 0.013204805552959442 0.9979063272476196 -0.0633138045668602 
vn 0.05096271261572838 0.9591963887214661 -0.2781098484992981 
vn 0.09426461160182953 0.9594928026199341 -0.26549527049064636 
vn 0.0942547470331192 0.8293029069900513 -0.5507928133010864 
vn 0.1872820258140564 0.8302342295646667 -0.5250110030174255 
vn 0.15859158337116241 0.40506890416145325 -0.9004265069961548 
vn 0.3123942017555237 0.4055696427822113 -0.8590245246887207 
vn 0.1489717960357666 0.4976004660129547 -0.8545181155204773 
vn 0.29544752836227417 0.4966026246547699 -0.8161473870277405 
vn 0.09239567071199417 0.8573972582817078 -0.5062933564186096 
vn 0.18002164363861084 0.8566250205039978 -0.4835140109062195 
vn 0.05662721395492554 0.938565731048584 -0.34042292833328247 
vn 0.11864998936653137 0.938608705997467 -0.3239381015300751 
vn 0.033991724252700806 0.9830172061920166 -0.18033768236637115 
vn 0.06035083904862404 0.983292818069458 -0.17173540592193604 
vn -1.0341130485562108e-13 0.999997615814209 0.002184694167226553 
vn 0.060374896973371506 0.9981160163879395 0.010923261754214764 
vn 0.06037835404276848 0.998173177242279 -0.002184694167226553 
vn 0.283049076795578 0.9591029286384583 -0.002184694167226553 
vn 0.27395838499069214 0.9604291319847107 0.05022686347365379 
vn 0.5555689334869385 0.8314676284790039 0.002184694167226553 
vn 0.5489569902420044 0.8300676345825195 0.0981530249118805 
vn 0.9149710536003113 0.4035136103630066 0.002184694167226553 
vn 0.901337206363678 0.4029533565044403 0.15880759060382843 
vn 0.8672792315483093 0.49781718850135803 -0.002184694167226553 
vn 0.8546275496482849 0.4970509111881256 0.15017375349998474 
vn 0.5173366069793701 0.855779230594635 -0.002184694167226553 
vn 0.505603015422821 0.8581163883209229 0.08945280313491821 
vn 0.34753286838531494 0.9376652836799622 -0.002184694167226553 
vn 0.3384683430194855 0.9391292929649353 0.058952588587999344 
vn 0.18025460839271545 0.9836175441741943 0.002184694167226553 
vn 0.18015825748443604 0.9830917716026306 0.03276457265019417 
vn -1.0341130485562108e-13 0.999997615814209 0.002184694167226553 
vn -0.06037835404276848 0.998173177242279 0.002184694167226553 
vn -0.060374896973371506 0.9981160163879395 0.010923261754214764 
vn -0.27758732438087463 0.9593865275382996 0.05022686347365379 
vn -0.283049076795578 0.9591029286384583 0.002184694167226553 
vn -0.5489569902420044 0.8300676345825195 0.0981530249118805 
vn -0.5555689334869385 0.8314676284790039 0.002184694167226553 
vn -0.901337206363678 0.4029533565044403 0.15880759060382843 
vn -0.9149710536003113 0.4035136103630066 -0.002184694167226553 
vn -0.8565186858177185 0.49378499388694763 0.15017375349998474 
vn -0.8672792315483093 0.49781718850135803 0.002184694167226553 
vn -0.5088513493537903 0.8561941981315613 0.08945280313491821 
vn -0.5173366069793701 0.855779230594635 0.002184694167226553 
vn -0.3420162796974182 0.9378429651260376 0.058952588587999344 
vn -0.34753286838531494 0.9376652836799622 0.002184694167226553 
vn -0.18015825748443604 0.9830917716026306 0.03276457265019417 
vn -0.18025460839271545 0.9836175441741943 0.002184694167226553 
vn -1.0341130485562108e-13 0.999997615814209 0.002184694167226553 
vn -0.060374896973371506 0.9981160163879395 0.010923261754214764 
vn -0.06036682799458504 0.9979826211929321 0.01966099627315998 
vn -0.26647406816482544 0.9592666029930115 0.09380380809307098 
vn -0.27758732438087463 0.9593865275382996 0.05022686347365379 
vn -0.5211942195892334 0.8322640657424927 0.18892620503902435 
vn -0.5489569902420044 0.8300676345825195 0.0981530249118805 
vn -0.8593873977661133 0.4054814875125885 0.31150925159454346 
vn -0.901337206363678 0.4029533565044403 0.15880759060382843 
vn -0.8172844648361206 0.49508264660835266 0.2948545813560486 
vn -0.8565186858177185 0.49378499388694763 0.15017375349998474 
vn -0.48563703894615173 0.8562518358230591 0.1760382205247879 
vn -0.5088513493537903 0.8561941981315613 0.08945280313491821 
vn -0.32254624366760254 0.9389330744743347 0.11986933648586273 
vn -0.3420162796974182 0.9378429651260376 0.058952588587999344 
vn -0.17453818023204803 0.9826127290725708 0.0633138045668602 
vn -0.18015825748443604 0.9830917716026306 0.03276457265019417 
vn -1.0341130485562108e-13 0.999997615814209 0.002184694167226553 
vn -0.06036682799458504 0.9979826211929321 0.01966099627315998 
vn -0.05281035229563713 0.9980669021606445 0.03276457265019417 
vn -0.23916122317314148 0.960610032081604 0.1415284425020218 
vn -0.26647406816482544 0.9592666029930115 0.09380380809307098 
vn -0.48245078325271606 0.830599844455719 0.2781098484992981 
vn -0.5211942195892334 0.8322640657424927 0.18892620503902435 
vn -0.7929973006248474 0.40341728925704956 0.456519216299057 
vn -0.8593873977661133 0.4054814875125885 0.31150925159454346 
vn -0.7532410621643066 0.4950801134109497 0.43303996324539185 
vn -0.8172844648361206 0.49508264660835266 0.2948545813560486 
vn -0.44794997572898865 0.8563065528869629 0.25706008076667786 
vn -0.48563703894615173 0.8562518358230591 0.1760382205247879 
vn -0.29723796248435974 0.9392318725585938 0.17173540592193604 
vn -0.32254624366760254 0.9389330744743347 0.11986933648586273 
vn -0.1559310257434845 0.9833037853240967 0.09380380809307098 
vn -0.17453818023204803 0.9826127290725708 0.0633138045668602 
vn -1.0341130485562108e-13 0.999997615814209 0.002184694167226553 
vn -0.05281035229563713 0.9980669021606445 0.03276457265019417 
vn -0.04525691270828247 0.9981130957603455 0.04149730131030083 
vn -0.21150948107242584 0.960594654083252 0.18033768236637115 
vn -0.23916122317314148 0.960610032081604 0.1415284425020218 
vn -0.42511656880378723 0.8318455219268799 0.3568037748336792 
vn -0.48245078325271606 0.830599844455719 0.2781098484992981 
vn -0.7003517746925354 0.40652427077293396 0.5867242813110352 
vn -0.7929973006248474 0.40341728925704956 0.456519216299057 
vn -0.6650566458702087 0.49624860286712646 0.5580654144287109 
vn -0.7532410621643066 0.4950801134109497 0.43303996324539185 
vn -0.39338424801826477 0.857261061668396 0.33219319581985474 
vn -0.44794997572898865 0.8563065528869629 0.25706008076667786 
vn -0.2607836425304413 0.9392577409744263 0.22312943637371063 
vn -0.29723796248435974 0.9392318725585938 0.17173540592193604 
vn -0.1392497569322586 0.9829754829406738 0.11986933648586273 
vn -0.1559310257434845 0.9833037853240967 0.09380380809307098 
vn -0.1392497569322586 0.9829754829406738 -0.11986933648586273 
vn -0.1559310257434845 0.9833037853240967 -0.09380380809307098 
vn -0.26291581988334656 0.9386631846427917 -0.22312943637371063 
vn -0.29723796248435974 0.9392318725585938 -0.17173540592193604 
vn -0.39338424801826477 0.857261061668396 -0.33219319581985474 
vn -0.450134813785553 0.8551600575447083 -0.25706008076667786 
vn -0.6668506264686584 0.4938351809978485 -0.5580654144287109 
vn -0.7507741451263428 0.4988131523132324 -0.43303996324539185 
vn -0.7019241452217102 0.403803288936615 -0.5867242813110352 
vn -0.7910186052322388 0.40728333592414856 -0.456519216299057 
vn -0.4273025691509247 0.8307247161865234 -0.3568037748336792 
vn -0.4846290647983551 0.8293308019638062 -0.2781098484992981 
vn -0.21360810101032257 0.9601301550865173 -0.18033768236637115 
vn -0.23916122317314148 0.960610032081604 -0.1415284425020218 
vn -0.04525691270828247 0.9981130957603455 -0.04149730131030083 
vn -0.05281035229563713 0.9980669021606445 -0.03276457265019417 
vn -1.0341130485562108e-13 0.999997615814209 0.002184694167226553 
vn -1.0341130485562108e-13 0.999997615814209 0.002184694167226553 
vn -0.04525691270828247 0.9981130957603455 0.04149730131030083 
vn -0.03964303061366081 0.9981608390808105 0.04586252197623253 
vn -0.17826801538467407 0.9602949023246765 0.21460255980491638 
vn -0.21150948107242584 0.960594654083252 0.18033768236637115 
vn -0.3595580756664276 0.8286093473434448 0.42909738421440125 
vn -0.42511656880378723 0.8318455219268799 0.3568037748336792 
vn -0.5906614661216736 0.40118518471717834 0.7001210451126099 
vn -0.7003517746925354 0.40652427077293396 0.5867242813110352 
vn -0.5578593611717224 0.4965461790561676 0.6650074124336243 
vn -0.6650566458702087 0.49624860286712646 0.5580654144287109 
vn -0.33523663878440857 0.8561350107192993 0.3932546079158783 
vn -0.39338424801826477 0.857261061668396 0.33219319581985474 
vn -0.21873566508293152 0.938971221446991 0.26549527049064636 
vn -0.2607836425304413 0.9392577409744263 0.22312943637371063 
vn -0.120476134121418 0.9825757741928101 0.1415284425020218 
vn -0.1392497569322586 0.9829754829406738 0.11986933648586273 
vn -0.03206480294466019 0.9830819964408875 0.18033768236637115 
vn 0.003774539101868868 0.9828001856803894 0.18463370203971863 
vn -0.06220259144902229 0.9382126927375793 0.34042292833328247 
vn 0.003771411720663309 0.9387684464454651 0.34452807903289795 
vn -0.08663816004991531 0.8579981923103333 0.5062933564186096 
vn 0.0018850660417228937 0.8556487560272217 0.5175535082817078 
vn -0.15404510498046875 0.4960533678531647 0.8545181155204773 
vn -0.001880573108792305 0.4968397915363312 0.8678402304649353 
vn -0.15642006695270538 0.4059123992919922 0.9004265069961548 
vn 0.0018797018565237522 0.4032699465751648 0.9150791168212891 
vn -0.09974062442779541 0.8286610245704651 0.5507928133010864 
vn -0.001886310987174511 0.8297948241233826 0.5580654144287109 
vn -0.04524806886911392 0.9594829678535461 0.2781098484992981 
vn -0.0018859864212572575 0.9593231081962585 0.28230419754981995 
vn -0.009432138875126839 0.9979491233825684 0.0633138045668602 
vn -0.0018864546436816454 0.9979918599128723 0.0633138045668602 
vn -1.0341130485562108e-13 0.999997615814209 0.002184694167226553 
vn -0.003774539101868868 0.9828001856803894 -0.18463370203971863 
vn -0.033991724252700806 0.9830172061920166 -0.18033768236637115 
vn 0.0018881241558119655 0.9387741088867188 -0.34452807903289795 
vn -0.05662721395492554 0.938565731048584 -0.34042292833328247 
vn -8.848417875143011e-14 0.8556508421897888 -0.5175535082817078 
vn -0.08863804489374161 0.8577938675880432 -0.5062933564186096 
vn 0.0018896800465881824 0.4968397617340088 -0.8678402304649353 
vn -0.1489717960357666 0.4976004660129547 -0.8545181155204773 
vn -0.0018909238278865814 0.40326988697052 -0.9150791168212891 
vn -0.15859158337116241 0.40506890416145325 -0.9004265069961548 
vn -0.0037780797574669123 0.829788327217102 -0.5580654144287109 
vn -0.0942547470331192 0.8293029069900513 -0.5507928133010864 
vn -0.003776692319661379 0.9593175053596497 -0.28230419754981995 
vn -0.04719085991382599 0.959389328956604 -0.2781098484992981 
vn -0.0018864546436816454 0.9979918599128723 -0.0633138045668602 
vn -0.009432138875126839 0.9979491233825684 -0.0633138045668602 
vn -1.0341130485562108e-13 0.999997615814209 0.002184694167226553 
vn 0.15965624153614044 0.98270583152771 -0.09380380809307098 
vn 0.1392497569322586 0.9829754829406738 -0.11986933648586273 
vn 0.29723796248435974 0.9392318725585938 -0.17173540592193604 
vn 0.2665499746799469 0.9376376271247864 -0.22312943637371063 
vn 0.450134813785553 0.8551600575447083 -0.25706008076667786 
vn 0.3968118727207184 0.8556798696517944 -0.33219319581985474 
vn 0.7507741451263428 0.4988131523132324 -0.43303996324539185 
vn 0.6668506264686584 0.4938351809978485 -0.5580654144287109 
vn 0.7910186052322388 0.40728333592414856 -0.456519216299057 
vn 0.7019241452217102 0.403803288936615 -0.5867242813110352 
vn 0.48136448860168457 0.8312299251556396 -0.2781098484992981 
vn 0.43065789341926575 0.8289902806282043 -0.3568037748336792 
vn 0.23916122317314148 0.960610032081604 -0.1415284425020218 
vn 0.21360810101032257 0.9601301550865173 -0.18033768236637115 
vn 0.05281035229563713 0.9980669021606445 -0.03276457265019417 
vn 0.04525691270828247 0.9981130957603455 -0.04149730131030083 
vn -1.0341130485562108e-13 0.999997615814209 0.002184694167226553 
vn -1.0341130485562108e-13 0.999997615814209 0.002184694167226553 
vn 0.060374896973371506 0.9981160163879395 -0.010923261754214764 
vn 0.06036682799458504 0.9979826211929321 -0.01966099627315998 
vn 0.26283693313598633 0.960269570350647 -0.09380380809307098 
vn 0.27395838499069214 0.9604291319847107 -0.05022686347365379 
vn 0.5243906378746033 0.8302537798881531 -0.18892620503902435 
vn 0.5489569902420044 0.8300676345825195 -0.0981530249118805 
vn 0.8609910607337952 0.40206509828567505 -0.31150925159454346 
vn 0.901337206363678 0.4029533565044403 -0.15880759060382843 
vn 0.8169451355934143 0.49564245343208313 -0.2948545813560486 
vn 0.8546275496482849 0.4970509111881256 -0.15017375349998474 
vn 0.4823490083217621 0.858108401298523 -0.1760382205247879 
vn 0.505603015422821 0.8581163883209229 -0.08945280313491821 
vn 0.32254624366760254 0.9389330744743347 -0.11986933648586273 
vn 0.3384683430194855 0.9391292929649353 -0.058952588587999344 
vn 0.1708221733570099 0.9832655787467957 -0.0633138045668602 
vn 0.18015825748443604 0.9830917716026306 -0.03276457265019417 
vn -0.06035083904862404 0.983292818069458 0.17173540592193604 
vn -0.03206480294466019 0.9830819964408875 0.18033768236637115 
vn -0.1203710287809372 0.9383895397186279 0.3239381015300751 
vn -0.06220259144902229 0.9382126927375793 0.34042292833328247 
vn -0.17793191969394684 0.857061505317688 0.4835140109062195 
vn -0.08663816004991531 0.8579981923103333 0.5062933564186096 
vn -0.2975756525993347 0.4953303337097168 0.8161473870277405 
vn -0.15404510498046875 0.4960533678531647 0.8545181155204773 
vn -0.3162325322628021 0.4025839567184448 0.8590245246887207 
vn -0.15642006695270538 0.4059123992919922 0.9004265069961548 
vn -0.1925366073846817 0.8290314078330994 0.5250110030174255 
vn -0.09974062442779541 0.8286610245704651 0.5507928133010864 
vn -0.09227047115564346 0.9596866369247437 0.26549527049064636 
vn -0.04524806886911392 0.9594829678535461 0.2781098484992981 
vn -0.0245280209928751 0.9979593753814697 0.058952588587999344 
vn -0.009432138875126839 0.9979491233825684 0.0633138045668602 
vn -1.0341130485562108e-13 0.999997615814209 0.002184694167226553 
vn -1.0341130485562108e-13 0.999997615814209 0.002184694167226553 
vn -0.03208078071475029 0.9979933500289917 0.05459024757146835 
vn -0.0245280209928751 0.9979593753814697 0.058952588587999344 
vn -0.09227047115564346 0.9596866369247437 0.26549527049064636 
vn -0.13732072710990906 0.9599093794822693 0.24437066912651062 
vn -0.1925366073846817 0.8290314078330994 0.5250110030174255 
vn -0.2798044681549072 0.8294116258621216 0.4835140109062195 
vn -0.3162325322628021 0.4025839567184448 0.8590245246887207 
vn -0.45926782488822937 0.40067821741104126 0.7927988767623901 
vn -0.2975756525993347 0.4953303337097168 0.8161473870277405 
vn -0.43227246403694153 0.49886903166770935 0.7511792182922363 
vn -0.17793191969394684 0.857061505317688 0.4835140109062195 
vn -0.2565993666648865 0.8580756783485413 0.44481781125068665 
vn -0.1203710287809372 0.9383895397186279 0.3239381015300751 
vn -0.16900694370269775 0.9391589760780334 0.2990269064903259 
vn -0.06035083904862404 0.983292818069458 0.17173540592193604 
vn -0.09419121593236923 0.9828062653541565 0.15880759060382843 
vn -1.0341130485562108e-13 0.999997615814209 0.002184694167226553 
vn 0.043416284024715424 0.9980038404464722 -0.04586252197623253 
vn 0.028307650238275528 0.9981074929237366 -0.05459024757146835 
vn 0.14105653762817383 0.9593675136566162 -0.24437066912651062 
vn 0.18197745084762573 0.9595988392829895 -0.21460255980491638 
vn 0.2819638252258301 0.8286800384521484 -0.4835140109062195 
vn 0.35827624797821045 0.8291643857955933 -0.42909738421440125 
vn 0.4587004482746124 0.40132763981819153 -0.7927988767623901 
vn 0.5881249904632568 0.4048944413661957 -0.7001210451126099 
vn 0.4314933717250824 0.49954304099082947 -0.7511792182922363 
vn 0.5572774410247803 0.4971992075443268 -0.6650074124336243 
vn 0.25512444972991943 0.8585153818130493 -0.44481781125068665 
vn 0.3338959813117981 0.8566588163375854 -0.3932546079158783 
vn 0.16900694370269775 0.9391589760780334 -0.2990269064903259 
vn 0.2208421379327774 0.9384780526161194 -0.26549527049064636 
vn 0.09419121593236923 0.9828062653541565 -0.15880759060382843 
vn 0.120476134121418 0.9825757741928101 -0.1415284425020218 
vn 0.1708221733570099 0.9832655787467957 0.0633138045668602 
vn 0.18015825748443604 0.9830917716026306 0.03276457265019417 
vn 0.32254624366760254 0.9389330744743347 0.11986933648586273 
vn 0.3384683430194855 0.9391292929649353 0.058952588587999344 
vn 0.4823490083217621 0.858108401298523 0.1760382205247879 
vn 0.505603015422821 0.8581163883209229 0.08945280313491821 
vn 0.8172844648361206 0.49508264660835266 0.2948545813560486 
vn 0.8546275496482849 0.4970509111881256 0.15017375349998474 
vn 0.8609910607337952 0.40206509828567505 0.31150925159454346 
vn 0.901337206363678 0.4029533565044403 0.15880759060382843 
vn 0.5243906378746033 0.8302537798881531 0.18892620503902435 
vn 0.5489569902420044 0.8300676345825195 0.0981530249118805 
vn 0.26283693313598633 0.960269570350647 0.09380380809307098 
vn 0.27395838499069214 0.9604291319847107 0.05022686347365379 
vn 0.06036682799458504 0.9979826211929321 0.01966099627315998 
vn 0.060374896973371506 0.9981160163879395 0.010923261754214764 
vn -1.0341130485562108e-13 0.999997615814209 0.002184694167226553 
vn 0.1708221733570099 0.9832655787467957 -0.0633138045668602 
vn 0.15965624153614044 0.98270583152771 -0.09380380809307098 
vn 0.32254624366760254 0.9389330744743347 -0.11986933648586273 
vn 0.29723796248435974 0.9392318725585938 -0.17173540592193604 
vn 0.4823490083217621 0.858108401298523 -0.1760382205247879 
vn 0.450134813785553 0.8551600575447083 -0.25706008076667786 
vn 0.8169451355934143 0.49564245343208313 -0.2948545813560486 
vn 0.7507741451263428 0.4988131523132324 -0.43303996324539185 
vn 0.8609910607337952 0.40206509828567505 -0.31150925159454346 
vn 0.7910186052322388 0.40728333592414856 -0.456519216299057 
vn 0.5243906378746033 0.8302537798881531 -0.18892620503902435 
vn 0.48136448860168457 0.8312299251556396 -0.2781098484992981 
vn 0.26283693313598633 0.960269570350647 -0.09380380809307098 
vn 0.23916122317314148 0.960610032081604 -0.1415284425020218 
vn 0.06036682799458504 0.9979826211929321 -0.01966099627315998 
vn 0.05281035229563713 0.9980669021606445 -0.03276457265019417 
vn -1.0341130485562108e-13 0.999997615814209 0.002184694167226553 
vn 0.18025460839271545 0.9836175441741943 0.002184694167226553 
vn 0.18015825748443604 0.9830917716026306 -0.03276457265019417 
vn 0.34753286838531494 0.9376652836799622 -0.002184694167226553 
vn 0.3384683430194855 0.9391292929649353 -0.058952588587999344 
vn 0.5173366069793701 0.855779230594635 -0.002184694167226553 
vn 0.505603015422821 0.8581163883209229 -0.08945280313491821 
vn 0.8672792315483093 0.49781718850135803 -0.002184694167226553 
vn 0.8546275496482849 0.4970509111881256 -0.15017375349998474 
vn 0.9149710536003113 0.4035136103630066 0.002184694167226553 
vn 0.901337206363678 0.4029533565044403 -0.15880759060382843 
vn 0.5555689334869385 0.8314676284790039 0.002184694167226553 
vn 0.5489569902420044 0.8300676345825195 -0.0981530249118805 
vn 0.283049076795578 0.9591029286384583 -0.002184694167226553 
vn 0.27395838499069214 0.9604291319847107 -0.05022686347365379 
vn 0.06037835404276848 0.998173177242279 -0.002184694167226553 
vn 0.060374896973371506 0.9981160163879395 -0.010923261754214764 
vn -1.0341130485562108e-13 0.999997615814209 0.002184694167226553 
vn 0.09419121593236923 0.9828062653541565 -0.15880759060382843 
vn 0.06035083904862404 0.983292818069458 -0.17173540592193604 
vn 0.16900694370269775 0.9391589760780334 -0.2990269064903259 
vn 0.11864998936653137 0.938608705997467 -0.3239381015300751 
vn 0.25512444972991943 0.8585153818130493 -0.44481781125068665 
vn 0.18002164363861084 0.8566250205039978 -0.4835140109062195 
vn 0.4314933717250824 0.49954304099082947 -0.7511792182922363 
vn 0.29544752836227417 0.4966026246547699 -0.8161473870277405 
vn 0.4587004482746124 0.40132763981819153 -0.7927988767623901 
vn 0.3123942017555237 0.4055696427822113 -0.8590245246887207 
vn 0.2819638252258301 0.8286800384521484 -0.4835140109062195 
vn 0.1872820258140564 0.8302342295646667 -0.5250110030174255 
vn 0.14105653762817383 0.9593675136566162 -0.24437066912651062 
vn 0.09426461160182953 0.9594928026199341 -0.26549527049064636 
vn 0.028307650238275528 0.9981074929237366 -0.05459024757146835 
vn 0.020755073055624962 0.998045027256012 -0.058952588587999344 
vn -1.0341130485562108e-13 0.999997615814209 0.002184694167226553 
vn 0.033991724252700806 0.9830172061920166 -0.18033768236637115 
vn -0.003774539101868868 0.9828001856803894 -0.18463370203971863 
vn 0.05662721395492554 0.938565731048584 -0.34042292833328247 
vn 0.0018881241558119655 0.9387741088867188 -0.34452807903289795 
vn 0.09239567071199417 0.8573972582817078 -0.5062933564186096 
vn -8.848417875143011e-14 0.8556508421897888 -0.5175535082817078 
vn 0.1489717960357666 0.4976004660129547 -0.8545181155204773 
vn 0.0018896800465881824 0.4968397617340088 -0.8678402304649353 
vn 0.15859158337116241 0.40506890416145325 -0.9004265069961548 
vn -0.0018909238278865814 0.40326988697052 -0.9150791168212891 
vn 0.0942547470331192 0.8293029069900513 -0.5507928133010864 
vn -0.0037780797574669123 0.829788327217102 -0.5580654144287109 
vn 0.05096271261572838 0.9591963887214661 -0.2781098484992981 
vn -0.003776692319661379 0.9593175053596497 -0.28230419754981995 
vn 0.013204805552959442 0.9979063272476196 -0.0633138045668602 
vn -0.0018864546436816454 0.9979918599128723 -0.0633138045668602 
vn -1.0341130485562108e-13 0.999997615814209 0.002184694167226553 
vn 0.15965624153614044 0.98270583152771 0.09380380809307098 
vn 0.1708221733570099 0.9832655787467957 0.0633138045668602 
vn 0.29723796248435974 0.9392318725585938 0.17173540592193604 
vn 0.32254624366760254 0.9389330744743347 0.11986933648586273 
vn 0.444604754447937 0.8580482006072998 0.25706008076667786 
vn 0.4823490083217621 0.858108401298523 0.1760382205247879 
vn 0.7511634230613708 0.49822673201560974 0.43303996324539185 
vn 0.8172844648361206 0.49508264660835266 0.2948545813560486 
vn 0.7912797927856445 0.40677568316459656 0.456519216299057 
vn 0.8609910607337952 0.40206509828567505 0.31150925159454346 
vn 0.48245078325271606 0.830599844455719 0.2781098484992981 
vn 0.5243906378746033 0.8302537798881531 0.18892620503902435 
vn 0.23916122317314148 0.960610032081604 0.1415284425020218 
vn 0.26283693313598633 0.960269570350647 0.09380380809307098 
vn 0.05281035229563713 0.9980669021606445 0.03276457265019417 
vn 0.06036682799458504 0.9979826211929321 0.01966099627315998 
vn -1.0341130485562108e-13 0.999997615814209 0.002184694167226553 
vn -0.120476134121418 0.9825757741928101 0.1415284425020218 
vn -0.09419121593236923 0.9828062653541565 0.15880759060382843 
vn -0.21873566508293152 0.938971221446991 0.26549527049064636 
vn -0.16900694370269775 0.9391589760780334 0.2990269064903259 
vn -0.33523663878440857 0.8561350107192993 0.3932546079158783 
vn -0.2565993666648865 0.8580756783485413 0.44481781125068665 
vn -0.5578593611717224 0.4965461790561676 0.6650074124336243 
vn -0.43227246403694153 0.49886903166770935 0.7511792182922363 
vn -0.5906614661216736 0.40118518471717834 0.7001210451126099 
vn -0.45926782488822937 0.40067821741104126 0.7927988767623901 
vn -0.3595580756664276 0.8286093473434448 0.42909738421440125 
vn -0.2798044681549072 0.8294116258621216 0.4835140109062195 
vn -0.17826801538467407 0.9602949023246765 0.21460255980491638 
vn -0.13732072710990906 0.9599093794822693 0.24437066912651062 
vn -0.03964303061366081 0.9981608390808105 0.04586252197623253 
vn -0.03208078071475029 0.9979933500289917 0.05459024757146835 
vn -1.0341130485562108e-13 0.999997615814209 0.002184694167226553 
vn 0.028293583542108536 0.9831977486610413 0.18033768236637115 
vn 0.06035083904862404 0.983292818069458 0.17173540592193604 
vn 0.058437757194042206 0.9384547472000122 0.34042292833328247 
vn 0.1203710287809372 0.9383895397186279 0.3239381015300751 
vn 0.08663816004991531 0.8579981923103333 0.5062933564186096 
vn 0.17423680424690247 0.8578203320503235 0.4835140109062195 
vn 0.1504420042037964 0.4971579611301422 0.8545181155204773 
vn 0.2975756525993347 0.4953303337097168 0.8161473870277405 
vn 0.1599271446466446 0.4045434594154358 0.9004265069961548 
vn 0.31326204538345337 0.4048996865749359 0.8590245246887207 
vn 0.09599383920431137 0.829103410243988 0.5507928133010864 
vn 0.18886128067970276 0.8298764228820801 0.5250110030174255 
vn 0.04524806886911392 0.9594829678535461 0.2781098484992981 
vn 0.09602435678243637 0.9593182802200317 0.26549527049064636 
vn 0.013204805552959442 0.9979063272476196 0.0633138045668602 
vn 0.020755073055624962 0.998045027256012 0.058952588587999344 
vn -1.0341130485562108e-13 0.999997615814209 0.002184694167226553 
vn -0.06035083904862404 0.983292818069458 -0.17173540592193604 
vn -0.09419121593236923 0.9828062653541565 -0.15880759060382843 
vn -0.11490225791931152 0.9390748739242554 -0.3239381015300751 
vn -0.16900694370269775 0.9391589760780334 -0.2990269064903259 
vn -0.18002164363861084 0.8566250205039978 -0.4835140109062195 
vn -0.25874245166778564 0.8574318885803223 -0.44481781125068665 
vn -0.29544752836227417 0.4966026246547699 -0.8161473870277405 
vn -0.4343448877334595 0.4970656931400299 -0.7511792182922363 
vn -0.3123942017555237 0.4055696427822113 -0.8590245246887207 
vn -0.4562048316001892 0.4041622281074524 -0.7927988767623901 
vn -0.1872820258140564 0.8302342295646667 -0.5250110030174255 
vn -0.2819638252258301 0.8286800384521484 -0.4835140109062195 
vn -0.09426461160182953 0.9594928026199341 -0.26549527049064636 
vn -0.13732072710990906 0.9599093794822693 -0.24437066912651062 
vn -0.0245280209928751 0.9979593753814697 -0.058952588587999344 
vn -0.03208078071475029 0.9979933500289917 -0.05459024757146835 
vn -1.0341130485562108e-13 0.999997615814209 0.002184694167226553 
vn 0.06035083904862404 0.983292818069458 0.17173540592193604 
vn 0.09419121593236923 0.9828062653541565 0.15880759060382843 
vn 0.1203710287809372 0.9383895397186279 0.3239381015300751 
vn 0.16900694370269775 0.9391589760780334 0.2990269064903259 
vn 0.17423680424690247 0.8578203320503235 0.4835140109062195 
vn 0.2565993666648865 0.8580756783485413 0.44481781125068665 
vn 0.2975756525993347 0.4953303337097168 0.8161473870277405 
vn 0.43227246403694153 0.49886903166770935 0.7511792182922363 
vn 0.31326204538345337 0.4048996865749359 0.8590245246887207 
vn 0.45926782488822937 0.40067821741104126 0.7927988767623901 
vn 0.18886128067970276 0.8298764228820801 0.5250110030174255 
vn 0.27622756361961365 0.8306097388267517 0.4835140109062195 
vn 0.09602435678243637 0.9593182802200317 0.26549527049064636 
vn 0.14105653762817383 0.9593675136566162 0.24437066912651062 
vn 0.020755073055624962 0.998045027256012 0.058952588587999344 
vn 0.028307650238275528 0.9981074929237366 0.05459024757146835 
vn -1.0341130485562108e-13 0.999997615814209 0.002184694167226553 
vn -0.120476134121418 0.9825757741928101 -0.1415284425020218 
vn -0.1392497569322586 0.9829754829406738 -0.11986933648586273 
vn -0.2208421379327774 0.9384780526161194 -0.26549527049064636 
vn -0.26291581988334656 0.9386631846427917 -0.22312943637371063 
vn -0.33037519454956055 0.8580227494239807 -0.3932546079158783 
vn -0.39338424801826477 0.857261061668396 -0.33219319581985474 
vn -0.5597855448722839 0.494373619556427 -0.6650074124336243 
vn -0.6668506264686584 0.4938351809978485 -0.5580654144287109 
vn -0.5881249904632568 0.4048944413661957 -0.7001210451126099 
vn -0.7019241452217102 0.403803288936615 -0.5867242813110352 
vn -0.35480454564094543 0.8306558728218079 -0.42909738421440125 
vn -0.4273025691509247 0.8307247161865234 -0.3568037748336792 
vn -0.17826801538467407 0.9602949023246765 -0.21460255980491638 
vn -0.21360810101032257 0.9601301550865173 -0.18033768236637115 
vn -0.03964303061366081 0.9981608390808105 -0.04586252197623253 
vn -0.04525691270828247 0.9981130957603455 -0.04149730131030083 
vn -1.0341130485562108e-13 0.999997615814209 0.002184694167226553 
vn 0.1392497569322586 0.9829754829406738 -0.11986933648586273 
vn 0.120476134121418 0.9825757741928101 -0.1415284425020218 
vn 0.2665499746799469 0.9376376271247864 -0.22312943637371063 
vn 0.2208421379327774 0.9384780526161194 -0.26549527049064636 
vn 0.3968118727207184 0.8556798696517944 -0.33219319581985474 
vn 0.3338959813117981 0.8566588163375854 -0.3932546079158783 
vn 0.6668506264686584 0.4938351809978485 -0.5580654144287109 
vn 0.5572774410247803 0.4971992075443268 -0.6650074124336243 
vn 0.7019241452217102 0.403803288936615 -0.5867242813110352 
vn 0.5881249904632568 0.4048944413661957 -0.7001210451126099 
vn 0.43065789341926575 0.8289902806282043 -0.3568037748336792 
vn 0.35827624797821045 0.8291643857955933 -0.42909738421440125 
vn 0.21360810101032257 0.9601301550865173 -0.18033768236637115 
vn 0.18197745084762573 0.9595988392829895 -0.21460255980491638 
vn 0.04525691270828247 0.9981130957603455 -0.04149730131030083 
vn 0.043416284024715424 0.9980038404464722 -0.04586252197623253 
vn -1.0341130485562108e-13 0.999997615814209 0.002184694167226553 
vn -1.0341130485562108e-13 0.999997615814209 0.002184694167226553 
vn 0.04525691270828247 0.9981130957603455 0.04149730131030083 
vn 0.05281035229563713 0.9980669021606445 0.03276457265019417 
vn 0.23916122317314148 0.960610032081604 0.1415284425020218 
vn 0.21519264578819275 0.9597762227058411 0.18033768236637115 
vn 0.48245078325271606 0.830599844455719 0.2781098484992981 
vn 0.42511656880378723 0.8318455219268799 0.3568037748336792 
vn 0.7912797927856445 0.40677568316459656 0.456519216299057 
vn 0.7022362351417542 0.4032602906227112 0.5867242813110352 
vn 0.7511634230613708 0.49822673201560974 0.43303996324539185 
vn 0.6627935767173767 0.4992671012878418 0.5580654144287109 
vn 0.444604754447937 0.8580482006072998 0.25706008076667786 
vn 0.3968118727207184 0.8556798696517944 0.33219319581985474 
vn 0.29723796248435974 0.9392318725585938 0.17173540592193604 
vn 0.2607836425304413 0.9392577409744263 0.22312943637371063 
vn 0.15965624153614044 0.98270583152771 0.09380380809307098 
vn 0.1392497569322586 0.9829754829406738 0.11986933648586273 
vn -1.0341130485562108e-13 0.999997615814209 0.002184694167226553 
vn -0.060374896973371506 0.9981160163879395 -0.010923261754214764 
vn -0.06037835404276848 0.998173177242279 0.002184694167226553 
vn -0.283049076795578 0.9591029286384583 0.002184694167226553 
vn -0.27758732438087463 0.9593865275382996 -0.05022686347365379 
vn -0.5555689334869385 0.8314676284790039 0.002184694167226553 
vn -0.5489569902420044 0.8300676345825195 -0.0981530249118805 
vn -0.9149710536003113 0.4035136103630066 -0.002184694167226553 
vn -0.901337206363678 0.4029533565044403 -0.15880759060382843 
vn -0.8672792315483093 0.49781718850135803 0.002184694167226553 
vn -0.8565186858177185 0.49378499388694763 -0.15017375349998474 
vn -0.5173366069793701 0.855779230594635 0.002184694167226553 
vn -0.5088513493537903 0.8561941981315613 -0.08945280313491821 
vn -0.34753286838531494 0.9376652836799622 0.002184694167226553 
vn -0.3420162796974182 0.9378429651260376 -0.058952588587999344 
vn -0.18025460839271545 0.9836175441741943 0.002184694167226553 
vn -0.18015825748443604 0.9830917716026306 -0.03276457265019417 
vn -1.0341130485562108e-13 0.999997615814209 0.002184694167226553 
vn -0.009432138875126839 0.9979491233825684 -0.0633138045668602 
vn -0.0245280209928751 0.9979593753814697 -0.058952588587999344 
vn -0.09426461160182953 0.9594928026199341 -0.26549527049064636 
vn -0.04719085991382599 0.959389328956604 -0.2781098484992981 
vn -0.1872820258140564 0.8302342295646667 -0.5250110030174255 
vn -0.0942547470331192 0.8293029069900513 -0.5507928133010864 
vn -0.3123942017555237 0.4055696427822113 -0.8590245246887207 
vn -0.15859158337116241 0.40506890416145325 -0.9004265069961548 
vn -0.29544752836227417 0.4966026246547699 -0.8161473870277405 
vn -0.1489717960357666 0.4976004660129547 -0.8545181155204773 
vn -0.18002164363861084 0.8566250205039978 -0.4835140109062195 
vn -0.08863804489374161 0.8577938675880432 -0.5062933564186096 
vn -0.11490225791931152 0.9390748739242554 -0.3239381015300751 
vn -0.05662721395492554 0.938565731048584 -0.34042292833328247 
vn -0.06035083904862404 0.983292818069458 -0.17173540592193604 
vn -0.033991724252700806 0.9830172061920166 -0.18033768236637115 
vn -1.0341130485562108e-13 0.999997615814209 0.002184694167226553 
vn 0.028307650238275528 0.9981074929237366 0.05459024757146835 
vn 0.043416284024715424 0.9980038404464722 0.04586252197623253 
vn 0.18197745084762573 0.9595988392829895 0.21460255980491638 
vn 0.14105653762817383 0.9593675136566162 0.24437066912651062 
vn 0.3595580756664276 0.8286093473434448 0.42909738421440125 
vn 0.27622756361961365 0.8306097388267517 0.4835140109062195 
vn 0.588534951210022 0.4042982757091522 0.7001210451126099 
vn 0.45926782488822937 0.40067821741104126 0.7927988767623901 
vn 0.5578593611717224 0.4965461790561676 0.6650074124336243 
vn 0.43227246403694153 0.49886903166770935 0.7511792182922363 
vn 0.33523663878440857 0.8561350107192993 0.3932546079158783 
vn 0.2565993666648865 0.8580756783485413 0.44481781125068665 
vn 0.2224075347185135 0.9381082653999329 0.26549527049064636 
vn 0.16900694370269775 0.9391589760780334 0.2990269064903259 
vn 0.120476134121418 0.9825757741928101 0.1415284425020218 
vn 0.09419121593236923 0.9828062653541565 0.15880759060382843 
vn -1.0341130485562108e-13 0.999997615814209 0.002184694167226553 
vn -0.0018864546436816454 0.9979918599128723 0.0633138045668602 
vn 0.013204805552959442 0.9979063272476196 0.0633138045668602 
vn 0.04524806886911392 0.9594829678535461 0.2781098484992981 
vn -0.0018859864212572575 0.9593231081962585 0.28230419754981995 
vn 0.09599383920431137 0.829103410243988 0.5507928133010864 
vn -0.001886310987174511 0.8297948241233826 0.5580654144287109 
vn 0.1599271446466446 0.4045434594154358 0.9004265069961548 
vn 0.0018797018565237522 0.4032699465751648 0.9150791168212891 
vn 0.1504420042037964 0.4971579611301422 0.8545181155204773 
vn -0.001880573108792305 0.4968397915363312 0.8678402304649353 
vn 0.08663816004991531 0.8579981923103333 0.5062933564186096 
vn 0.0018850660417228937 0.8556487560272217 0.5175535082817078 
vn 0.058437757194042206 0.9384547472000122 0.34042292833328247 
vn 0.003771411720663309 0.9387684464454651 0.34452807903289795 
vn 0.028293583542108536 0.9831977486610413 0.18033768236637115 
vn 0.003774539101868868 0.9828001856803894 0.18463370203971863 
vn -0.09419121593236923 0.9828062653541565 -0.15880759060382843 
vn -0.120476134121418 0.9825757741928101 -0.1415284425020218 
vn -0.16900694370269775 0.9391589760780334 -0.2990269064903259 
vn -0.2208421379327774 0.9384780526161194 -0.26549527049064636 
vn -0.25874245166778564 0.8574318885803223 -0.44481781125068665 
vn -0.33037519454956055 0.8580227494239807 -0.3932546079158783 
vn -0.4343448877334595 0.4970656931400299 -0.7511792182922363 
vn -0.5597855448722839 0.494373619556427 -0.6650074124336243 
vn -0.4562048316001892 0.4041622281074524 -0.7927988767623901 
vn -0.5881249904632568 0.4048944413661957 -0.7001210451126099 
vn -0.2819638252258301 0.8286800384521484 -0.4835140109062195 
vn -0.35480454564094543 0.8306558728218079 -0.42909738421440125 
vn -0.13732072710990906 0.9599093794822693 -0.24437066912651062 
vn -0.17826801538467407 0.9602949023246765 -0.21460255980491638 
vn -0.03208078071475029 0.9979933500289917 -0.05459024757146835 
vn -0.03964303061366081 0.9981608390808105 -0.04586252197623253 
vn -1.0341130485562108e-13 0.999997615814209 0.002184694167226553 
vn 3.097898456858039e-13 -0.999997615814209 0.002184694167226553 
vn 3.097898456858039e-13 -0.999997615814209 0.002184694167226553 
vn 3.097898456858039e-13 -0.999997615814209 0.002184694167226553 
vn 3.097898456858039e-13 -0.999997615814209 0.002184694167226553 
vn 3.097898456858039e-13 -0.999997615814209 0.002184694167226553 
vn 3.097898456858039e-13 -0.999997615814209 0.002184694167226553 
vn 3.097898456858039e-13 -0.999997615814209 0.002184694167226553 
vn 3.097898456858039e-13 -0.999997615814209 0.002184694167226553 
vn 3.097898456858039e-13 -0.999997615814209 0.002184694167226553 
vn 3.097898456858039e-13 -0.999997615814209 0.002184694167226553 
vn 3.097898456858039e-13 -0.999997615814209 0.002184694167226553 
vn 3.097898456858039e-13 -0.999997615814209 0.002184694167226553 
vn 3.097898456858039e-13 -0.999997615814209 0.002184694167226553 
vn 3.097898456858039e-13 -0.999997615814209 0.002184694167226553 
vn 3.097898456858039e-13 -0.999997615814209 0.002184694167226553 
vn 3.097898456858039e-13 -0.999997615814209 0.002184694167226553 
vn 3.097898456858039e-13 -0.999997615814209 0.002184694167226553 
vn 3.097898456858039e-13 -0.999997615814209 0.002184694167226553 
vn 3.097898456858039e-13 -0.999997615814209 0.002184694167226553 
vn 3.097898456858039e-13 -0.999997615814209 0.002184694167226553 
vn 3.097898456858039e-13 -0.999997615814209 0.002184694167226553 
vn 3.097898456858039e-13 -0.999997615814209 0.002184694167226553 
vn 3.097898456858039e-13 -0.999997615814209 0.002184694167226553 
vn 3.097898456858039e-13 -0.999997615814209 0.002184694167226553 
vn 3.097898456858039e-13 -0.999997615814209 0.002184694167226553 
vn 3.097898456858039e-13 -0.999997615814209 0.002184694167226553 
vn 3.097898456858039e-13 -0.999997615814209 0.002184694167226553 
vn 3.097898456858039e-13 -0.999997615814209 0.002184694167226553 
vn 3.097898456858039e-13 -0.999997615814209 0.002184694167226553 
vn 3.097898456858039e-13 -0.999997615814209 0.002184694167226553 
vn 3.097898456858039e-13 -0.999997615814209 0.002184694167226553 
vn 3.097898456858039e-13 -0.999997615814209 0.002184694167226553 
vn 3.097898456858039e-13 -0.999997615814209 0.002184694167226553 
vn 3.097898456858039e-13 -0.999997615814209 0.002184694167226553 
vn 3.097898456858039e-13 -0.999997615814209 0.002184694167226553 
s on 
f 1//1 2//2 3//3 
f 2//2 4//4 3//3 
f 3//3 4//4 4//4 
f 4//4 2//2 4//4 
f 4//4 2//2 5//5 
f 2//2 6//6 5//5 
f 5//5 6//6 7//7 
f 6//6 8//8 7//7 
f 7//7 8//8 9//9 
f 8//8 10//10 9//9 
f 9//9 10//10 11//11 
f 10//10 12//12 11//11 
f 11//11 12//12 13//13 
f 12//12 14//14 13//13 
f 13//13 14//14 15//15 
f 14//14 16//16 15//15 
f 15//15 16//16 17//17 
f 16//16 18//18 17//17 
f 17//17 18//18 19//19 
f 18//18 20//20 19//19 
f 19//19 20//20 21//21 
f 20//20 22//22 21//21 
f 21//21 22//22 23//23 
f 22//22 24//24 23//23 
f 23//23 24//24 25//25 
f 24//24 26//26 25//25 
f 25//25 26//26 27//27 
f 26//26 28//28 27//27 
f 27//27 28//28 29//29 
f 28//28 30//30 29//29 
f 29//29 30//30 31//31 
f 30//30 32//32 31//31 
f 31//31 32//32 33//33 
f 32//32 34//34 33//33 
f 33//33 34//34 35//35 
f 34//34 36//36 35//35 
f 35//35 36//36 37//37 
f 36//36 38//38 37//37 
f 37//37 38//38 39//39 
f 38//38 40//40 39//39 
f 39//39 40//40 41//41 
f 40//40 42//42 41//41 
f 41//41 42//42 43//43 
f 42//42 44//44 43//43 
f 43//43 44//44 45//45 
f 44//44 46//46 45//45 
f 45//45 46//46 47//47 
f 46//46 48//48 47//47 
f 47//47 48//48 49//49 
f 48//48 50//50 49//49 
f 49//49 50//50 51//51 
f 50//50 52//52 51//51 
f 51//51 52//52 53//53 
f 52//52 54//54 53//53 
f 53//53 54//54 55//55 
f 54//54 56//56 55//55 
f 55//55 56//56 57//57 
f 56//56 58//58 57//57 
f 57//57 58//58 59//59 
f 58//58 60//60 59//59 
f 59//59 60//60 61//61 
f 60//60 62//62 61//61 
f 61//61 62//62 63//63 
f 62//62 64//64 63//63 
f 63//63 64//64 65//65 
f 64//64 66//66 65//65 
f 65//65 66//66 67//67 
f 66//66 68//68 67//67 
f 67//67 68//68 69//69 
f 68//68 70//70 69//69 
f 69//69 70//70 71//71 
f 70//70 72//72 71//71 
f 71//71 72//72 73//73 
f 72//72 74//74 73//73 
f 73//73 74//74 75//75 
f 74//74 75//75 75//75 
f 75//75 75//75 75//75 
f 75//75 76//76 75//75 
f 75//75 76//76 73//73 
f 76//76 77//77 73//73 
f 73//73 77//77 71//71 
f 77//77 78//78 71//71 
f 71//71 78//78 69//69 
f 78//78 79//79 69//69 
f 69//69 79//79 67//67 
f 79//79 80//80 67//67 
f 67//67 80//80 65//65 
f 80//80 81//81 65//65 
f 65//65 81//81 63//63 
f 81//81 82//82 63//63 
f 63//63 82//82 61//61 
f 82//82 83//83 61//61 
f 61//61 83//83 59//59 
f 83//83 84//84 59//59 
f 59//59 84//84 57//57 
f 84//84 85//85 57//57 
f 57//57 85//85 55//55 
f 85//85 86//86 55//55 
f 55//55 86//86 53//53 
f 86//86 87//87 53//53 
f 53//53 87//87 51//51 
f 87//87 88//88 51//51 
f 51//51 88//88 49//49 
f 88//88 89//89 49//49 
f 49//49 89//89 47//47 
f 89//89 90//90 47//47 
f 47//47 90//90 45//45 
f 90//90 91//91 45//45 
f 45//45 91//91 43//43 
f 91//91 92//92 43//43 
f 43//43 92//92 41//41 
f 92//92 93//93 41//41 
f 41//41 93//93 39//39 
f 93//93 94//94 39//39 
f 39//39 94//94 37//37 
f 94//94 95//95 37//37 
f 37//37 95//95 35//35 
f 95//95 96//96 35//35 
f 35//35 96//96 33//33 
f 96//96 97//97 33//33 
f 33//33 97//97 31//31 
f 97//97 98//98 31//31 
f 31//31 98//98 29//29 
f 98//98 99//99 29//29 
f 29//29 99//99 27//27 
f 99//99 100//100 27//27 
f 27//27 100//100 25//25 
f 100//100 101//101 25//25 
f 25//25 101//101 23//23 
f 101//101 102//102 23//23 
f 23//23 102//102 21//21 
f 102//102 103//103 21//21 
f 21//21 103//103 19//19 
f 103//103 104//104 19//19 
f 19//19 104//104 17//17 
f 104//104 105//105 17//17 
f 17//17 105//105 15//15 
f 105//105 106//106 15//15 
f 15//15 106//106 13//13 
f 106//106 107//107 13//13 
f 13//13 107//107 11//11 
f 107//107 108//108 11//11 
f 11//11 108//108 9//9 
f 108//108 109//109 9//9 
f 9//9 109//109 7//7 
f 109//109 110//110 7//7 
f 7//7 110//110 5//5 
f 110//110 111//111 5//5 
f 5//5 111//111 4//4 
f 111//111 4//4 4//4 
f 4//4 4//4 76//76 
f 4//4 76//76 76//76 
f 76//76 76//76 76//76 
f 76//76 112//112 76//76 
f 76//76 112//112 77//77 
f 112//112 113//113 77//77 
f 77//77 113//113 78//78 
f 113//113 114//114 78//78 
f 78//78 114//114 79//79 
f 114//114 115//115 79//79 
f 79//79 115//115 80//80 
f 115//115 116//116 80//80 
f 80//80 116//116 81//81 
f 116//116 117//117 81//81 
f 81//81 117//117 82//82 
f 117//117 118//118 82//82 
f 82//82 118//118 83//83 
f 118//118 119//119 83//83 
f 83//83 119//119 84//84 
f 119//119 120//120 84//84 
f 84//84 120//120 85//85 
f 120//120 121//121 85//85 
f 85//85 121//121 86//86 
f 121//121 122//122 86//86 
f 86//86 122//122 87//87 
f 122//122 123//123 87//87 
f 87//87 123//123 88//88 
f 123//123 124//124 88//88 
f 88//88 124//124 89//89 
f 124//124 125//125 89//89 
f 89//89 125//125 90//90 
f 125//125 126//126 90//90 
f 90//90 126//126 91//91 
f 126//126 127//127 91//91 
f 91//91 127//127 92//92 
f 127//127 128//128 92//92 
f 92//92 128//128 93//93 
f 128//128 129//129 93//93 
f 93//93 129//129 94//94 
f 129//129 130//130 94//94 
f 94//94 130//130 95//95 
f 130//130 131//131 95//95 
f 95//95 131//131 96//96 
f 131//131 132//132 96//96 
f 96//96 132//132 97//97 
f 132//132 133//133 97//97 
f 97//97 133//133 98//98 
f 133//133 134//134 98//98 
f 98//98 134//134 99//99 
f 134//134 135//135 99//99 
f 99//99 135//135 100//100 
f 135//135 136//136 100//100 
f 100//100 136//136 101//101 
f 136//136 137//137 101//101 
f 101//101 137//137 102//102 
f 137//137 138//138 102//102 
f 102//102 138//138 103//103 
f 138//138 139//139 103//103 
f 103//103 139//139 104//104 
f 139//139 140//140 104//104 
f 104//104 140//140 105//105 
f 140//140 141//141 105//105 
f 105//105 141//141 106//106 
f 141//141 142//142 106//106 
f 106//106 142//142 107//107 
f 142//142 143//143 107//107 
f 107//107 143//143 108//108 
f 143//143 144//144 108//108 
f 108//108 144//144 109//109 
f 144//144 145//145 109//109 
f 109//109 145//145 110//110 
f 145//145 146//146 110//110 
f 110//110 146//146 111//111 
f 146//146 111//111 111//111 
f 111//111 111//111 112//112 
f 111//111 112//112 112//112 
f 112//112 112//112 112//112 
f 112//112 147//147 112//112 
f 112//112 147//147 113//113 
f 147//147 148//148 113//113 
f 113//113 148//148 114//114 
f 148//148 149//149 114//114 
f 114//114 149//149 115//115 
f 149//149 150//150 115//115 
f 115//115 150//150 116//116 
f 150//150 151//151 116//116 
f 116//116 151//151 117//117 
f 151//151 152//152 117//117 
f 117//117 152//152 118//118 
f 152//152 153//153 118//118 
f 118//118 153//153 119//119 
f 153//153 154//154 119//119 
f 119//119 154//154 120//120 
f 154//154 155//155 120//120 
f 120//120 155//155 121//121 
f 155//155 156//156 121//121 
f 121//121 156//156 122//122 
f 156//156 157//157 122//122 
f 122//122 157//157 123//123 
f 157//157 158//158 123//123 
f 123//123 158//158 124//124 
f 158//158 159//159 124//124 
f 124//124 159//159 125//125 
f 159//159 160//160 125//125 
f 125//125 160//160 126//126 
f 160//160 161//161 126//126 
f 126//126 161//161 127//127 
f 161//161 162//162 127//127 
f 127//127 162//162 128//128 
f 162//162 163//163 128//128 
f 128//128 163//163 129//129 
f 163//163 164//164 129//129 
f 129//129 164//164 130//130 
f 164//164 165//165 130//130 
f 130//130 165//165 131//131 
f 165//165 166//166 131//131 
f 131//131 166//166 132//132 
f 166//166 167//167 132//132 
f 132//132 167//167 133//133 
f 167//167 168//168 133//133 
f 133//133 168//168 134//134 
f 168//168 169//169 134//134 
f 134//134 169//169 135//135 
f 169//169 170//170 135//135 
f 135//135 170//170 136//136 
f 170//170 171//171 136//136 
f 136//136 171//171 137//137 
f 171//171 172//172 137//137 
f 137//137 172//172 138//138 
f 172//172 173//173 138//138 
f 138//138 173//173 139//139 
f 173//173 174//174 139//139 
f 139//139 174//174 140//140 
f 174//174 175//175 140//140 
f 140//140 175//175 141//141 
f 175//175 176//176 141//141 
f 141//141 176//176 142//142 
f 176//176 177//177 142//142 
f 142//142 177//177 143//143 
f 177//177 178//178 143//143 
f 143//143 178//178 144//144 
f 178//178 179//179 144//144 
f 144//144 179//179 145//145 
f 179//179 180//180 145//145 
f 145//145 180//180 146//146 
f 180//180 146//146 146//146 
f 146//146 146//146 147//147 
f 146//146 147//147 147//147 
f 147//147 147//147 147//147 
f 147//147 181//181 147//147 
f 147//147 181//181 148//148 
f 181//181 182//182 148//148 
f 148//148 182//182 149//149 
f 182//182 183//183 149//149 
f 149//149 183//183 150//150 
f 183//183 184//184 150//150 
f 150//150 184//184 151//151 
f 184//184 185//185 151//151 
f 151//151 185//185 152//152 
f 185//185 186//186 152//152 
f 152//152 186//186 153//153 
f 186//186 187//187 153//153 
f 153//153 187//187 154//154 
f 187//187 188//188 154//154 
f 154//154 188//188 155//155 
f 188//188 189//189 155//155 
f 155//155 189//189 156//156 
f 189//189 190//190 156//156 
f 156//156 190//190 157//157 
f 190//190 191//191 157//157 
f 157//157 191//191 158//158 
f 191//191 192//192 158//158 
f 158//158 192//192 159//159 
f 192//192 193//193 159//159 
f 159//159 193//193 160//160 
f 193//193 194//194 160//160 
f 160//160 194//194 161//161 
f 194//194 195//195 161//161 
f 161//161 195//195 162//162 
f 195//195 196//196 162//162 
f 162//162 196//196 163//163 
f 196//196 197//197 163//163 
f 163//163 197//197 164//164 
f 197//197 198//198 164//164 
f 164//164 198//198 165//165 
f 198//198 199//199 165//165 
f 165//165 199//199 166//166 
f 199//199 200//200 166//166 
f 166//166 200//200 167//167 
f 200//200 201//201 167//167 
f 167//167 201//201 168//168 
f 201//201 202//202 168//168 
f 168//168 202//202 169//169 
f 202//202 203//203 169//169 
f 169//169 203//203 170//170 
f 203//203 204//204 170//170 
f 170//170 204//204 171//171 
f 204//204 205//205 171//171 
f 171//171 205//205 172//172 
f 205//205 206//206 172//172 
f 172//172 206//206 173//173 
f 206//206 207//207 173//173 
f 173//173 207//207 174//174 
f 207//207 208//208 174//174 
f 174//174 208//208 175//175 
f 208//208 209//209 175//175 
f 175//175 209//209 176//176 
f 209//209 210//210 176//176 
f 176//176 210//210 177//177 
f 210//210 211//211 177//177 
f 177//177 211//211 178//178 
f 211//211 212//212 178//178 
f 178//178 212//212 179//179 
f 212//212 213//213 179//179 
f 179//179 213//213 180//180 
f 213//213 180//180 180//180 
f 180//180 180//180 181//181 
f 180//180 181//181 181//181 
f 181//181 181//181 181//181 
f 181//181 214//214 181//181 
f 181//181 214//214 182//182 
f 214//214 215//215 182//182 
f 182//182 215//215 183//183 
f 215//215 216//216 183//183 
f 183//183 216//216 184//184 
f 216//216 217//217 184//184 
f 184//184 217//217 185//185 
f 217//217 218//218 185//185 
f 185//185 218//218 186//186 
f 218//218 219//219 186//186 
f 186//186 219//219 187//187 
f 219//219 220//220 187//187 
f 187//187 220//220 188//188 
f 220//220 221//221 188//188 
f 188//188 221//221 189//189 
f 221//221 222//222 189//189 
f 189//189 222//222 190//190 
f 222//222 223//223 190//190 
f 190//190 223//223 191//191 
f 223//223 224//224 191//191 
f 191//191 224//224 192//192 
f 224//224 225//225 192//192 
f 192//192 225//225 193//193 
f 225//225 226//226 193//193 
f 193//193 226//226 194//194 
f 226//226 227//227 194//194 
f 194//194 227//227 195//195 
f 227//227 228//228 195//195 
f 195//195 228//228 196//196 
f 228//228 229//229 196//196 
f 196//196 229//229 197//197 
f 229//229 230//230 197//197 
f 197//197 230//230 198//198 
f 230//230 231//231 198//198 
f 198//198 231//231 199//199 
f 231//231 232//232 199//199 
f 199//199 232//232 200//200 
f 232//232 233//233 200//200 
f 200//200 233//233 201//201 
f 233//233 234//234 201//201 
f 201//201 234//234 202//202 
f 234//234 235//235 202//202 
f 202//202 235//235 203//203 
f 235//235 236//236 203//203 
f 203//203 236//236 204//204 
f 236//236 237//237 204//204 
f 204//204 237//237 205//205 
f 237//237 238//238 205//205 
f 205//205 238//238 206//206 
f 238//238 239//239 206//206 
f 206//206 239//239 207//207 
f 239//239 240//240 207//207 
f 207//207 240//240 208//208 
f 240//240 241//241 208//208 
f 208//208 241//241 209//209 
f 241//241 242//242 209//209 
f 209//209 242//242 210//210 
f 242//242 243//243 210//210 
f 210//210 243//243 211//211 
f 243//243 244//244 211//211 
f 211//211 244//244 212//212 
f 244//244 245//245 212//212 
f 212//212 245//245 213//213 
f 245//245 213//213 213//213 
f 213//213 213//213 214//214 
f 213//213 214//214 214//214 
f 214//214 214//214 214//214 
f 214//214 246//246 214//214 
f 214//214 246//246 215//215 
f 246//246 247//247 215//215 
f 215//215 247//247 216//216 
f 247//247 248//248 216//216 
f 216//216 248//248 217//217 
f 248//248 249//249 217//217 
f 217//217 249//249 218//218 
f 249//249 250//250 218//218 
f 218//218 250//250 219//219 
f 250//250 251//251 219//219 
f 219//219 251//251 220//220 
f 251//251 252//252 220//220 
f 220//220 252//252 221//221 
f 252//252 253//253 221//221 
f 221//221 253//253 222//222 
f 253//253 254//254 222//222 
f 222//222 254//254 223//223 
f 254//254 255//255 223//223 
f 223//223 255//255 224//224 
f 255//255 256//256 224//224 
f 224//224 256//256 225//225 
f 256//256 257//257 225//225 
f 225//225 257//257 226//226 
f 257//257 258//258 226//226 
f 226//226 258//258 227//227 
f 258//258 259//259 227//227 
f 227//227 259//259 228//228 
f 259//259 260//260 228//228 
f 228//228 260//260 229//229 
f 260//260 261//261 229//229 
f 229//229 261//261 230//230 
f 261//261 262//262 230//230 
f 230//230 262//262 231//231 
f 262//262 263//263 231//231 
f 231//231 263//263 232//232 
f 263//263 264//264 232//232 
f 232//232 264//264 233//233 
f 264//264 265//265 233//233 
f 233//233 265//265 234//234 
f 265//265 266//266 234//234 
f 234//234 266//266 235//235 
f 266//266 267//267 235//235 
f 235//235 267//267 236//236 
f 267//267 268//268 236//236 
f 236//236 268//268 237//237 
f 268//268 269//269 237//237 
f 237//237 269//269 238//238 
f 269//269 270//270 238//238 
f 238//238 270//270 239//239 
f 270//270 271//271 239//239 
f 239//239 271//271 240//240 
f 271//271 272//272 240//240 
f 240//240 272//272 241//241 
f 272//272 273//273 241//241 
f 241//241 273//273 242//242 
f 273//273 274//274 242//242 
f 242//242 274//274 243//243 
f 274//274 275//275 243//243 
f 243//243 275//275 244//244 
f 275//275 276//276 244//244 
f 244//244 276//276 245//245 
f 276//276 245//245 245//245 
f 245//245 245//245 246//246 
f 245//245 246//246 246//246 
f 246//246 246//246 246//246 
f 246//246 277//277 246//246 
f 246//246 277//277 247//247 
f 277//277 278//278 247//247 
f 247//247 278//278 248//248 
f 278//278 279//279 248//248 
f 248//248 279//279 249//249 
f 279//279 280//280 249//249 
f 249//249 280//280 250//250 
f 280//280 281//281 250//250 
f 250//250 281//281 251//251 
f 281//281 282//282 251//251 
f 251//251 282//282 252//252 
f 282//282 283//283 252//252 
f 252//252 283//283 253//253 
f 283//283 284//284 253//253 
f 253//253 284//284 254//254 
f 284//284 285//285 254//254 
f 254//254 285//285 255//255 
f 285//285 286//286 255//255 
f 255//255 286//286 256//256 
f 286//286 287//287 256//256 
f 256//256 287//287 257//257 
f 287//287 288//288 257//257 
f 257//257 288//288 258//258 
f 288//288 289//289 258//258 
f 258//258 289//289 259//259 
f 289//289 290//290 259//259 
f 259//259 290//290 260//260 
f 290//290 291//291 260//260 
f 260//260 291//291 261//261 
f 291//291 292//292 261//261 
f 261//261 292//292 262//262 
f 292//292 293//293 262//262 
f 262//262 293//293 263//263 
f 293//293 294//294 263//263 
f 263//263 294//294 264//264 
f 294//294 295//295 264//264 
f 264//264 295//295 265//265 
f 295//295 296//296 265//265 
f 265//265 296//296 266//266 
f 296//296 297//297 266//266 
f 266//266 297//297 267//267 
f 297//297 298//298 267//267 
f 267//267 298//298 268//268 
f 298//298 299//299 268//268 
f 268//268 299//299 269//269 
f 299//299 300//300 269//269 
f 269//269 300//300 270//270 
f 300//300 301//301 270//270 
f 270//270 301//301 271//271 
f 301//301 302//302 271//271 
f 271//271 302//302 272//272 
f 302//302 303//303 272//272 
f 272//272 303//303 273//273 
f 303//303 304//304 273//273 
f 273//273 304//304 274//274 
f 304//304 305//305 274//274 
f 274//274 305//305 275//275 
f 305//305 306//306 275//275 
f 275//275 306//306 276//276 
f 306//306 276//276 276//276 
f 276//276 276//276 277//277 
f 276//276 277//277 277//277 
f 277//277 277//277 277//277 
f 277//277 307//307 277//277 
f 277//277 307//307 278//278 
f 307//307 308//308 278//278 
f 278//278 308//308 279//279 
f 308//308 309//309 279//279 
f 279//279 309//309 280//280 
f 309//309 310//310 280//280 
f 280//280 310//310 281//281 
f 310//310 311//311 281//281 
f 281//281 311//311 282//282 
f 311//311 312//312 282//282 
f 282//282 312//312 283//283 
f 312//312 313//313 283//283 
f 283//283 313//313 284//284 
f 313//313 314//314 284//284 
f 284//284 314//314 285//285 
f 314//314 315//315 285//285 
f 285//285 315//315 286//286 
f 315//315 316//316 286//286 
f 286//286 316//316 287//287 
f 316//316 317//317 287//287 
f 287//287 317//317 288//288 
f 317//317 318//318 288//288 
f 288//288 318//318 289//289 
f 318//318 319//319 289//289 
f 289//289 319//319 290//290 
f 319//319 320//320 290//290 
f 290//290 320//320 291//291 
f 320//320 321//321 291//291 
f 291//291 321//321 292//292 
f 321//321 322//322 292//292 
f 292//292 322//322 293//293 
f 322//322 323//323 293//293 
f 293//293 323//323 294//294 
f 323//323 324//324 294//294 
f 294//294 324//324 295//295 
f 324//324 325//325 295//295 
f 295//295 325//325 296//296 
f 325//325 326//326 296//296 
f 296//296 326//326 297//297 
f 326//326 327//327 297//297 
f 297//297 327//327 298//298 
f 327//327 328//328 298//298 
f 298//298 328//328 299//299 
f 328//328 329//329 299//299 
f 299//299 329//329 300//300 
f 329//329 330//330 300//300 
f 300//300 330//330 301//301 
f 330//330 331//331 301//301 
f 301//301 331//331 302//302 
f 331//331 332//332 302//302 
f 302//302 332//332 303//303 
f 332//332 333//333 303//303 
f 303//303 333//333 304//304 
f 333//333 334//334 304//304 
f 304//304 334//334 305//305 
f 334//334 335//335 305//305 
f 305//305 335//335 306//306 
f 335//335 306//306 306//306 
f 306//306 306//306 307//307 
f 306//306 307//307 307//307 
f 307//307 307//307 307//307 
f 307//307 336//336 307//307 
f 307//307 336//336 308//308 
f 336//336 337//337 308//308 
f 308//308 337//337 309//309 
f 337//337 338//338 309//309 
f 309//309 338//338 310//310 
f 338//338 339//339 310//310 
f 310//310 339//339 311//311 
f 339//339 340//340 311//311 
f 311//311 340//340 312//312 
f 340//340 341//341 312//312 
f 312//312 341//341 313//313 
f 341//341 342//342 313//313 
f 313//313 342//342 314//314 
f 342//342 343//343 314//314 
f 314//314 343//343 315//315 
f 343//343 344//344 315//315 
f 315//315 344//344 316//316 
f 344//344 345//345 316//316 
f 316//316 345//345 317//317 
f 345//345 346//346 317//317 
f 317//317 346//346 318//318 
f 346//346 347//347 318//318 
f 318//318 347//347 319//319 
f 347//347 348//348 319//319 
f 319//319 348//348 320//320 
f 348//348 349//349 320//320 
f 320//320 349//349 321//321 
f 349//349 350//350 321//321 
f 321//321 350//350 322//322 
f 350//350 351//351 322//322 
f 322//322 351//351 323//323 
f 351//351 352//352 323//323 
f 323//323 352//352 324//324 
f 352//352 353//353 324//324 
f 324//324 353//353 325//325 
f 353//353 354//354 325//325 
f 325//325 354//354 326//326 
f 354//354 355//355 326//326 
f 326//326 355//355 327//327 
f 355//355 356//356 327//327 
f 327//327 356//356 328//328 
f 356//356 357//357 328//328 
f 328//328 357//357 329//329 
f 357//357 358//358 329//329 
f 329//329 358//358 330//330 
f 358//358 359//359 330//330 
f 330//330 359//359 331//331 
f 359//359 360//360 331//331 
f 331//331 360//360 332//332 
f 360//360 361//361 332//332 
f 332//332 361//361 333//333 
f 361//361 362//362 333//333 
f 333//333 362//362 334//334 
f 362//362 363//363 334//334 
f 334//334 363//363 335//335 
f 363//363 335//335 335//335 
f 335//335 335//335 336//336 
f 335//335 336//336 336//336 
f 336//336 336//336 336//336 
f 336//336 364//364 336//336 
f 336//336 364//364 337//337 
f 364//364 365//365 337//337 
f 337//337 365//365 338//338 
f 365//365 366//366 338//338 
f 338//338 366//366 339//339 
f 366//366 367//367 339//339 
f 339//339 367//367 340//340 
f 367//367 368//368 340//340 
f 340//340 368//368 341//341 
f 368//368 369//369 341//341 
f 341//341 369//369 342//342 
f 369//369 370//370 342//342 
f 342//342 370//370 343//343 
f 370//370 371//371 343//343 
f 343//343 371//371 344//344 
f 371//371 372//372 344//344 
f 344//344 372//372 345//345 
f 372//372 373//373 345//345 
f 345//345 373//373 346//346 
f 373//373 374//374 346//346 
f 346//346 374//374 347//347 
f 374//374 375//375 347//347 
f 347//347 375//375 348//348 
f 375//375 376//376 348//348 
f 348//348 376//376 349//349 
f 376//376 377//377 349//349 
f 349//349 377//377 350//350 
f 377//377 378//378 350//350 
f 350//350 378//378 351//351 
f 378//378 379//379 351//351 
f 351//351 379//379 352//352 
f 379//379 380//380 352//352 
f 352//352 380//380 353//353 
f 380//380 381//381 353//353 
f 353//353 381//381 354//354 
f 381//381 382//382 354//354 
f 354//354 382//382 355//355 
f 382//382 383//383 355//355 
f 355//355 383//383 356//356 
f 383//383 384//384 356//356 
f 356//356 384//384 357//357 
f 384//384 385//385 357//357 
f 357//357 385//385 358//358 
f 385//385 386//386 358//358 
f 358//358 386//386 359//359 
f 386//386 387//387 359//359 
f 359//359 387//387 360//360 
f 387//387 388//388 360//360 
f 360//360 388//388 361//361 
f 388//388 389//389 361//361 
f 361//361 389//389 362//362 
f 389//389 390//390 362//362 
f 362//362 390//390 363//363 
f 390//390 363//363 363//363 
f 363//363 363//363 364//364 
f 363//363 364//364 364//364 
f 364//364 364//364 364//364 
f 364//364 336//336 364//364 
f 364//364 336//336 391//391 
f 336//336 392//392 391//391 
f 391//391 392//392 393//393 
f 392//392 394//394 393//393 
f 393//393 394//394 395//395 
f 394//394 396//396 395//395 
f 395//395 396//396 397//397 
f 396//396 398//398 397//397 
f 397//397 398//398 399//399 
f 398//398 400//400 399//399 
f 399//399 400//400 401//401 
f 400//400 402//402 401//401 
f 401//401 402//402 403//403 
f 402//402 404//404 403//403 
f 403//403 404//404 405//405 
f 404//404 406//406 405//405 
f 405//405 406//406 407//407 
f 406//406 408//408 407//407 
f 407//407 408//408 409//409 
f 408//408 409//409 409//409 
f 409//409 409//409 336//336 
f 409//409 336//336 336//336 
f 336//336 336//336 336//336 
f 336//336 307//307 336//336 
f 336//336 307//307 392//392 
f 307//307 410//410 392//392 
f 392//392 410//410 394//394 
f 410//410 411//411 394//394 
f 394//394 411//411 396//396 
f 411//411 412//412 396//396 
f 396//396 412//412 398//398 
f 412//412 413//413 398//398 
f 398//398 413//413 400//400 
f 413//413 414//414 400//400 
f 400//400 414//414 402//402 
f 414//414 415//415 402//402 
f 402//402 415//415 404//404 
f 415//415 416//416 404//404 
f 404//404 416//416 406//406 
f 416//416 417//417 406//406 
f 406//406 417//417 408//408 
f 417//417 408//408 408//408 
f 408//408 408//408 307//307 
f 408//408 307//307 307//307 
f 307//307 307//307 307//307 
f 307//307 277//277 307//307 
f 307//307 277//277 410//410 
f 277//277 418//418 410//410 
f 410//410 418//418 411//411 
f 418//418 419//419 411//411 
f 411//411 419//419 412//412 
f 419//419 420//420 412//412 
f 412//412 420//420 413//413 
f 420//420 421//421 413//413 
f 413//413 421//421 414//414 
f 421//421 422//422 414//414 
f 414//414 422//422 415//415 
f 422//422 423//423 415//415 
f 415//415 423//423 416//416 
f 423//423 424//424 416//416 
f 416//416 424//424 417//417 
f 424//424 417//417 417//417 
f 417//417 417//417 277//277 
f 417//417 277//277 277//277 
f 277//277 277//277 277//277 
f 277//277 246//246 277//277 
f 277//277 246//246 418//418 
f 246//246 425//425 418//418 
f 418//418 425//425 419//419 
f 425//425 426//426 419//419 
f 419//419 426//426 420//420 
f 426//426 427//427 420//420 
f 420//420 427//427 421//421 
f 427//427 428//428 421//421 
f 421//421 428//428 422//422 
f 428//428 429//429 422//422 
f 422//422 429//429 423//423 
f 429//429 430//430 423//423 
f 423//423 430//430 424//424 
f 430//430 424//424 424//424 
f 424//424 424//424 246//246 
f 424//424 246//246 246//246 
f 246//246 246//246 246//246 
f 246//246 214//214 246//246 
f 246//246 214//214 425//425 
f 214//214 431//431 425//425 
f 425//425 431//431 426//426 
f 431//431 432//432 426//426 
f 426//426 432//432 427//427 
f 432//432 433//433 427//427 
f 427//427 433//433 428//428 
f 433//433 434//434 428//428 
f 428//428 434//434 429//429 
f 434//434 435//435 429//429 
f 429//429 435//435 430//430 
f 435//435 430//430 430//430 
f 430//430 430//430 214//214 
f 430//430 214//214 214//214 
f 214//214 214//214 214//214 
f 214//214 181//181 214//214 
f 214//214 181//181 431//431 
f 181//181 436//436 431//431 
f 431//431 436//436 432//432 
f 436//436 437//437 432//432 
f 432//432 437//437 433//433 
f 437//437 438//438 433//433 
f 433//433 438//438 434//434 
f 438//438 439//439 434//434 
f 434//434 439//439 435//435 
f 439//439 435//435 435//435 
f 435//435 435//435 181//181 
f 435//435 181//181 181//181 
f 181//181 181//181 181//181 
f 181//181 147//147 181//181 
f 181//181 147//147 436//436 
f 147//147 440//440 436//436 
f 436//436 440//440 437//437 
f 440//440 441//441 437//437 
f 437//437 441//441 438//438 
f 441//441 442//442 438//438 
f 438//438 442//442 439//439 
f 442//442 439//439 439//439 
f 439//439 439//439 147//147 
f 439//439 147//147 147//147 
f 147//147 147//147 147//147 
f 147//147 112//112 147//147 
f 147//147 112//112 440//440 
f 112//112 443//443 440//440 
f 440//440 443//443 441//441 
f 443//443 444//444 441//441 
f 441//441 444//444 442//442 
f 444//444 442//442 442//442 
f 442//442 442//442 444//444 
f 442//442 444//444 444//444 
f 444//444 444//444 444//444 
f 444//444 443//443 444//444 
f 444//444 443//443 445//445 
f 443//443 76//76 445//445 
f 445//445 76//76 75//75 
f 76//76 75//75 75//75 
f 75//75 75//75 446//446 
f 75//75 446//446 446//446 
f 446//446 446//446 446//446 
f 446//446 447//447 446//446 
f 446//446 447//447 448//448 
f 447//447 449//449 448//448 
f 448//448 449//449 449//449 
f 449//449 447//447 449//449 
f 449//449 447//447 447//447 
f 447//447 450//450 447//447 
f 447//447 450//450 449//449 
f 450//450 451//451 449//449 
f 449//449 451//451 451//451 
f 451//451 450//450 451//451 
f 451//451 450//450 450//450 
f 450//450 452//452 450//450 
f 450//450 452//452 451//451 
f 452//452 453//453 451//451 
f 451//451 453//453 453//453 
f 453//453 452//452 453//453 
f 453//453 452//452 452//452 
f 452//452 454//454 452//452 
f 452//452 454//454 453//453 
f 454//454 455//455 453//453 
f 453//453 455//455 455//455 
f 455//455 454//454 455//455 
f 455//455 454//454 454//454 
f 454//454 456//456 454//454 
f 454//454 456//456 455//455 
f 456//456 457//457 455//455 
f 455//455 457//457 457//457 
f 457//457 456//456 457//457 
f 457//457 456//456 456//456 
f 456//456 458//458 456//456 
f 456//456 458//458 457//457 
f 458//458 459//459 457//457 
f 457//457 459//459 459//459 
f 459//459 458//458 459//459 
f 459//459 458//458 458//458 
f 458//458 460//460 458//458 
f 458//458 460//460 459//459 
f 460//460 461//461 459//459 
f 459//459 461//461 461//461 
f 461//461 460//460 461//461 
f 461//461 460//460 460//460 
f 460//460 462//462 460//460 
f 460//460 462//462 461//461 
f 462//462 401//401 461//461 
f 461//461 401//401 401//401 
f 401//401 463//463 401//401 
f 401//401 463//463 463//463 
f 463//463 464//464 463//463 
f 463//463 464//464 465//465 
f 464//464 466//466 465//465 
f 465//465 466//466 466//466 
f 466//466 464//464 466//466 
f 466//466 464//464 464//464 
f 464//464 467//467 464//464 
f 464//464 467//467 466//466 
f 467//467 468//468 466//466 
f 466//466 468//468 468//468 
f 468//468 467//467 468//468 
f 468//468 467//467 467//467 
f 467//467 469//469 467//467 
f 467//467 469//469 468//468 
f 469//469 470//470 468//468 
f 468//468 470//470 470//470 
f 470//470 469//469 470//470 
f 470//470 469//469 469//469 
f 469//469 471//471 469//469 
f 469//469 471//471 470//470 
f 471//471 472//472 470//470 
f 470//470 472//472 472//472 
f 472//472 471//471 472//472 
f 472//472 471//471 471//471 
f 471//471 473//473 471//471 
f 471//471 473//473 472//472 
f 473//473 474//474 472//472 
f 472//472 474//474 474//474 
f 474//474 473//473 474//474 
f 474//474 473//473 473//473 
f 473//473 475//475 473//473 
f 473//473 475//475 474//474 
f 475//475 476//476 474//474 
f 474//474 476//476 476//476 
f 476//476 475//475 476//476 
f 476//476 475//475 475//475 
f 475//475 477//477 475//475 
f 475//475 477//477 476//476 
f 477//477 478//478 476//476 
f 476//476 478//478 478//478 
f 478//478 477//477 478//478 
f 478//478 477//477 477//477 
f 477//477 479//479 477//477 
f 477//477 479//479 478//478 
f 479//479 374//374 478//478 
f 478//478 374//374 374//374 
f 374//374 480//480 374//374 
f 374//374 480//480 480//480 
f 480//480 481//481 480//480 
f 480//480 481//481 482//482 
f 481//481 483//483 482//482 
f 482//482 483//483 483//483 
f 483//483 481//481 483//483 
f 483//483 481//481 481//481 
f 481//481 484//484 481//481 
f 481//481 484//484 483//483 
f 484//484 485//485 483//483 
f 483//483 485//485 485//485 
f 485//485 484//484 485//485 
f 485//485 484//484 484//484 
f 484//484 486//486 484//484 
f 484//484 486//486 485//485 
f 486//486 487//487 485//485 
f 485//485 487//487 487//487 
f 487//487 486//486 487//487 
f 487//487 486//486 486//486 
f 486//486 488//488 486//486 
f 486//486 488//488 487//487 
f 488//488 489//489 487//487 
f 487//487 489//489 489//489 
f 489//489 488//488 489//489 
f 489//489 488//488 488//488 
f 488//488 490//490 488//488 
f 488//488 490//490 489//489 
f 490//490 491//491 489//489 
f 489//489 491//491 491//491 
f 491//491 490//490 491//491 
f 491//491 490//490 490//490 
f 490//490 492//492 490//490 
f 490//490 492//492 491//491 
f 492//492 493//493 491//491 
f 491//491 493//493 493//493 
f 493//493 492//492 493//493 
f 493//493 492//492 492//492 
f 492//492 494//494 492//492 
f 492//492 494//494 493//493 
f 494//494 495//495 493//493 
f 493//493 495//495 495//495 
f 495//495 494//494 495//495 
f 495//495 494//494 494//494 
f 494//494 496//496 494//494 
f 494//494 496//496 495//495 
f 496//496 373//373 495//495 
f 495//495 373//373 373//373 
f 373//373 497//497 373//373 
f 373//373 497//497 497//497 
f 497//497 498//498 497//497 
f 497//497 498//498 499//499 
f 498//498 500//500 499//499 
f 499//499 500//500 500//500 
f 500//500 498//498 500//500 
f 500//500 498//498 498//498 
f 498//498 501//501 498//498 
f 498//498 501//501 500//500 
f 501//501 502//502 500//500 
f 500//500 502//502 502//502 
f 502//502 501//501 502//502 
f 502//502 501//501 501//501 
f 501//501 503//503 501//501 
f 501//501 503//503 502//502 
f 503//503 504//504 502//502 
f 502//502 504//504 504//504 
f 504//504 503//503 504//504 
f 504//504 503//503 503//503 
f 503//503 505//505 503//503 
f 503//503 505//505 504//504 
f 505//505 506//506 504//504 
f 504//504 506//506 506//506 
f 506//506 505//505 506//506 
f 506//506 505//505 505//505 
f 505//505 507//507 505//505 
f 505//505 507//507 506//506 
f 507//507 508//508 506//506 
f 506//506 508//508 508//508 
f 508//508 507//507 508//508 
f 508//508 507//507 507//507 
f 507//507 509//509 507//507 
f 507//507 509//509 508//508 
f 509//509 510//510 508//508 
f 508//508 510//510 510//510 
f 510//510 509//509 510//510 
f 510//510 509//509 509//509 
f 509//509 511//511 509//509 
f 509//509 511//511 510//510 
f 511//511 512//512 510//510 
f 510//510 512//512 512//512 
f 512//512 511//511 512//512 
f 512//512 511//511 511//511 
f 511//511 513//513 511//511 
f 511//511 513//513 512//512 
f 513//513 382//382 512//512 
f 512//512 382//382 382//382 
f 382//382 514//514 382//382 
f 382//382 514//514 514//514 
f 514//514 515//515 514//514 
f 514//514 515//515 516//516 
f 515//515 517//517 516//516 
f 516//516 517//517 517//517 
f 517//517 515//515 517//517 
f 517//517 515//515 515//515 
f 515//515 518//518 515//515 
f 515//515 518//518 517//517 
f 518//518 519//519 517//517 
f 517//517 519//519 519//519 
f 519//519 518//518 519//519 
f 519//519 518//518 518//518 
f 518//518 520//520 518//518 
f 518//518 520//520 519//519 
f 520//520 521//521 519//519 
f 519//519 521//521 521//521 
f 521//521 520//520 521//521 
f 521//521 520//520 520//520 
f 520//520 522//522 520//520 
f 520//520 522//522 521//521 
f 522//522 523//523 521//521 
f 521//521 523//523 523//523 
f 523//523 522//522 523//523 
f 523//523 522//522 522//522 
f 522//522 524//524 522//522 
f 522//522 524//524 523//523 
f 524//524 525//525 523//523 
f 523//523 525//525 525//525 
f 525//525 524//524 525//525 
f 525//525 524//524 524//524 
f 524//524 526//526 524//524 
f 524//524 526//526 525//525 
f 526//526 527//527 525//525 
f 525//525 527//527 527//527 
f 527//527 526//526 527//527 
f 527//527 526//526 526//526 
f 526//526 528//528 526//526 
f 526//526 528//528 527//527 
f 528//528 529//529 527//527 
f 527//527 529//529 529//529 
f 529//529 528//528 529//529 
f 529//529 528//528 528//528 
f 528//528 530//530 528//528 
f 528//528 530//530 529//529 
f 530//530 409//409 529//529 
f 529//529 409//409 409//409 
f 409//409 531//531 409//409 
f 409//409 531//531 531//531 
f 531//531 532//532 531//531 
f 531//531 532//532 533//533 
f 532//532 534//534 533//533 
f 533//533 534//534 534//534 
f 534//534 532//532 534//534 
f 534//534 532//532 532//532 
f 532//532 535//535 532//532 
f 532//532 535//535 534//534 
f 535//535 536//536 534//534 
f 534//534 536//536 536//536 
f 536//536 535//535 536//536 
f 536//536 535//535 535//535 
f 535//535 537//537 535//535 
f 535//535 537//537 536//536 
f 537//537 538//538 536//536 
f 536//536 538//538 538//538 
f 538//538 537//537 538//538 
f 538//538 537//537 537//537 
f 537//537 539//539 537//537 
f 537//537 539//539 538//538 
f 539//539 540//540 538//538 
f 538//538 540//540 540//540 
f 540//540 539//539 540//540 
f 540//540 539//539 539//539 
f 539//539 541//541 539//539 
f 539//539 541//541 540//540 
f 541//541 542//542 540//540 
f 540//540 542//542 542//542 
f 542//542 541//541 542//542 
f 542//542 541//541 541//541 
f 541//541 543//543 541//541 
f 541//541 543//543 542//542 
f 543//543 544//544 542//542 
f 542//542 544//544 544//544 
f 544//544 543//543 544//544 
f 544//544 543//543 543//543 
f 543//543 545//545 543//543 
f 543//543 545//545 544//544 
f 545//545 546//546 544//544 
f 544//544 546//546 546//546 
f 546//546 545//545 546//546 
f 546//546 545//545 545//545 
f 545//545 547//547 545//545 
f 545//545 547//547 546//546 
f 547//547 371//371 546//546 
f 546//546 371//371 371//371 
f 371//371 548//548 371//371 
f 371//371 548//548 548//548 
f 548//548 549//549 548//548 
f 548//548 549//549 550//550 
f 549//549 551//551 550//550 
f 550//550 551//551 551//551 
f 551//551 549//549 551//551 
f 551//551 549//549 549//549 
f 549//549 552//552 549//549 
f 549//549 552//552 551//551 
f 552//552 553//553 551//551 
f 551//551 553//553 553//553 
f 553//553 552//552 553//553 
f 553//553 552//552 552//552 
f 552//552 554//554 552//552 
f 552//552 554//554 553//553 
f 554//554 555//555 553//553 
f 553//553 555//555 555//555 
f 555//555 554//554 555//555 
f 555//555 554//554 554//554 
f 554//554 556//556 554//554 
f 554//554 556//556 555//555 
f 556//556 557//557 555//555 
f 555//555 557//557 557//557 
f 557//557 556//556 557//557 
f 557//557 556//556 556//556 
f 556//556 558//558 556//556 
f 556//556 558//558 557//557 
f 558//558 559//559 557//557 
f 557//557 559//559 559//559 
f 559//559 558//558 559//559 
f 559//559 558//558 558//558 
f 558//558 560//560 558//558 
f 558//558 560//560 559//559 
f 560//560 561//561 559//559 
f 559//559 561//561 561//561 
f 561//561 560//560 561//561 
f 561//561 560//560 560//560 
f 560//560 562//562 560//560 
f 560//560 562//562 561//561 
f 562//562 563//563 561//561 
f 561//561 563//563 563//563 
f 563//563 562//562 563//563 
f 563//563 562//562 562//562 
f 562//562 564//564 562//562 
f 562//562 564//564 563//563 
f 564//564 370//370 563//563 
f 563//563 370//370 370//370 
f 370//370 565//565 370//370 
f 370//370 565//565 565//565 
f 565//565 566//566 565//565 
f 565//565 566//566 567//567 
f 566//566 568//568 567//567 
f 567//567 568//568 568//568 
f 568//568 566//566 568//568 
f 568//568 566//566 566//566 
f 566//566 569//569 566//566 
f 566//566 569//569 568//568 
f 569//569 570//570 568//568 
f 568//568 570//570 570//570 
f 570//570 569//569 570//570 
f 570//570 569//569 569//569 
f 569//569 571//571 569//569 
f 569//569 571//571 570//570 
f 571//571 572//572 570//570 
f 570//570 572//572 572//572 
f 572//572 571//571 572//572 
f 572//572 571//571 571//571 
f 571//571 573//573 571//571 
f 571//571 573//573 572//572 
f 573//573 574//574 572//572 
f 572//572 574//574 574//574 
f 574//574 573//573 574//574 
f 574//574 573//573 573//573 
f 573//573 575//575 573//573 
f 573//573 575//575 574//574 
f 575//575 576//576 574//574 
f 574//574 576//576 576//576 
f 576//576 575//575 576//576 
f 576//576 575//575 575//575 
f 575//575 577//577 575//575 
f 575//575 577//577 576//576 
f 577//577 578//578 576//576 
f 576//576 578//578 578//578 
f 578//578 577//577 578//578 
f 578//578 577//577 577//577 
f 577//577 579//579 577//577 
f 577//577 579//579 578//578 
f 579//579 580//580 578//578 
f 578//578 580//580 580//580 
f 580//580 579//579 580//580 
f 580//580 579//579 579//579 
f 579//579 581//581 579//579 
f 579//579 581//581 580//580 
f 581//581 369//369 580//580 
f 580//580 369//369 369//369 
f 369//369 582//582 369//369 
f 369//369 582//582 582//582 
f 582//582 583//583 582//582 
f 582//582 583//583 584//584 
f 583//583 585//585 584//584 
f 584//584 585//585 585//585 
f 585//585 583//583 585//585 
f 585//585 583//583 583//583 
f 583//583 586//586 583//583 
f 583//583 586//586 585//585 
f 586//586 587//587 585//585 
f 585//585 587//587 587//587 
f 587//587 586//586 587//587 
f 587//587 586//586 586//586 
f 586//586 588//588 586//586 
f 586//586 588//588 587//587 
f 588//588 589//589 587//587 
f 587//587 589//589 589//589 
f 589//589 588//588 589//589 
f 589//589 588//588 588//588 
f 588//588 590//590 588//588 
f 588//588 590//590 589//589 
f 590//590 591//591 589//589 
f 589//589 591//591 591//591 
f 591//591 590//590 591//591 
f 591//591 590//590 590//590 
f 590//590 592//592 590//590 
f 590//590 592//592 591//591 
f 592//592 593//593 591//591 
f 591//591 593//593 593//593 
f 593//593 592//592 593//593 
f 593//593 592//592 592//592 
f 592//592 594//594 592//592 
f 592//592 594//594 593//593 
f 594//594 595//595 593//593 
f 593//593 595//595 595//595 
f 595//595 594//594 595//595 
f 595//595 594//594 594//594 
f 594//594 596//596 594//594 
f 594//594 596//596 595//595 
f 596//596 597//597 595//595 
f 595//595 597//597 597//597 
f 597//597 596//596 597//597 
f 597//597 596//596 596//596 
f 596//596 598//598 596//596 
f 596//596 598//598 597//597 
f 598//598 368//368 597//597 
f 597//597 368//368 368//368 
f 368//368 376//376 368//368 
f 368//368 376//376 376//376 
f 376//376 375//375 376//376 
f 376//376 375//375 599//599 
f 375//375 600//600 599//599 
f 599//599 600//600 601//601 
f 600//600 602//602 601//601 
f 601//601 602//602 603//603 
f 602//602 604//604 603//603 
f 603//603 604//604 605//605 
f 604//604 606//606 605//605 
f 605//605 606//606 607//607 
f 606//606 608//608 607//607 
f 607//607 608//608 609//609 
f 608//608 610//610 609//609 
f 609//609 610//610 611//611 
f 610//610 612//612 611//611 
f 611//611 612//612 613//613 
f 612//612 614//614 613//613 
f 613//613 614//614 615//615 
f 614//614 615//615 615//615 
f 615//615 615//615 616//616 
f 615//615 616//616 616//616 
f 616//616 616//616 616//616 
f 616//616 617//617 616//616 
f 616//616 617//617 618//618 
f 617//617 619//619 618//618 
f 618//618 619//619 619//619 
f 619//619 617//617 619//619 
f 619//619 617//617 617//617 
f 617//617 620//620 617//617 
f 617//617 620//620 619//619 
f 620//620 621//621 619//619 
f 619//619 621//621 621//621 
f 621//621 620//620 621//621 
f 621//621 620//620 620//620 
f 620//620 622//622 620//620 
f 620//620 622//622 621//621 
f 622//622 623//623 621//621 
f 621//621 623//623 623//623 
f 623//623 622//622 623//623 
f 623//623 622//622 622//622 
f 622//622 624//624 622//622 
f 622//622 624//624 623//623 
f 624//624 625//625 623//623 
f 623//623 625//625 625//625 
f 625//625 624//624 625//625 
f 625//625 624//624 624//624 
f 624//624 626//626 624//624 
f 624//624 626//626 625//625 
f 626//626 627//627 625//625 
f 625//625 627//627 627//627 
f 627//627 626//626 627//627 
f 627//627 626//626 626//626 
f 626//626 628//628 626//626 
f 626//626 628//628 627//627 
f 628//628 629//629 627//627 
f 627//627 629//629 629//629 
f 629//629 628//628 629//629 
f 629//629 628//628 628//628 
f 628//628 630//630 628//628 
f 628//628 630//630 629//629 
f 630//630 631//631 629//629 
f 629//629 631//631 631//631 
f 631//631 630//630 631//631 
f 631//631 630//630 630//630 
f 630//630 632//632 630//630 
f 630//630 632//632 631//631 
f 632//632 367//367 631//631 
f 631//631 367//367 367//367 
f 367//367 364//364 367//367 
f 367//367 364//364 364//364 
f 364//364 391//391 364//364 
f 364//364 391//391 633//633 
f 391//391 634//634 633//633 
f 633//633 634//634 635//635 
f 634//634 636//636 635//635 
f 635//635 636//636 637//637 
f 636//636 638//638 637//637 
f 637//637 638//638 639//639 
f 638//638 640//640 639//639 
f 639//639 640//640 641//641 
f 640//640 642//642 641//641 
f 641//641 642//642 643//643 
f 642//642 644//644 643//643 
f 643//643 644//644 645//645 
f 644//644 646//646 645//645 
f 645//645 646//646 647//647 
f 646//646 648//648 647//647 
f 647//647 648//648 649//649 
f 648//648 649//649 649//649 
f 649//649 649//649 381//381 
f 649//649 381//381 381//381 
f 381//381 381//381 381//381 
f 381//381 380//380 381//381 
f 381//381 380//380 650//650 
f 380//380 651//651 650//650 
f 650//650 651//651 652//652 
f 651//651 653//653 652//652 
f 652//652 653//653 654//654 
f 653//653 655//655 654//654 
f 654//654 655//655 656//656 
f 655//655 657//657 656//656 
f 656//656 657//657 658//658 
f 657//657 659//659 658//658 
f 658//658 659//659 660//660 
f 659//659 661//661 660//660 
f 660//660 661//661 662//662 
f 661//661 663//663 662//662 
f 662//662 663//663 664//664 
f 663//663 665//665 664//664 
f 664//664 665//665 666//666 
f 665//665 666//666 666//666 
f 666//666 666//666 387//387 
f 666//666 387//387 387//387 
f 387//387 387//387 387//387 
f 387//387 386//386 387//387 
f 387//387 386//386 667//667 
f 386//386 668//668 667//667 
f 667//667 668//668 669//669 
f 668//668 670//670 669//669 
f 669//669 670//670 671//671 
f 670//670 672//672 671//671 
f 671//671 672//672 673//673 
f 672//672 674//674 673//673 
f 673//673 674//674 675//675 
f 674//674 676//676 675//675 
f 675//675 676//676 677//677 
f 676//676 678//678 677//677 
f 677//677 678//678 679//679 
f 678//678 680//680 679//679 
f 679//679 680//680 681//681 
f 680//680 682//682 681//681 
f 681//681 682//682 683//683 
f 682//682 683//683 683//683 
f 683//683 683//683 684//684 
f 683//683 684//684 684//684 
f 684//684 684//684 684//684 
f 684//684 685//685 684//684 
f 684//684 685//685 686//686 
f 685//685 687//687 686//686 
f 686//686 687//687 687//687 
f 687//687 685//685 687//687 
f 687//687 685//685 685//685 
f 685//685 688//688 685//685 
f 685//685 688//688 687//687 
f 688//688 689//689 687//687 
f 687//687 689//689 689//689 
f 689//689 688//688 689//689 
f 689//689 688//688 688//688 
f 688//688 690//690 688//688 
f 688//688 690//690 689//689 
f 690//690 691//691 689//689 
f 689//689 691//691 691//691 
f 691//691 690//690 691//691 
f 691//691 690//690 690//690 
f 690//690 692//692 690//690 
f 690//690 692//692 691//691 
f 692//692 693//693 691//691 
f 691//691 693//693 693//693 
f 693//693 692//692 693//693 
f 693//693 692//692 692//692 
f 692//692 694//694 692//692 
f 692//692 694//694 693//693 
f 694//694 695//695 693//693 
f 693//693 695//695 695//695 
f 695//695 694//694 695//695 
f 695//695 694//694 694//694 
f 694//694 696//696 694//694 
f 694//694 696//696 695//695 
f 696//696 697//697 695//695 
f 695//695 697//697 697//697 
f 697//697 696//696 697//697 
f 697//697 696//696 696//696 
f 696//696 698//698 696//696 
f 696//696 698//698 697//697 
f 698//698 699//699 697//697 
f 697//697 699//699 699//699 
f 699//699 698//698 699//699 
f 699//699 698//698 698//698 
f 698//698 700//700 698//698 
f 698//698 700//700 699//699 
f 700//700 388//388 699//699 
f 699//699 388//388 388//388 
f 388//388 365//365 388//388 
f 388//388 365//365 365//365 
f 365//365 364//364 365//365 
f 365//365 364//364 701//701 
f 364//364 702//702 701//701 
f 701//701 702//702 703//703 
f 702//702 704//704 703//703 
f 703//703 704//704 705//705 
f 704//704 706//706 705//705 
f 705//705 706//706 707//707 
f 706//706 708//708 707//707 
f 707//707 708//708 709//709 
f 708//708 710//710 709//709 
f 709//709 710//710 711//711 
f 710//710 712//712 711//711 
f 711//711 712//712 713//713 
f 712//712 714//714 713//713 
f 713//713 714//714 715//715 
f 714//714 716//716 715//715 
f 715//715 716//716 717//717 
f 716//716 717//717 717//717 
f 717//717 717//717 718//718 
f 717//717 718//718 718//718 
f 718//718 718//718 718//718 
f 718//718 719//719 718//718 
f 718//718 719//719 720//720 
f 719//719 721//721 720//720 
f 720//720 721//721 721//721 
f 721//721 719//719 721//721 
f 721//721 719//719 719//719 
f 719//719 722//722 719//719 
f 719//719 722//722 721//721 
f 722//722 723//723 721//721 
f 721//721 723//723 723//723 
f 723//723 722//722 723//723 
f 723//723 722//722 722//722 
f 722//722 724//724 722//722 
f 722//722 724//724 723//723 
f 724//724 725//725 723//723 
f 723//723 725//725 725//725 
f 725//725 724//724 725//725 
f 725//725 724//724 724//724 
f 724//724 726//726 724//724 
f 724//724 726//726 725//725 
f 726//726 727//727 725//725 
f 725//725 727//727 727//727 
f 727//727 726//726 727//727 
f 727//727 726//726 726//726 
f 726//726 728//728 726//726 
f 726//726 728//728 727//727 
f 728//728 729//729 727//727 
f 727//727 729//729 729//729 
f 729//729 728//728 729//729 
f 729//729 728//728 728//728 
f 728//728 730//730 728//728 
f 728//728 730//730 729//729 
f 730//730 731//731 729//729 
f 729//729 731//731 731//731 
f 731//731 730//730 731//731 
f 731//731 730//730 730//730 
f 730//730 732//732 730//730 
f 730//730 732//732 731//731 
f 732//732 733//733 731//731 
f 731//731 733//733 733//733 
f 733//733 732//732 733//733 
f 733//733 732//732 732//732 
f 732//732 734//734 732//732 
f 732//732 734//734 733//733 
f 734//734 365//365 733//733 
f 733//733 365//365 365//365 
f 365//365 735//735 365//365 
f 365//365 735//735 735//735 
f 735//735 736//736 735//735 
f 735//735 736//736 737//737 
f 736//736 738//738 737//737 
f 737//737 738//738 738//738 
f 738//738 736//736 738//738 
f 738//738 736//736 736//736 
f 736//736 739//739 736//736 
f 736//736 739//739 738//738 
f 739//739 740//740 738//738 
f 738//738 740//740 740//740 
f 740//740 739//739 740//740 
f 740//740 739//739 739//739 
f 739//739 741//741 739//739 
f 739//739 741//741 740//740 
f 741//741 742//742 740//740 
f 740//740 742//742 742//742 
f 742//742 741//741 742//742 
f 742//742 741//741 741//741 
f 741//741 743//743 741//741 
f 741//741 743//743 742//742 
f 743//743 744//744 742//742 
f 742//742 744//744 744//744 
f 744//744 743//743 744//744 
f 744//744 743//743 743//743 
f 743//743 745//745 743//743 
f 743//743 745//745 744//744 
f 745//745 746//746 744//744 
f 744//744 746//746 746//746 
f 746//746 745//745 746//746 
f 746//746 745//745 745//745 
f 745//745 747//747 745//745 
f 745//745 747//747 746//746 
f 747//747 748//748 746//746 
f 746//746 748//748 748//748 
f 748//748 747//747 748//748 
f 748//748 747//747 747//747 
f 747//747 749//749 747//747 
f 747//747 749//749 748//748 
f 749//749 750//750 748//748 
f 748//748 750//750 750//750 
f 750//750 749//749 750//750 
f 750//750 749//749 749//749 
f 749//749 751//751 749//749 
f 749//749 751//751 750//750 
f 751//751 384//384 750//750 
f 750//750 384//384 384//384 
f 384//384 405//405 384//384 
f 384//384 405//405 405//405 
f 405//405 407//407 405//405 
f 405//405 407//407 752//752 
f 407//407 753//753 752//752 
f 752//752 753//753 754//754 
f 753//753 755//755 754//754 
f 754//754 755//755 756//756 
f 755//755 757//757 756//756 
f 756//756 757//757 758//758 
f 757//757 759//759 758//758 
f 758//758 759//759 760//760 
f 759//759 761//761 760//760 
f 760//760 761//761 762//762 
f 761//761 763//763 762//762 
f 762//762 763//763 764//764 
f 763//763 765//765 764//764 
f 764//764 765//765 766//766 
f 765//765 767//767 766//766 
f 766//766 767//767 768//768 
f 767//767 768//768 768//768 
f 768//768 768//768 388//388 
f 768//768 388//388 388//388 
f 388//388 388//388 388//388 
f 388//388 387//387 388//388 
f 388//388 387//387 769//769 
f 387//387 770//770 769//769 
f 769//769 770//770 771//771 
f 770//770 772//772 771//771 
f 771//771 772//772 773//773 
f 772//772 774//774 773//773 
f 773//773 774//774 775//775 
f 774//774 776//776 775//775 
f 775//775 776//776 777//777 
f 776//776 778//778 777//777 
f 777//777 778//778 779//779 
f 778//778 780//780 779//779 
f 779//779 780//780 781//781 
f 780//780 782//782 781//781 
f 781//781 782//782 783//783 
f 782//782 784//784 783//783 
f 783//783 784//784 785//785 
f 784//784 785//785 785//785 
f 785//785 785//785 390//390 
f 785//785 390//390 390//390 
f 390//390 390//390 390//390 
f 390//390 389//389 390//390 
f 390//390 389//389 786//786 
f 389//389 787//787 786//786 
f 786//786 787//787 788//788 
f 787//787 789//789 788//788 
f 788//788 789//789 790//790 
f 789//789 791//791 790//790 
f 790//790 791//791 792//792 
f 791//791 793//793 792//792 
f 792//792 793//793 794//794 
f 793//793 795//795 794//794 
f 794//794 795//795 796//796 
f 795//795 797//797 796//796 
f 796//796 797//797 798//798 
f 797//797 799//799 798//798 
f 798//798 799//799 800//800 
f 799//799 801//801 800//800 
f 800//800 801//801 802//802 
f 801//801 802//802 802//802 
f 802//802 802//802 384//384 
f 802//802 384//384 384//384 
f 384//384 384//384 384//384 
f 384//384 383//383 384//384 
f 384//384 383//383 803//803 
f 383//383 804//804 803//803 
f 803//803 804//804 805//805 
f 804//804 806//806 805//805 
f 805//805 806//806 807//807 
f 806//806 808//808 807//807 
f 807//807 808//808 809//809 
f 808//808 810//810 809//809 
f 809//809 810//810 811//811 
f 810//810 812//812 811//811 
f 811//811 812//812 813//813 
f 812//812 814//814 813//813 
f 813//813 814//814 815//815 
f 814//814 816//816 815//815 
f 815//815 816//816 817//817 
f 816//816 818//818 817//817 
f 817//817 818//818 819//819 
f 818//818 819//819 819//819 
f 819//819 819//819 382//382 
f 819//819 382//382 382//382 
f 382//382 382//382 382//382 
f 382//382 381//381 382//382 
f 382//382 381//381 820//820 
f 381//381 821//821 820//820 
f 820//820 821//821 822//822 
f 821//821 823//823 822//822 
f 822//822 823//823 824//824 
f 823//823 825//825 824//824 
f 824//824 825//825 826//826 
f 825//825 827//827 826//826 
f 826//826 827//827 828//828 
f 827//827 829//829 828//828 
f 828//828 829//829 830//830 
f 829//829 831//831 830//830 
f 830//830 831//831 832//832 
f 831//831 833//833 832//832 
f 832//832 833//833 834//834 
f 833//833 835//835 834//834 
f 834//834 835//835 836//836 
f 835//835 836//836 836//836 
f 836//836 836//836 403//403 
f 836//836 403//403 403//403 
f 403//403 403//403 403//403 
f 403//403 405//405 403//403 
f 403//403 405//405 837//837 
f 405//405 838//838 837//837 
f 837//837 838//838 839//839 
f 838//838 840//840 839//839 
f 839//839 840//840 841//841 
f 840//840 842//842 841//841 
f 841//841 842//842 843//843 
f 842//842 844//844 843//843 
f 843//843 844//844 845//845 
f 844//844 846//846 845//845 
f 845//845 846//846 847//847 
f 846//846 848//848 847//847 
f 847//847 848//848 849//849 
f 848//848 850//850 849//849 
f 849//849 850//850 851//851 
f 850//850 852//852 851//851 
f 851//851 852//852 853//853 
f 852//852 853//853 853//853 
f 853//853 853//853 367//367 
f 853//853 367//367 367//367 
f 367//367 367//367 367//367 
f 367//367 366//366 367//367 
f 367//367 366//366 854//854 
f 366//366 855//855 854//854 
f 854//854 855//855 856//856 
f 855//855 857//857 856//856 
f 856//856 857//857 858//858 
f 857//857 859//859 858//858 
f 858//858 859//859 860//860 
f 859//859 861//861 860//860 
f 860//860 861//861 862//862 
f 861//861 863//863 862//862 
f 862//862 863//863 864//864 
f 863//863 865//865 864//864 
f 864//864 865//865 866//866 
f 865//865 867//867 866//866 
f 866//866 867//867 868//868 
f 867//867 869//869 868//868 
f 868//868 869//869 870//870 
f 869//869 870//870 870//870 
f 870//870 870//870 393//393 
f 870//870 393//393 393//393 
f 393//393 393//393 393//393 
f 393//393 395//395 393//393 
f 393//393 395//395 871//871 
f 395//395 872//872 871//871 
f 871//871 872//872 873//873 
f 872//872 874//874 873//873 
f 873//873 874//874 875//875 
f 874//874 876//876 875//875 
f 875//875 876//876 877//877 
f 876//876 878//878 877//877 
f 877//877 878//878 879//879 
f 878//878 880//880 879//879 
f 879//879 880//880 881//881 
f 880//880 882//882 881//881 
f 881//881 882//882 883//883 
f 882//882 884//884 883//883 
f 883//883 884//884 885//885 
f 884//884 886//886 885//885 
f 885//885 886//886 887//887 
f 886//886 887//887 887//887 
f 887//887 887//887 379//379 
f 887//887 379//379 379//379 
f 379//379 379//379 379//379 
f 379//379 378//378 379//379 
f 379//379 378//378 888//888 
f 378//378 889//889 888//888 
f 888//888 889//889 890//890 
f 889//889 891//891 890//890 
f 890//890 891//891 892//892 
f 891//891 893//893 892//892 
f 892//892 893//893 894//894 
f 893//893 895//895 894//894 
f 894//894 895//895 896//896 
f 895//895 897//897 896//896 
f 896//896 897//897 898//898 
f 897//897 899//899 898//898 
f 898//898 899//899 900//900 
f 899//899 901//901 900//900 
f 900//900 901//901 902//902 
f 901//901 903//903 902//902 
f 902//902 903//903 904//904 
f 903//903 904//904 904//904 
f 904//904 904//904 395//395 
f 904//904 395//395 395//395 
f 395//395 395//395 395//395 
f 395//395 397//397 395//395 
f 395//395 397//397 905//905 
f 397//397 906//906 905//905 
f 905//905 906//906 907//907 
f 906//906 908//908 907//907 
f 907//907 908//908 909//909 
f 908//908 910//910 909//909 
f 909//909 910//910 911//911 
f 910//910 912//912 911//911 
f 911//911 912//912 913//913 
f 912//912 914//914 913//913 
f 913//913 914//914 915//915 
f 914//914 916//916 915//915 
f 915//915 916//916 917//917 
f 916//916 918//918 917//917 
f 917//917 918//918 919//919 
f 918//918 920//920 919//919 
f 919//919 920//920 921//921 
f 920//920 921//921 921//921 
f 921//921 921//921 377//377 
f 921//921 377//377 377//377 
f 377//377 377//377 377//377 
f 377//377 376//376 377//377 
f 377//377 376//376 922//922 
f 376//376 923//923 922//922 
f 922//922 923//923 924//924 
f 923//923 925//925 924//924 
f 924//924 925//925 926//926 
f 925//925 927//927 926//926 
f 926//926 927//927 928//928 
f 927//927 929//929 928//928 
f 928//928 929//929 930//930 
f 929//929 931//931 930//930 
f 930//930 931//931 932//932 
f 931//931 933//933 932//932 
f 932//932 933//933 934//934 
f 933//933 935//935 934//934 
f 934//934 935//935 936//936 
f 935//935 937//937 936//936 
f 936//936 937//937 938//938 
f 937//937 938//938 938//938 
f 938//938 938//938 386//386 
f 938//938 386//386 386//386 
f 386//386 386//386 386//386 
f 386//386 385//385 386//386 
f 386//386 385//385 939//939 
f 385//385 940//940 939//939 
f 939//939 940//940 941//941 
f 940//940 942//942 941//941 
f 941//941 942//942 943//943 
f 942//942 944//944 943//943 
f 943//943 944//944 945//945 
f 944//944 946//946 945//945 
f 945//945 946//946 947//947 
f 946//946 948//948 947//947 
f 947//947 948//948 949//949 
f 948//948 950//950 949//949 
f 949//949 950//950 951//951 
f 950//950 952//952 951//951 
f 951//951 952//952 953//953 
f 952//952 954//954 953//953 
f 953//953 954//954 955//955 
f 954//954 955//955 955//955 
f 955//955 955//955 956//956 
f 955//955 956//956 956//956 
f 956//956 956//956 956//956 
f 956//956 957//957 956//956 
f 956//956 957//957 958//958 
f 957//957 959//959 958//958 
f 958//958 959//959 959//959 
f 959//959 957//957 959//959 
f 959//959 957//957 957//957 
f 957//957 960//960 957//957 
f 957//957 960//960 959//959 
f 960//960 961//961 959//959 
f 959//959 961//961 961//961 
f 961//961 960//960 961//961 
f 961//961 960//960 960//960 
f 960//960 962//962 960//960 
f 960//960 962//962 961//961 
f 962//962 963//963 961//961 
f 961//961 963//963 963//963 
f 963//963 962//962 963//963 
f 963//963 962//962 962//962 
f 962//962 964//964 962//962 
f 962//962 964//964 963//963 
f 964//964 965//965 963//963 
f 963//963 965//965 965//965 
f 965//965 964//964 965//965 
f 965//965 964//964 964//964 
f 964//964 966//966 964//964 
f 964//964 966//966 965//965 
f 966//966 967//967 965//965 
f 965//965 967//967 967//967 
f 967//967 966//966 967//967 
f 967//967 966//966 966//966 
f 966//966 968//968 966//966 
f 966//966 968//968 967//967 
f 968//968 969//969 967//967 
f 967//967 969//969 969//969 
f 969//969 968//968 969//969 
f 969//969 968//968 968//968 
f 968//968 970//970 968//968 
f 968//968 970//970 969//969 
f 970//970 971//971 969//969 
f 969//969 971//971 971//971 
f 971//971 970//970 971//971 
f 971//971 970//970 970//970 
f 970//970 972//972 970//970 
f 970//970 972//972 971//971 
f 972//972 403//403 971//971 
f 971//971 403//403 403//403 
f 403//403 973//973 403//403 
f 403//403 973//973 973//973 
f 973//973 974//974 973//973 
f 973//973 974//974 975//975 
f 974//974 976//976 975//975 
f 975//975 976//976 976//976 
f 976//976 974//974 976//976 
f 976//976 974//974 974//974 
f 974//974 977//977 974//974 
f 974//974 977//977 976//976 
f 977//977 978//978 976//976 
f 976//976 978//978 978//978 
f 978//978 977//977 978//978 
f 978//978 977//977 977//977 
f 977//977 979//979 977//977 
f 977//977 979//979 978//978 
f 979//979 980//980 978//978 
f 978//978 980//980 980//980 
f 980//980 979//979 980//980 
f 980//980 979//979 979//979 
f 979//979 981//981 979//979 
f 979//979 981//981 980//980 
f 981//981 982//982 980//980 
f 980//980 982//982 982//982 
f 982//982 981//981 982//982 
f 982//982 981//981 981//981 
f 981//981 983//983 981//981 
f 981//981 983//983 982//982 
f 983//983 984//984 982//982 
f 982//982 984//984 984//984 
f 984//984 983//983 984//984 
f 984//984 983//983 983//983 
f 983//983 985//985 983//983 
f 983//983 985//985 984//984 
f 985//985 986//986 984//984 
f 984//984 986//986 986//986 
f 986//986 985//985 986//986 
f 986//986 985//985 985//985 
f 985//985 987//987 985//985 
f 985//985 987//987 986//986 
f 987//987 988//988 986//986 
f 986//986 988//988 988//988 
f 988//988 987//987 988//988 
f 988//988 987//987 987//987 
f 987//987 989//989 987//987 
f 987//987 989//989 988//988 
f 989//989 372//372 988//988 
f 988//988 372//372 372//372 
f 372//372 990//990 372//372 
f 372//372 990//990 990//990 
f 990//990 991//991 990//990 
f 990//990 991//991 992//992 
f 991//991 993//993 992//992 
f 992//992 993//993 993//993 
f 993//993 991//991 993//993 
f 993//993 991//991 991//991 
f 991//991 994//994 991//991 
f 991//991 994//994 993//993 
f 994//994 995//995 993//993 
f 993//993 995//995 995//995 
f 995//995 994//994 995//995 
f 995//995 994//994 994//994 
f 994//994 996//996 994//994 
f 994//994 996//996 995//995 
f 996//996 997//997 995//995 
f 995//995 997//997 997//997 
f 997//997 996//996 997//997 
f 997//997 996//996 996//996 
f 996//996 998//998 996//996 
f 996//996 998//998 997//997 
f 998//998 999//999 997//997 
f 997//997 999//999 999//999 
f 999//999 998//998 999//999 
f 999//999 998//998 998//998 
f 998//998 1000//1000 998//998 
f 998//998 1000//1000 999//999 
f 1000//1000 1001//1001 999//999 
f 999//999 1001//1001 1001//1001 
f 1001//1001 1000//1000 1001//1001 
f 1001//1001 1000//1000 1000//1000 
f 1000//1000 1002//1002 1000//1000 
f 1000//1000 1002//1002 1001//1001 
f 1002//1002 1003//1003 1001//1001 
f 1001//1001 1003//1003 1003//1003 
f 1003//1003 1002//1002 1003//1003 
f 1003//1003 1002//1002 1002//1002 
f 1002//1002 1004//1004 1002//1002 
f 1002//1002 1004//1004 1003//1003 
f 1004//1004 1005//1005 1003//1003 
f 1003//1003 1005//1005 1005//1005 
f 1005//1005 1004//1004 1005//1005 
f 1005//1005 1004//1004 1004//1004 
f 1004//1004 1006//1006 1004//1004 
f 1004//1004 1006//1006 1005//1005 
f 1006//1006 379//379 1005//1005 
f 1005//1005 379//379 379//379 
f 379//379 1007//1007 379//379 
f 379//379 1007//1007 1007//1007 
f 1007//1007 1008//1008 1007//1007 
f 1007//1007 1008//1008 1009//1009 
f 1008//1008 1010//1010 1009//1009 
f 1009//1009 1010//1010 1010//1010 
f 1010//1010 1008//1008 1010//1010 
f 1010//1010 1008//1008 1008//1008 
f 1008//1008 1011//1011 1008//1008 
f 1008//1008 1011//1011 1010//1010 
f 1011//1011 1012//1012 1010//1010 
f 1010//1010 1012//1012 1012//1012 
f 1012//1012 1011//1011 1012//1012 
f 1012//1012 1011//1011 1011//1011 
f 1011//1011 1013//1013 1011//1011 
f 1011//1011 1013//1013 1012//1012 
f 1013//1013 1014//1014 1012//1012 
f 1012//1012 1014//1014 1014//1014 
f 1014//1014 1013//1013 1014//1014 
f 1014//1014 1013//1013 1013//1013 
f 1013//1013 1015//1015 1013//1013 
f 1013//1013 1015//1015 1014//1014 
f 1015//1015 1016//1016 1014//1014 
f 1014//1014 1016//1016 1016//1016 
f 1016//1016 1015//1015 1016//1016 
f 1016//1016 1015//1015 1015//1015 
f 1015//1015 1017//1017 1015//1015 
f 1015//1015 1017//1017 1016//1016 
f 1017//1017 1018//1018 1016//1016 
f 1016//1016 1018//1018 1018//1018 
f 1018//1018 1017//1017 1018//1018 
f 1018//1018 1017//1017 1017//1017 
f 1017//1017 1019//1019 1017//1017 
f 1017//1017 1019//1019 1018//1018 
f 1019//1019 1020//1020 1018//1018 
f 1018//1018 1020//1020 1020//1020 
f 1020//1020 1019//1019 1020//1020 
f 1020//1020 1019//1019 1019//1019 
f 1019//1019 1021//1021 1019//1019 
f 1019//1019 1021//1021 1020//1020 
f 1021//1021 1022//1022 1020//1020 
f 1020//1020 1022//1022 1022//1022 
f 1022//1022 1021//1021 1022//1022 
f 1022//1022 1021//1021 1021//1021 
f 1021//1021 1023//1023 1021//1021 
f 1021//1021 1023//1023 1022//1022 
f 1023//1023 399//399 1022//1022 
f 1022//1022 399//399 399//399 
f 399//399 1024//1024 399//399 
f 399//399 1024//1024 1024//1024 
f 1024//1024 1025//1025 1024//1024 
f 1024//1024 1025//1025 1026//1026 
f 1025//1025 1027//1027 1026//1026 
f 1026//1026 1027//1027 1027//1027 
f 1027//1027 1025//1025 1027//1027 
f 1027//1027 1025//1025 1025//1025 
f 1025//1025 1028//1028 1025//1025 
f 1025//1025 1028//1028 1027//1027 
f 1028//1028 1029//1029 1027//1027 
f 1027//1027 1029//1029 1029//1029 
f 1029//1029 1028//1028 1029//1029 
f 1029//1029 1028//1028 1028//1028 
f 1028//1028 1030//1030 1028//1028 
f 1028//1028 1030//1030 1029//1029 
f 1030//1030 1031//1031 1029//1029 
f 1029//1029 1031//1031 1031//1031 
f 1031//1031 1030//1030 1031//1031 
f 1031//1031 1030//1030 1030//1030 
f 1030//1030 1032//1032 1030//1030 
f 1030//1030 1032//1032 1031//1031 
f 1032//1032 1033//1033 1031//1031 
f 1031//1031 1033//1033 1033//1033 
f 1033//1033 1032//1032 1033//1033 
f 1033//1033 1032//1032 1032//1032 
f 1032//1032 1034//1034 1032//1032 
f 1032//1032 1034//1034 1033//1033 
f 1034//1034 1035//1035 1033//1033 
f 1033//1033 1035//1035 1035//1035 
f 1035//1035 1034//1034 1035//1035 
f 1035//1035 1034//1034 1034//1034 
f 1034//1034 1036//1036 1034//1034 
f 1034//1034 1036//1036 1035//1035 
f 1036//1036 1037//1037 1035//1035 
f 1035//1035 1037//1037 1037//1037 
f 1037//1037 1036//1036 1037//1037 
f 1037//1037 1036//1036 1036//1036 
f 1036//1036 1038//1038 1036//1036 
f 1036//1036 1038//1038 1037//1037 
f 1038//1038 1039//1039 1037//1037 
f 1037//1037 1039//1039 1039//1039 
f 1039//1039 1038//1038 1039//1039 
f 1039//1039 1038//1038 1038//1038 
f 1038//1038 1040//1040 1038//1038 
f 1038//1038 1040//1040 1039//1039 
f 1040//1040 393//393 1039//1039 
f 1039//1039 393//393 393//393 
f 393//393 378//378 393//393 
f 393//393 378//378 378//378 
f 378//378 377//377 378//378 
f 378//378 377//377 1041//1041 
f 377//377 1042//1042 1041//1041 
f 1041//1041 1042//1042 1043//1043 
f 1042//1042 1044//1044 1043//1043 
f 1043//1043 1044//1044 1045//1045 
f 1044//1044 1046//1046 1045//1045 
f 1045//1045 1046//1046 1047//1047 
f 1046//1046 1048//1048 1047//1047 
f 1047//1047 1048//1048 1049//1049 
f 1048//1048 1050//1050 1049//1049 
f 1049//1049 1050//1050 1051//1051 
f 1050//1050 1052//1052 1051//1051 
f 1051//1051 1052//1052 1053//1053 
f 1052//1052 1054//1054 1053//1053 
f 1053//1053 1054//1054 1055//1055 
f 1054//1054 1056//1056 1055//1055 
f 1055//1055 1056//1056 1057//1057 
f 6//6 2//2 1058//1058 
f 8//8 6//6 1059//1059 
f 10//10 8//8 1060//1060 
f 12//12 10//10 1061//1061 
f 14//14 12//12 1062//1062 
f 16//16 14//14 1063//1063 
f 18//18 16//16 1064//1064 
f 20//20 18//18 1065//1065 
f 22//22 20//20 1066//1066 
f 24//24 22//22 1067//1067 
f 26//26 24//24 1068//1068 
f 28//28 26//26 1069//1069 
f 30//30 28//28 1070//1070 
f 32//32 30//30 1071//1071 
f 34//34 32//32 1072//1072 
f 36//36 34//34 1073//1073 
f 38//38 36//36 1074//1074 
f 40//40 38//38 1075//1075 
f 42//42 40//40 1076//1076 
f 44//44 42//42 1077//1077 
f 46//46 44//44 1078//1078 
f 48//48 46//46 1079//1079 
f 50//50 48//48 1080//1080 
f 52//52 50//50 1081//1081 
f 54//54 52//52 1082//1082 
f 56//56 54//54 1083//1083 
f 58//58 56//56 1084//1084 
f 60//60 58//58 1085//1085 
f 62//62 60//60 1086//1086 
f 64//64 62//62 1087//1087 
f 66//66 64//64 1088//1088 
f 68//68 66//66 1089//1089 
f 70//70 68//68 1090//1090 
f 72//72 70//70 1091//1091 
f 74//74 72//72 1092//1092 
f 76//76 443//443 112//112 
f 388//388 700//700 389//389 
f 384//384 751//751 385//385 
f 382//382 513//513 383//383 
f 379//379 1006//1006 380//380 
f 374//374 479//479 375//375 
f 373//373 496//496 374//374 
f 372//372 989//989 373//373 
f 371//371 547//547 372//372 
f 370//370 564//564 371//371 
f 369//369 581//581 370//370 
f 368//368 598//598 369//369 
f 367//367 632//632 368//368 
f 365//365 734//734 366//366 
f 393//393 1040//1040 391//391 
f 399//399 1023//1023 397//397 
f 401//401 462//462 399//399 
f 403//403 972//972 401//401 
f 409//409 530//530 407//407 

