mtllib model_6.mtl
o model_6
v 77.7572021484375 470.4956970214844 232.7398681640625 
v 79.61474609375 469.0907287597656 233.4248046875 
v 77.87492370605469 472.82177734375 233.4248046875 
v 79.51299285888672 471.314453125 234.79469299316406 
v 78.16834259033203 475.6305847167969 234.10975646972656 
v 80.14302062988281 474.5473937988281 235.65086364746094 
v 79.28108978271484 478.6878356933594 234.10975646972656 
v 81.49002838134766 478.248291015625 235.65086364746094 
v 80.86177825927734 481.0281066894531 233.4248046875 
v 83.08550262451172 481.1298522949219 234.79469299316406 
v 82.26676177978516 482.8856506347656 232.7398681640625 
v 84.59283447265625 482.7679138183594 233.4248046875 
v 81.95501708984375 467.5100402832031 234.10975646972656 
v 82.3945541381836 469.7189636230469 235.65086364746094 
v 83.4635238647461 473.1566162109375 237.020751953125 
v 84.92767333984375 477.1793212890625 237.020751953125 
v 86.3184585571289 480.4998474121094 235.65086364746094 
v 87.4016342163086 482.4745178222656 234.10975646972656 
v 85.01227569580078 466.39727783203125 234.10975646972656 
v 86.09544372558594 468.3719482421875 235.65086364746094 
v 87.48623657226562 471.6924743652344 237.020751953125 
v 88.95037841796875 475.7151794433594 237.020751953125 
v 90.01935577392578 479.15283203125 235.65086364746094 
v 90.45889282226562 481.36175537109375 234.10975646972656 
v 87.8210678100586 466.1038513183594 233.4248046875 
v 89.32839965820312 467.741943359375 234.79469299316406 
v 90.92387390136719 470.6235046386719 235.65086364746094 
v 92.27088928222656 474.32440185546875 235.65086364746094 
v 92.90091705322266 477.5573425292969 234.79469299316406 
v 92.79916381835938 479.78106689453125 233.4248046875 
v 90.14714050292969 465.98614501953125 232.7398681640625 
v 91.55213165283203 467.84368896484375 233.4248046875 
v 93.1328125 470.1839599609375 234.10975646972656 
v 94.24556732177734 473.2412109375 234.10975646972656 
v 94.53898620605469 476.0500183105469 233.4248046875 
v 94.65670776367188 478.3760986328125 232.7398681640625 
v 77.7572021484375 470.4956970214844 219.55477905273438 
v 76.87930297851562 470.0863342285156 221.78082275390625 
v 77.87492370605469 472.82177734375 218.86984252929688 
v 76.2948226928711 472.48577880859375 220.92465209960938 
v 78.16834259033203 475.6305847167969 218.1848907470703 
v 76.60303497314453 475.8358459472656 220.41094970703125 
v 79.28108978271484 478.6878356933594 218.1848907470703 
v 77.9500503540039 479.5367431640625 220.41094970703125 
v 80.86177825927734 481.0281066894531 218.86984252929688 
v 79.86734008789062 482.3011779785156 220.92465209960938 
v 82.26676177978516 482.8856506347656 219.55477905273438 
v 81.8573989868164 483.7635498046875 221.78082275390625 
v 76.00140380859375 469.6769714355469 224.5205841064453 
v 75.31458282470703 472.2958679199219 224.17811584472656 
v 75.2572021484375 476.1434631347656 224.0068817138672 
v 76.72134399414062 480.1661682128906 224.0068817138672 
v 79.23849487304688 483.07672119140625 224.17811584472656 
v 81.44802856445312 484.6414489746094 224.5205841064453 
v 76.00140380859375 469.6769714355469 227.7740478515625 
v 75.31458282470703 472.2958679199219 228.1165313720703 
v 75.2572021484375 476.1434631347656 228.2877655029297 
v 76.72134399414062 480.1661682128906 228.2877655029297 
v 79.23849487304688 483.07672119140625 228.1165313720703 
v 81.44802856445312 484.6414489746094 227.7740478515625 
v 76.87930297851562 470.0863342285156 230.51380920410156 
v 76.2948226928711 472.48577880859375 231.3699951171875 
v 76.60303497314453 475.8358459472656 231.88369750976562 
v 77.9500503540039 479.5367431640625 231.88369750976562 
v 79.86734008789062 482.3011779785156 231.3699951171875 
v 81.8573989868164 483.7635498046875 230.51380920410156 
v 77.7572021484375 470.4956970214844 232.7398681640625 
v 77.87492370605469 472.82177734375 233.4248046875 
v 78.16834259033203 475.6305847167969 234.10975646972656 
v 79.28108978271484 478.6878356933594 234.10975646972656 
v 80.86177825927734 481.0281066894531 233.4248046875 
v 82.26676177978516 482.8856506347656 232.7398681640625 
v 90.14714050292969 465.98614501953125 232.7398681640625 
v 87.8210678100586 466.1038513183594 233.4248046875 
v 90.55651092529297 465.1082458496094 230.51380920410156 
v 88.1570816040039 464.5237731933594 231.3699951171875 
v 90.96588134765625 464.2303466796875 227.7740478515625 
v 88.34697723388672 463.54351806640625 228.1165313720703 
v 90.96588134765625 464.2303466796875 224.5205841064453 
v 88.34697723388672 463.54351806640625 224.17811584472656 
v 90.55651092529297 465.1082458496094 221.78082275390625 
v 88.1570816040039 464.5237731933594 220.92465209960938 
v 90.14714050292969 465.98614501953125 219.55477905273438 
v 87.8210678100586 466.1038513183594 218.86984252929688 
v 85.01227569580078 466.39727783203125 234.10975646972656 
v 84.80699920654297 464.83197021484375 231.88369750976562 
v 84.49938201904297 463.48614501953125 228.2877655029297 
v 84.49938201904297 463.48614501953125 224.0068817138672 
v 84.80699920654297 464.83197021484375 220.41094970703125 
v 85.01227569580078 466.39727783203125 218.1848907470703 
v 81.95501708984375 467.5100402832031 234.10975646972656 
v 81.1061019897461 466.1789855957031 231.88369750976562 
v 80.47666931152344 464.9502868652344 228.2877655029297 
v 80.47666931152344 464.9502868652344 224.0068817138672 
v 81.1061019897461 466.1789855957031 220.41094970703125 
v 81.95501708984375 467.5100402832031 218.1848907470703 
v 79.61474609375 469.0907287597656 233.4248046875 
v 78.3416748046875 468.0962829589844 231.3699951171875 
v 77.56612396240234 467.4674377441406 228.1165313720703 
v 77.56612396240234 467.4674377441406 224.17811584472656 
v 78.3416748046875 468.0962829589844 220.92465209960938 
v 79.61474609375 469.0907287597656 218.86984252929688 
v 77.7572021484375 470.4956970214844 232.7398681640625 
v 76.87930297851562 470.0863342285156 230.51380920410156 
v 76.00140380859375 469.6769714355469 227.7740478515625 
v 76.00140380859375 469.6769714355469 224.5205841064453 
v 76.87930297851562 470.0863342285156 221.78082275390625 
v 82.26676177978516 482.8856506347656 219.55477905273438 
v 84.59283447265625 482.7679138183594 218.86984252929688 
v 80.86177825927734 481.0281066894531 218.86984252929688 
v 83.08550262451172 481.1298522949219 217.4999542236328 
v 79.28108978271484 478.6878356933594 218.1848907470703 
v 81.49002838134766 478.248291015625 216.64378356933594 
v 78.16834259033203 475.6305847167969 218.1848907470703 
v 80.14302062988281 474.5473937988281 216.64378356933594 
v 77.87492370605469 472.82177734375 218.86984252929688 
v 79.51299285888672 471.314453125 217.4999542236328 
v 77.7572021484375 470.4956970214844 219.55477905273438 
v 79.61474609375 469.0907287597656 218.86984252929688 
v 87.4016342163086 482.4745178222656 218.1848907470703 
v 86.3184585571289 480.4998474121094 216.64378356933594 
v 84.92767333984375 477.1793212890625 215.27389526367188 
v 83.4635238647461 473.1566162109375 215.27389526367188 
v 82.3945541381836 469.7189636230469 216.64378356933594 
v 81.95501708984375 467.5100402832031 218.1848907470703 
v 90.45889282226562 481.36175537109375 218.1848907470703 
v 90.01935577392578 479.15283203125 216.64378356933594 
v 88.95037841796875 475.7151794433594 215.27389526367188 
v 87.48623657226562 471.6924743652344 215.27389526367188 
v 86.09544372558594 468.3719482421875 216.64378356933594 
v 85.01227569580078 466.39727783203125 218.1848907470703 
v 92.79916381835938 479.78106689453125 218.86984252929688 
v 92.90091705322266 477.5573425292969 217.4999542236328 
v 92.27088928222656 474.32440185546875 216.64378356933594 
v 90.92387390136719 470.6235046386719 216.64378356933594 
v 89.32839965820312 467.741943359375 217.4999542236328 
v 87.8210678100586 466.1038513183594 218.86984252929688 
v 94.65670776367188 478.3760986328125 219.55477905273438 
v 94.53898620605469 476.0500183105469 218.86984252929688 
v 94.24556732177734 473.2412109375 218.1848907470703 
v 93.1328125 470.1839599609375 218.1848907470703 
v 91.55213165283203 467.84368896484375 218.86984252929688 
v 90.14714050292969 465.98614501953125 219.55477905273438 
v 94.65670776367188 478.3760986328125 219.55477905273438 
v 95.53460693359375 478.78546142578125 221.78082275390625 
v 94.53898620605469 476.0500183105469 218.86984252929688 
v 96.11907958984375 476.3860168457031 220.92465209960938 
v 94.24556732177734 473.2412109375 218.1848907470703 
v 95.81087493896484 473.03594970703125 220.41094970703125 
v 93.1328125 470.1839599609375 218.1848907470703 
v 94.46385955810547 469.3350524902344 220.41094970703125 
v 91.55213165283203 467.84368896484375 218.86984252929688 
v 92.54656982421875 466.57061767578125 220.92465209960938 
v 90.55651092529297 465.1082458496094 221.78082275390625 
v 96.4124984741211 479.19482421875 224.5205841064453 
v 97.09931945800781 476.575927734375 224.17811584472656 
v 97.15670776367188 472.72833251953125 224.0068817138672 
v 95.69255828857422 468.70562744140625 224.0068817138672 
v 93.1754150390625 465.7950744628906 224.17811584472656 
v 90.96588134765625 464.2303466796875 224.5205841064453 
v 96.4124984741211 479.19482421875 227.7740478515625 
v 97.09931945800781 476.575927734375 228.1165313720703 
v 97.15670776367188 472.72833251953125 228.2877655029297 
v 95.69255828857422 468.70562744140625 228.2877655029297 
v 93.1754150390625 465.7950744628906 228.1165313720703 
v 90.96588134765625 464.2303466796875 227.7740478515625 
v 95.53460693359375 478.78546142578125 230.51380920410156 
v 96.11907958984375 476.3860168457031 231.3699951171875 
v 95.81087493896484 473.03594970703125 231.88369750976562 
v 94.46385955810547 469.3350524902344 231.88369750976562 
v 92.54656982421875 466.57061767578125 231.3699951171875 
v 90.55651092529297 465.1082458496094 230.51380920410156 
v 94.65670776367188 478.3760986328125 232.7398681640625 
v 94.53898620605469 476.0500183105469 233.4248046875 
v 94.24556732177734 473.2412109375 234.10975646972656 
v 93.1328125 470.1839599609375 234.10975646972656 
v 91.55213165283203 467.84368896484375 233.4248046875 
v 90.14714050292969 465.98614501953125 232.7398681640625 
v 82.26676177978516 482.8856506347656 232.7398681640625 
v 84.59283447265625 482.7679138183594 233.4248046875 
v 81.8573989868164 483.7635498046875 230.51380920410156 
v 84.25682067871094 484.3480224609375 231.3699951171875 
v 81.44802856445312 484.6414489746094 227.7740478515625 
v 84.06692504882812 485.3282775878906 228.1165313720703 
v 81.44802856445312 484.6414489746094 224.5205841064453 
v 84.06692504882812 485.3282775878906 224.17811584472656 
v 81.8573989868164 483.7635498046875 221.78082275390625 
v 84.25682067871094 484.3480224609375 220.92465209960938 
v 84.59283447265625 482.7679138183594 218.86984252929688 
v 87.4016342163086 482.4745178222656 234.10975646972656 
v 87.6069107055664 484.0398254394531 231.88369750976562 
v 87.9145278930664 485.3856506347656 228.2877655029297 
v 87.9145278930664 485.3856506347656 224.0068817138672 
v 87.6069107055664 484.0398254394531 220.41094970703125 
v 87.4016342163086 482.4745178222656 218.1848907470703 
v 90.45889282226562 481.36175537109375 234.10975646972656 
v 91.30780029296875 482.69281005859375 231.88369750976562 
v 91.9372329711914 483.9215087890625 228.2877655029297 
v 91.9372329711914 483.9215087890625 224.0068817138672 
v 91.30780029296875 482.69281005859375 220.41094970703125 
v 90.45889282226562 481.36175537109375 218.1848907470703 
v 92.79916381835938 479.78106689453125 233.4248046875 
v 94.07222747802734 480.7755126953125 231.3699951171875 
v 94.84778594970703 481.40435791015625 228.1165313720703 
v 94.84778594970703 481.40435791015625 224.17811584472656 
v 94.07222747802734 480.7755126953125 220.92465209960938 
v 92.79916381835938 479.78106689453125 218.86984252929688 
v 94.65670776367188 478.3760986328125 232.7398681640625 
v 95.53460693359375 478.78546142578125 230.51380920410156 
v 96.4124984741211 479.19482421875 227.7740478515625 
v 96.4124984741211 479.19482421875 224.5205841064453 
v 95.53460693359375 478.78546142578125 221.78082275390625 
v -39.003761291503906 520.6438598632812 -84.53076934814453 
v -49.3165397644043 524.3194580078125 -81.63304138183594 
v -35.2650146484375 531.2141723632812 -83.8431167602539 
v -45.353389739990234 534.8860473632812 -80.16429901123047 
v -30.870588302612305 541.3898315429688 -81.42768096923828 
v -27.826904296875 548.8599243164062 -78.43075561523438 
v -59.172481536865234 527.9846801757812 -77.54668426513672 
v -47.73347854614258 540.2752075195312 -77.13826751708984 
v -24.346208572387695 555.781005859375 -74.57202911376953 
v -66.22140502929688 530.55029296875 -73.24766540527344 
v -49.90341567993164 545.5098876953125 -73.1146469116211 
v -21.04012680053711 562.8436889648438 -68.96444702148438 
v -72.61627960205078 532.8778076171875 -67.95525360107422 
v -52.16819381713867 550.8571166992188 -67.2827377319336 
v -17.29638671875 569.1231689453125 -62.88134002685547 
v -78.97545623779297 535.1923828125 -61.181365966796875 
v -54.14698028564453 556.022216796875 -60.839515686035156 
v -13.781476020812988 575.4080200195312 -54.23011016845703 
v -84.51301574707031 537.2078857421875 -53.66875076293945 
v -54.95167922973633 560.0581665039062 -51.012908935546875 
v -9.718345642089844 580.7914428710938 -45.128807067871094 
v -89.89529418945312 539.1668701171875 -43.9530143737793 
v -55.60993957519531 563.962890625 -40.99526596069336 
v -7.613154888153076 583.6123657226562 -37.271392822265625 
v -94.11689758300781 540.7034301757812 -33.562171936035156 
v -55.31787109375 565.650146484375 -32.16170883178711 
v -4.994467258453369 585.6224975585938 -29.324726104736328 
v -96.24007415771484 541.4761962890625 -25.276477813720703 
v -54.971092224121094 567.239501953125 -23.26871109008789 
v -3.289801597595215 586.5617065429688 -19.95184898376465 
v -97.19453430175781 541.8235473632812 -16.689224243164062 
v -53.74277114868164 567.416259765625 -13.267617225646973 
v -1.1206138134002686 586.6299438476562 -10.634053230285645 
v -97.2915267944336 541.85888671875 -7.146744251251221 
v -52.45974349975586 567.4951171875 -3.2070841789245605 
v -0.0682477131485939 584.9212646484375 0.39861300587654114 
v -96.19982147216797 541.4615478515625 2.395911455154419 
v -50.05127716064453 565.8387451171875 8.199307441711426 
v 1.4366835355758667 582.3460083007812 11.304035186767578 
v -93.48880767822266 540.4747924804688 13.271700859069824 
v -47.55731201171875 563.9952392578125 19.580249786376953 
v 1.2982009649276733 578.9652099609375 19.23361587524414 
v -89.64888763427734 539.0772094726562 23.786842346191406 
v -45.00864791870117 561.196044921875 27.62052345275879 
v 1.6265387535095215 574.8687133789062 26.8194580078125 
v -85.62108612060547 537.6112060546875 31.21598243713379 
v -42.37448501586914 558.2097778320312 35.63534927368164 
v 0.6809768676757812 569.2083740234375 34.447654724121094 
v -80.63587951660156 535.7966918945312 38.09343338012695 
v -39.04713821411133 553.801513671875 42.9286994934082 
v 0.00567429605871439 562.8257446289062 41.54106903076172 
v -74.2705078125 533.4799194335938 44.8607177734375 
v -35.571563720703125 549.1053466796875 49.88249588012695 
v -2.0881707668304443 554.3081665039062 48.591949462890625 
v -67.21095275878906 530.9104614257812 50.753662109375 
v -31.199214935302734 542.3672485351562 55.44843292236328 
v -3.9476306438446045 545.0813598632812 54.89155197143555 
v -58.093101501464844 527.591796875 56.40919494628906 
v -26.78624725341797 535.38037109375 60.025325775146484 
v -6.221795082092285 537.6431274414062 58.465797424316406 
v -48.31694412231445 524.0335693359375 60.97389602661133 
v -23.599946975708008 529.7757568359375 62.135719299316406 
v -8.431922912597656 529.6356811523438 60.95338821411133 
v -40.53093338012695 521.19970703125 63.233333587646484 
v -20.49555015563965 524.0449829101562 63.21035385131836 
v -11.476624488830566 520.7623291015625 62.782955169677734 
v -32.461551666259766 518.2626953125 64.24905395507812 
v -23.531572341918945 514.9345092773438 64.28009796142578 
v -14.527384757995605 511.7352294921875 63.19049835205078 
v -32.891944885253906 503.29107666015625 63.56629180908203 
v -39.1468505859375 500.576904296875 62.504371643066406 
v -27.882356643676758 479.3211975097656 54.89155197143555 
v -32.14374542236328 470.81268310546875 48.68537902832031 
v -3.4970991611480713 481.7528991699219 47.20290756225586 
v -1.9271725416183472 475.4888916015625 39.868255615234375 
v 30.91405487060547 495.1958923339844 32.34120178222656 
v 35.39412307739258 493.25335693359375 24.115299224853516 
v -46.526554107666016 497.960205078125 56.94698715209961 
v -36.259822845458984 463.1870422363281 41.54106903076172 
v -1.4269813299179077 471.48577880859375 31.7310733795166 
v 39.46044921875 492.08526611328125 15.558209419250488 
v -53.80421447753906 495.4623107910156 50.858985900878906 
v -39.60011291503906 457.61846923828125 34.54108810424805 
v -1.077810287475586 467.84954833984375 23.343408584594727 
v 41.526119232177734 490.9435119628906 7.259790897369385 
v -59.355899810791016 493.8958435058594 43.72269058227539 
v -42.75922393798828 452.91973876953125 26.8194580078125 
v -64.9195327758789 492.3337097167969 36.514225006103516 
v -45.393165588378906 449.5894775390625 19.242156982421875 
v -80.63587951660156 535.7966918945312 38.09343338012695 
v -69.10478210449219 491.5176086425781 28.45268440246582 
v -47.710960388183594 447.3138427734375 11.304035186767578 
v -85.62108612060547 537.6112060546875 31.21598243713379 
v -73.2330322265625 490.7586975097656 20.161928176879883 
v -50.268375396728516 445.9052429199219 0.4071553349494934 
v -89.64888763427734 539.0772094726562 23.786842346191406 
v -76.4942626953125 490.8539733886719 8.505050659179688 
v -52.42363739013672 445.6759338378906 -10.634053230285645 
v -93.48880767822266 540.4747924804688 13.271700859069824 
v -79.58170318603516 491.04193115234375 -3.249440908432007 
v -53.81459045410156 446.7280578613281 -20.087636947631836 
v -96.19982147216797 541.4615478515625 2.395911455154419 
v -80.56053924560547 492.0220642089844 -13.742962837219238 
v -54.74361038208008 448.937744140625 -29.324726104736328 
v -97.2915267944336 541.85888671875 -7.146744251251221 
v -81.23683166503906 493.1259765625 -24.130329132080078 
v -55.24264907836914 451.7707214355469 -37.47934341430664 
v -97.19453430175781 541.8235473632812 -16.689224243164062 
v -80.29280853271484 494.8099060058594 -33.337432861328125 
v -55.25698471069336 455.67498779296875 -45.128807067871094 
v -96.24007415771484 541.4761962890625 -25.276477813720703 
v -79.20808410644531 496.52056884765625 -42.26860427856445 
v -54.66914367675781 462.08941650390625 -54.43806076049805 
v -94.11689758300781 540.7034301757812 -33.562171936035156 
v -76.01392364501953 499.33502197265625 -52.226810455322266 
v -53.561885833740234 469.4844665527344 -62.88134002685547 
v -89.89529418945312 539.1668701171875 -43.9530143737793 
v -72.71492767333984 502.18927001953125 -62.12557601928711 
v -52.17109298706055 476.54241943359375 -69.15967559814453 
v -23.440073013305664 487.997802734375 -75.83365631103516 
v -26.519065856933594 494.3431701660156 -80.07499694824219 
v -2.158865213394165 507.23345947265625 -81.17608642578125 
v -10.000078201293945 509.85345458984375 -83.73690795898438 
v -68.42544555664062 505.07293701171875 -68.9127197265625 
v -50.38618850708008 484.2366943359375 -74.57202911376953 
v -29.393651962280273 500.1462707519531 -82.59711456298828 
v -17.874534606933594 512.9534912109375 -85.29595184326172 
v -64.21688079833984 507.9080810546875 -75.61497497558594 
v -48.43733215332031 491.63739013671875 -78.54109191894531 
v -32.143585205078125 505.9819641113281 -84.09619140625 
v -28.59598731994629 516.621826171875 -85.8281478881836 
v -58.63157653808594 510.865966796875 -78.59428405761719 
v -46.1336784362793 499.4548034667969 -81.42768096923828 
v -42.775760650634766 510.0077209472656 -83.57990264892578 
v -39.003761291503906 520.6438598632812 -84.53076934814453 
v -53.229244232177734 513.656494140625 -80.95811462402344 
v -42.775760650634766 510.0077209472656 -83.57990264892578 
v -49.3165397644043 524.3194580078125 -81.63304138183594 
v -39.003761291503906 520.6438598632812 -84.53076934814453 
v -39.003761291503906 520.6438598632812 -84.53076934814453 
v -34.903568267822266 519.8533325195312 -64.9443130493164 
v -35.2650146484375 531.2141723632812 -83.8431167602539 
v -30.546545028686523 526.6115112304688 -64.96104431152344 
v -30.870588302612305 541.3898315429688 -81.42768096923828 
v -26.187543869018555 534.0707397460938 -63.37324142456055 
v -27.826904296875 548.8599243164062 -78.43075561523438 
v -22.5393123626709 538.9813232421875 -61.89577865600586 
v -24.346208572387695 555.781005859375 -74.57202911376953 
v -18.61246681213379 543.4786376953125 -59.81972885131836 
v -21.04012680053711 562.8436889648438 -68.96444702148438 
v -15.109358787536621 548.9099731445312 -55.9057502746582 
v -17.29638671875 569.1231689453125 -62.88134002685547 
v -10.849841117858887 553.1301879882812 -52.785404205322266 
v -13.781476020812988 575.4080200195312 -54.23011016845703 
v -6.897437572479248 558.3200073242188 -46.430545806884766 
v -9.718345642089844 580.7914428710938 -45.128807067871094 
v -2.623668670654297 563.0029296875 -39.48982620239258 
v -7.613154888153076 583.6123657226562 -37.271392822265625 
v -0.39841994643211365 565.2343139648438 -34.06892776489258 
v -4.994467258453369 585.6224975585938 -29.324726104736328 
v 2.068424940109253 566.98779296875 -28.121610641479492 
v -3.289801597595215 586.5617065429688 -19.95184898376465 
v 3.7072439193725586 567.794921875 -20.531585693359375 
v -1.1206138134002686 586.6299438476562 -10.634053230285645 
v 5.541630268096924 567.985107421875 -13.234402656555176 
v -0.0682477131485939 584.9212646484375 0.39861300587654114 
v 6.2511677742004395 566.401123046875 -3.8488004207611084 
v 1.4366835355758667 582.3460083007812 11.304035186767578 
v 7.236043930053711 564.171142578125 5.303398609161377 
v 1.2982009649276733 578.9652099609375 19.23361587524414 
v 6.458431243896484 561.4909057617188 11.000056266784668 
v 1.6265387535095215 574.8687133789062 26.8194580078125 
v 5.924213409423828 558.1762084960938 16.69253158569336 
v 0.6809768676757812 569.2083740234375 34.447654724121094 
v 4.13543176651001 553.5245971679688 22.512250900268555 
v 0.00567429605871439 562.8257446289062 41.54106903076172 
v 2.2578694820404053 548.8272705078125 27.525432586669922 
v -2.0881707668304443 554.3081665039062 48.591949462890625 
v -1.0115265846252441 542.4530639648438 32.59370040893555 
v -3.9476306438446045 545.0813598632812 54.89155197143555 
v -3.612964391708374 535.1339721679688 37.56870651245117 
v -6.221795082092285 537.6431274414062 58.465797424316406 
v -7.232689380645752 530.8367919921875 39.69512176513672 
v -8.431922912597656 529.6356811523438 60.95338821411133 
v -10.295513153076172 525.4011840820312 41.51179122924805 
v -11.476624488830566 520.7623291015625 62.782955169677734 
v -13.503478050231934 519.0826416015625 43.001625061035156 
v -14.527384757995605 511.7352294921875 63.19049835205078 
v -17.141572952270508 513.2325439453125 43.40044403076172 
v -34.903568267822266 519.8533325195312 -64.9443130493164 
v -39.003761291503906 520.6438598632812 -84.53076934814453 
v -26.998279571533203 518.8475952148438 -66.01718139648438 
v -28.59598731994629 516.621826171875 -85.8281478881836 
v -18.407011032104492 517.0463256835938 -65.6891098022461 
v -17.874534606933594 512.9534912109375 -85.29595184326172 
v -12.193769454956055 516.344482421875 -64.97512817382812 
v -10.000078201293945 509.85345458984375 -83.73690795898438 
v -6.043913841247559 515.9776611328125 -63.56075668334961 
v -2.158865213394165 507.23345947265625 -81.17608642578125 
v 0.7082071900367737 514.2999267578125 -60.61384201049805 
v 5.849735736846924 504.0066223144531 -76.96820831298828 
v 6.976983547210693 514.123779296875 -58.091548919677734 
v 13.611993789672852 501.4933166503906 -72.08120727539062 
v 14.092900276184082 512.3915405273438 -52.67831039428711 
v 21.487422943115234 498.23699951171875 -64.7278823852539 
v 21.102680206298828 511.0879211425781 -46.55196762084961 
v 29.098817825317383 495.8565979003906 -56.68272399902344 
v 24.781435012817383 510.13885498046875 -41.56370162963867 
v 33.38426971435547 493.90692138671875 -49.47425842285156 
v 28.317033767700195 509.5538330078125 -35.93449783325195 
v 37.41371154785156 492.8302307128906 -41.947505950927734 
v 30.76810646057129 508.583740234375 -28.586240768432617 
v 40.187129974365234 491.4308776855469 -32.89274215698242 
v 32.8589973449707 508.2126159667969 -21.365406036376953 
v 42.61281967163086 490.9378967285156 -23.651294708251953 
v 33.09828186035156 507.65765380859375 -11.83983325958252 
v 43.152183532714844 490.3516845703125 -12.465932846069336 
v 33.014404296875 507.7661437988281 -2.369520425796509 
v 43.33185958862305 490.6761779785156 -1.1660488843917847 
v 31.082534790039062 507.61151123046875 3.670700788497925 
v 41.526119232177734 490.9435119628906 7.259790897369385 
v 28.838308334350586 508.0384216308594 9.872159004211426 
v 39.46044921875 492.08526611328125 15.558209419250488 
v 24.783767700195312 508.3444519042969 16.36627960205078 
v 35.39412307739258 493.25335693359375 24.115299224853516 
v 20.55494499206543 508.7919006347656 22.079315185546875 
v 30.91405487060547 495.1958923339844 32.34120178222656 
v 14.164788246154785 509.2461853027344 28.076475143432617 
v 23.90393829345703 497.4354553222656 40.85540771484375 
v 7.502082347869873 510.81341552734375 34.260318756103516 
v 16.444204330444336 500.4624938964844 48.821929931640625 
v 2.1295998096466064 510.3514099121094 36.90843963623047 
v 9.766772270202637 502.658935546875 53.70680618286133 
v -3.7547357082366943 511.0894775390625 39.5649299621582 
v 2.597623825073242 505.5022277832031 57.670448303222656 
v -10.42546558380127 512.3477172851562 42.08545684814453 
v -5.8336005210876465 508.41497802734375 61.103309631347656 
v -17.141572952270508 513.2325439453125 43.40044403076172 
v -14.527384757995605 511.7352294921875 63.19049835205078 
v -42.75922393798828 452.91973876953125 26.8194580078125 
v -1.4034656286239624 465.78460693359375 14.641456604003906 
v 43.33185958862305 490.6761779785156 -1.1660488843917847 
v -45.393165588378906 449.5894775390625 19.242156982421875 
v -1.8146183490753174 463.9067687988281 5.964954376220703 
v 43.152183532714844 490.3516845703125 -12.465932846069336 
v -47.710960388183594 447.3138427734375 11.304035186767578 
v -3.2398321628570557 463.4117431640625 -5.734102249145508 
v 42.61281967163086 490.9378967285156 -23.651294708251953 
v -50.268375396728516 445.9052429199219 0.4071553349494934 
v -4.750543117523193 463.10382080078125 -17.4077091217041 
v 40.187129974365234 491.4308776855469 -32.89274215698242 
v -52.42363739013672 445.6759338378906 -10.634053230285645 
v -6.674825668334961 464.42803955078125 -27.277374267578125 
v 37.41371154785156 492.8302307128906 -41.947505950927734 
v -53.81459045410156 446.7280578613281 -20.087636947631836 
v -8.629899024963379 465.8414611816406 -37.06214904785156 
v 33.38426971435547 493.90692138671875 -49.47425842285156 
v -54.74361038208008 448.937744140625 -29.324726104736328 
v -10.943182945251465 468.5549621582031 -45.369815826416016 
v 29.098817825317383 495.8565979003906 -56.68272399902344 
v -55.24264907836914 451.7707214355469 -37.47934341430664 
v -13.287261009216309 471.357666015625 -53.592594146728516 
v 21.487422943115234 498.23699951171875 -64.7278823852539 
v -55.25698471069336 455.67498779296875 -45.128807067871094 
v -16.775768280029297 476.5263977050781 -62.375953674316406 
v 13.611993789672852 501.4933166503906 -72.08120727539062 
v -54.66914367675781 462.08941650390625 -54.43806076049805 
v -20.246089935302734 481.8445129394531 -70.93010711669922 
v 5.849735736846924 504.0066223144531 -76.96820831298828 
v -17.141572952270508 513.2325439453125 43.40044403076172 
v -24.942672729492188 515.0581665039062 44.28227233886719 
v -20.838655471801758 506.0782775878906 43.06071472167969 
v -27.19879722595215 508.54913330078125 44.04032516479492 
v -23.904932022094727 499.55218505859375 41.91025924682617 
v -26.66586685180664 494.16265869140625 40.1824836730957 
v -13.495734214782715 502.2359619140625 40.272972106933594 
v -12.675795555114746 499.5981140136719 38.78749465942383 
v 7.502082347869873 510.81341552734375 34.260318756103516 
v 14.164788246154785 509.2461853027344 28.076475143432617 
v -31.941967010498047 517.1378173828125 44.3024787902832 
v -30.614049911499023 506.9848937988281 44.06542205810547 
v -27.88100242614746 490.0040588378906 37.97518539428711 
v -11.445408821105957 494.5494079589844 34.037872314453125 
v 20.55494499206543 508.7919006347656 22.079315185546875 
v -37.9519157409668 518.8573608398438 43.54177474975586 
v -32.13314437866211 506.2121276855469 44.6425666809082 
v -30.645885467529297 483.2123107910156 33.038352966308594 
v -10.334750175476074 490.0901794433594 29.194822311401367 
v 24.783767700195312 508.3444519042969 16.36627960205078 
v -42.07406234741211 521.0595703125 42.199745178222656 
v -36.7632942199707 504.6221618652344 40.77494430541992 
v -33.66267776489258 477.29205322265625 27.60054588317871 
v -10.166726112365723 487.53363037109375 23.655399322509766 
v 28.838308334350586 508.0384216308594 9.872159004211426 
v -36.07862091064453 473.25860595703125 22.549013137817383 
v -9.897147178649902 484.7841491699219 17.343425750732422 
v 31.082534790039062 507.61151123046875 3.670700788497925 
v -38.39595031738281 469.6571350097656 16.763107299804688 
v -10.297815322875977 483.370361328125 10.77660846710205 
v 33.014404296875 507.7661437988281 -2.369520425796509 
v -40.21547317504883 467.20013427734375 11.410189628601074 
v -10.528135299682617 481.81658935546875 4.545167446136475 
v 33.09828186035156 507.65765380859375 -11.83983325958252 
v -41.71605682373047 465.71881103515625 6.286491870880127 
v -11.794624328613281 481.4977722167969 -5.383761882781982 
v 32.8589973449707 508.2126159667969 -21.365406036376953 
v -43.75242233276367 464.58843994140625 -2.373279333114624 
v -13.04915714263916 481.174560546875 -15.24052619934082 
v 30.76810646057129 508.583740234375 -28.586240768432617 
v -45.382057189941406 464.40179443359375 -11.117939949035645 
v -14.59588623046875 482.28338623046875 -23.10230255126953 
v 28.317033767700195 509.5538330078125 -35.93449783325195 
v -46.3687629699707 465.15081787109375 -17.82926368713379 
v -16.190444946289062 483.4096374511719 -31.252737045288086 
v 24.781435012817383 510.13885498046875 -41.56370162963867 
v -47.077484130859375 466.81243896484375 -24.82924461364746 
v -18.02298927307129 485.5582580566406 -37.5906867980957 
v 21.102680206298828 511.0879211425781 -46.55196762084961 
v -47.4884147644043 468.8335266113281 -30.517536163330078 
v -19.574623107910156 487.44866943359375 -43.61871337890625 
v 14.092900276184082 512.3915405273438 -52.67831039428711 
v -47.553062438964844 471.5083923339844 -35.628509521484375 
v -22.343576431274414 491.6537170410156 -50.49598693847656 
v 6.976983547210693 514.123779296875 -58.091548919677734 
v -47.124298095703125 476.6550598144531 -42.90442657470703 
v -24.86863899230957 495.5360412597656 -57.135498046875 
v 0.7082071900367737 514.2999267578125 -60.61384201049805 
v -46.24441909790039 482.4952697753906 -49.54358673095703 
v -26.582242965698242 499.2789611816406 -59.602176666259766 
v -6.043913841247559 515.9776611328125 -63.56075668334961 
v -45.2957649230957 487.2967529296875 -53.801307678222656 
v -28.72040367126465 503.87823486328125 -62.61654281616211 
v -12.193769454956055 516.344482421875 -64.97512817382812 
v -44.57182693481445 493.1937255859375 -57.583683013916016 
v -30.275131225585938 507.2514343261719 -63.94131088256836 
v -18.407011032104492 517.0463256835938 -65.6891098022461 
v -44.00859832763672 497.9795227050781 -60.06709289550781 
v -31.269184112548828 510.0306396484375 -64.50189971923828 
v -26.998279571533203 518.8475952148438 -66.01718139648438 
v -42.0186653137207 503.259765625 -62.2362174987793 
v -39.009193420410156 511.36614990234375 -64.03179168701172 
v -34.903568267822266 519.8533325195312 -64.9443130493164 
v -49.17409896850586 512.804443359375 -61.07026672363281 
v -51.403106689453125 511.7441711425781 -60.76487731933594 
v -60.38939666748047 527.8037719726562 -52.87559127807617 
v -64.87535095214844 530.1383666992188 -47.97344970703125 
v -44.195316314697266 537.8176879882812 -54.35965347290039 
v -45.602474212646484 540.9031982421875 -50.96407699584961 
v -10.849841117858887 553.1301879882812 -52.785404205322266 
v -6.897437572479248 558.3200073242188 -46.430545806884766 
v -53.567588806152344 510.1925354003906 -56.63057327270508 
v -68.64551544189453 531.5105590820312 -42.87590789794922 
v -46.155426025390625 543.755859375 -43.40839767456055 
v -2.623668670654297 563.0029296875 -39.48982620239258 
v -56.3582878112793 508.322998046875 -52.26286697387695 
v -72.90265655517578 533.06005859375 -35.23150634765625 
v -58.86561965942383 506.1163330078125 -44.46524429321289 
v -76.28118133544922 534.36767578125 -27.077594757080078 
v -47.124298095703125 476.6550598144531 -42.90442657470703 
v -61.522830963134766 503.80828857421875 -36.42567825317383 
v -77.7127914428711 534.9667358398438 -21.521263122558594 
v -47.553062438964844 471.5083923339844 -35.628509521484375 
v -62.24718475341797 502.5903015136719 -29.905574798583984 
v -78.37061309814453 535.2841796875 -15.514856338500977 
v -47.4884147644043 468.8335266113281 -30.517536163330078 
v -62.980716705322266 501.29766845703125 -22.867595672607422 
v -78.431396484375 535.3062744140625 -8.285832405090332 
v -47.077484130859375 466.81243896484375 -24.82924461364746 
v -62.3366813659668 500.4394226074219 -14.394686698913574 
v -77.65843963623047 535.0249633789062 -1.5108860731124878 
v -46.3687629699707 465.15081787109375 -17.82926368713379 
v -61.70460891723633 499.58551025390625 -5.993942737579346 
v -75.55855560302734 534.1826782226562 7.093804359436035 
v -45.382057189941406 464.40179443359375 -11.117939949035645 
v -59.020931243896484 499.4665222167969 3.896989107131958 
v -72.49618530273438 533.0680541992188 15.448185920715332 
v -43.75242233276367 464.58843994140625 -2.373279333114624 
v -56.34920883178711 499.3518981933594 13.715755462646484 
v -69.88409423828125 532.1173095703125 20.241044998168945 
v -41.71605682373047 465.71881103515625 6.286491870880127 
v -53.27763366699219 499.9494934082031 19.641984939575195 
v -66.31181335449219 530.7391357421875 25.072254180908203 
v -40.21547317504883 467.20013427734375 11.410189628601074 
v -50.170188903808594 500.5340576171875 25.78470802307129 
v -61.51498031616211 528.915283203125 30.120134353637695 
v -38.39595031738281 469.6571350097656 16.763107299804688 
v -45.834232330322266 501.7632141113281 31.31629753112793 
v -56.40577697753906 527.0556640625 34.370018005371094 
v -36.07862091064453 473.25860595703125 22.549013137817383 
v -41.929561614990234 502.8374328613281 36.537960052490234 
v -49.45596694946289 524.3701782226562 38.63716506958008 
v -28.24622917175293 531.3108520507812 39.038631439208984 
v -24.81684684753418 526.1636352539062 42.40127182006836 
v -3.612964391708374 535.1339721679688 37.56870651245117 
v -7.232689380645752 530.8367919921875 39.69512176513672 
v -23.242774963378906 523.563232421875 43.17417526245117 
v -10.295513153076172 525.4011840820312 41.51179122924805 
v -21.60024070739746 520.7039794921875 43.54807662963867 
v -13.503478050231934 519.0826416015625 43.001625061035156 
v -24.942672729492188 515.0581665039062 44.28227233886719 
v -17.141572952270508 513.2325439453125 43.40044403076172 
v 2.1295998096466064 510.3514099121094 36.90843963623047 
v -14.503710746765137 505.17620849609375 41.435794830322266 
v -20.838655471801758 506.0782775878906 43.06071472167969 
v -3.7547357082366943 511.0894775390625 39.5649299621582 
v -10.42546558380127 512.3477172851562 42.08545684814453 
v -17.141572952270508 513.2325439453125 43.40044403076172 
v -15.109358787536621 548.9099731445312 -55.9057502746582 
v -42.4859619140625 533.9983520507812 -58.519229888916016 
v -56.70540237426758 525.7610473632812 -56.28789520263672 
v -46.22878646850586 514.3057861328125 -62.21182632446289 
v -39.009193420410156 511.36614990234375 -64.03179168701172 
v -18.61246681213379 543.4786376953125 -59.81972885131836 
v -41.1336784362793 531.0107421875 -60.709266662597656 
v -51.680206298828125 524.3999633789062 -59.3604621887207 
v -43.8399658203125 521.9362182617188 -62.59391784667969 
v -34.903568267822266 519.8533325195312 -64.9443130493164 
v -22.5393123626709 538.9813232421875 -61.89577865600586 
v -39.77647018432617 528.6452026367188 -61.96970748901367 
v -43.8399658203125 521.9362182617188 -62.59391784667969 
v -26.187543869018555 534.0707397460938 -63.37324142456055 
v -30.546545028686523 526.6115112304688 -64.96104431152344 
v -34.903568267822266 519.8533325195312 -64.9443130493164 
v -1.0115265846252441 542.4530639648438 32.59370040893555 
v -31.325088500976562 536.0186157226562 35.442588806152344 
v -61.51498031616211 528.915283203125 30.120134353637695 
v 2.2578694820404053 548.8272705078125 27.525432586669922 
v -33.679325103759766 538.98095703125 30.653915405273438 
v -66.31181335449219 530.7391357421875 25.072254180908203 
v 4.13543176651001 553.5245971679688 22.512250900268555 
v -36.188507080078125 542.3116455078125 25.16904067993164 
v -69.88409423828125 532.1173095703125 20.241044998168945 
v 5.924213409423828 558.1762084960938 16.69253158569336 
v -38.17093276977539 544.3588256835938 19.07303237915039 
v -72.49618530273438 533.0680541992188 15.448185920715332 
v 6.458431243896484 561.4909057617188 11.000056266784668 
v -40.11125946044922 546.5466918945312 13.350573539733887 
v -75.55855560302734 534.1826782226562 7.093804359436035 
v 7.236043930053711 564.171142578125 5.303398609161377 
v -42.19000244140625 548.005126953125 3.6634104251861572 
v -77.65843963623047 535.0249633789062 -1.5108860731124878 
v 6.2511677742004395 566.401123046875 -3.8488004207611084 
v -44.25678634643555 549.459228515625 -5.9515862464904785 
v -78.431396484375 535.3062744140625 -8.285832405090332 
v 5.541630268096924 567.985107421875 -13.234402656555176 
v -45.247764587402344 549.3519897460938 -13.978781700134277 
v -78.37061309814453 535.2841796875 -15.514856338500977 
v 3.7072439193725586 567.794921875 -20.531585693359375 
v -46.28657150268555 549.26220703125 -22.294635772705078 
v -77.7127914428711 534.9667358398438 -21.521263122558594 
v 2.068424940109253 566.98779296875 -28.121610641479492 
v -46.537357330322266 547.9498291015625 -29.103397369384766 
v -76.28118133544922 534.36767578125 -27.077594757080078 
v -0.39841994643211365 565.2343139648438 -34.06892776489258 
v -46.763736724853516 546.9404907226562 -35.525882720947266 
v -72.90265655517578 533.06005859375 -35.23150634765625 
v -14.527384757995605 511.7352294921875 63.19049835205078 
v -17.974048614501953 502.7742004394531 62.62590408325195 
v -5.8336005210876465 508.41497802734375 61.103309631347656 
v -9.295001983642578 499.5373229980469 59.87651443481445 
v 2.597623825073242 505.5022277832031 57.670448303222656 
v 9.766772270202637 502.658935546875 53.70680618286133 
v -7.183878421783447 493.85614013671875 57.249481201171875 
v -21.389257431030273 494.03570556640625 60.95338821411133 
v -24.62786865234375 486.4026184082031 58.49979019165039 
v -26.954320907592773 505.96478271484375 63.85983657836914 
v -5.325655937194824 488.4229736328125 53.63758850097656 
v 16.444204330444336 500.4624938964844 48.821929931640625 
v 23.90393829345703 497.4354553222656 40.85540771484375 
v -23.531572341918945 514.9345092773438 64.28009796142578 
v -17.974048614501953 502.7742004394531 62.62590408325195 
v -14.527384757995605 511.7352294921875 63.19049835205078 
v 241.9497528076172 413.54150390625 9.42916202545166 
v 243.06427001953125 412.6985168457031 9.840126037597656 
v 242.0203857421875 414.9371337890625 9.840126037597656 
v 243.0032196044922 414.0327453613281 10.662054061889648 
v 242.19642639160156 416.6224060058594 10.251090049743652 
v 243.38124084472656 415.9725036621094 11.175759315490723 
v 242.86407470703125 418.456787109375 10.251090049743652 
v 244.189453125 418.19305419921875 11.175759315490723 
v 243.8125 419.8609313964844 9.840126037597656 
v 245.146728515625 419.9219970703125 10.662054061889648 
v 244.65548706054688 420.9754638671875 9.42916202545166 
v 246.05113220214844 420.9048156738281 9.840126037597656 
v 244.4684295654297 411.7500915527344 10.251090049743652 
v 244.73216247558594 413.0754699707031 11.175759315490723 
v 245.37355041503906 415.1380310058594 11.997687339782715 
v 246.2520294189453 417.5516662597656 11.997687339782715 
v 247.0865020751953 419.5439758300781 11.175759315490723 
v 247.7364044189453 420.7287902832031 10.251090049743652 
v 246.30279541015625 411.0824279785156 10.251090049743652 
v 246.95269775390625 412.2672424316406 11.175759315490723 
v 247.78717041015625 414.2595520019531 11.997687339782715 
v 248.6656494140625 416.6731872558594 11.997687339782715 
v 249.30703735351562 418.73577880859375 11.175759315490723 
v 249.5707550048828 420.0611267089844 10.251090049743652 
v 247.98806762695312 410.9064025878906 9.840126037597656 
v 248.89247131347656 411.88922119140625 10.662054061889648 
v 249.84974670410156 413.6181640625 11.175759315490723 
v 250.657958984375 415.8387145996094 11.175759315490723 
v 251.03598022460938 417.7784729003906 10.662054061889648 
v 250.9749298095703 419.1127014160156 9.840126037597656 
v 249.3837127685547 410.83575439453125 9.42916202545166 
v 250.22669982910156 411.9502868652344 9.840126037597656 
v 251.17510986328125 413.3544616699219 10.251090049743652 
v 251.8427734375 415.1888122558594 10.251090049743652 
v 252.01881408691406 416.87408447265625 9.840126037597656 
v 252.08944702148438 418.26971435546875 9.42916202545166 
v 241.9497528076172 413.54150390625 1.518105149269104 
v 241.42300415039062 413.2958679199219 2.8537378311157227 
v 242.0203857421875 414.9371337890625 1.107141137123108 
v 241.07232666015625 414.73553466796875 2.3400328159332275 
v 242.19642639160156 416.6224060058594 0.696177065372467 
v 241.2572479248047 416.7455749511719 2.0318100452423096 
v 242.86407470703125 418.456787109375 0.696177065372467 
v 242.06546020507812 418.96612548828125 2.0318100452423096 
v 243.8125 419.8609313964844 1.107141137123108 
v 243.21583557128906 420.6247863769531 2.3400328159332275 
v 244.65548706054688 420.9754638671875 1.518105149269104 
v 244.4098663330078 421.502197265625 2.8537378311157227 
v 240.89627075195312 413.0502624511719 4.497593879699707 
v 240.4841766357422 414.62158203125 4.292111873626709 
v 240.4497528076172 416.9301452636719 4.189371109008789 
v 241.32823181152344 419.3437805175781 4.189371109008789 
v 242.83853149414062 421.0901184082031 4.292111873626709 
v 244.16424560546875 422.0289306640625 4.497593879699707 
v 240.89627075195312 413.0502624511719 6.449673175811768 
v 240.4841766357422 414.62158203125 6.655155181884766 
v 240.4497528076172 416.9301452636719 6.7578959465026855 
v 241.32823181152344 419.3437805175781 6.7578959465026855 
v 242.83853149414062 421.0901184082031 6.655155181884766 
v 244.16424560546875 422.0289306640625 6.449673175811768 
v 241.42300415039062 413.2958679199219 8.093528747558594 
v 241.07232666015625 414.73553466796875 8.607234001159668 
v 241.2572479248047 416.7455749511719 8.915456771850586 
v 242.06546020507812 418.96612548828125 8.915456771850586 
v 243.21583557128906 420.6247863769531 8.607234001159668 
v 244.4098663330078 421.502197265625 8.093528747558594 
v 241.9497528076172 413.54150390625 9.42916202545166 
v 242.0203857421875 414.9371337890625 9.840126037597656 
v 242.19642639160156 416.6224060058594 10.251090049743652 
v 242.86407470703125 418.456787109375 10.251090049743652 
v 243.8125 419.8609313964844 9.840126037597656 
v 244.65548706054688 420.9754638671875 9.42916202545166 
v 249.3837127685547 410.83575439453125 9.42916202545166 
v 247.98806762695312 410.9064025878906 9.840126037597656 
v 249.62933349609375 410.30902099609375 8.093528747558594 
v 248.18968200683594 409.9583435058594 8.607234001159668 
v 249.8749542236328 409.78228759765625 6.449673175811768 
v 248.30361938476562 409.37017822265625 6.655155181884766 
v 249.8749542236328 409.78228759765625 4.497593879699707 
v 248.30361938476562 409.37017822265625 4.292111873626709 
v 249.62933349609375 410.30902099609375 2.8537378311157227 
v 248.18968200683594 409.9583435058594 2.3400328159332275 
v 249.3837127685547 410.83575439453125 1.518105149269104 
v 247.98806762695312 410.9064025878906 1.107141137123108 
v 246.30279541015625 411.0824279785156 10.251090049743652 
v 246.17962646484375 410.14324951171875 8.915456771850586 
v 245.99505615234375 409.33575439453125 6.7578959465026855 
v 245.99505615234375 409.33575439453125 4.189371109008789 
v 246.17962646484375 410.14324951171875 2.0318100452423096 
v 246.30279541015625 411.0824279785156 0.696177065372467 
v 244.4684295654297 411.7500915527344 10.251090049743652 
v 243.95909118652344 410.95147705078125 8.915456771850586 
v 243.58143615722656 410.2142333984375 6.7578959465026855 
v 243.58143615722656 410.2142333984375 4.189371109008789 
v 243.95909118652344 410.95147705078125 2.0318100452423096 
v 244.4684295654297 411.7500915527344 0.696177065372467 
v 243.06427001953125 412.6985168457031 9.840126037597656 
v 242.30043029785156 412.1018371582031 8.607234001159668 
v 241.83509826660156 411.72454833984375 6.655155181884766 
v 241.83509826660156 411.72454833984375 4.292111873626709 
v 242.30043029785156 412.1018371582031 2.3400328159332275 
v 243.06427001953125 412.6985168457031 1.107141137123108 
v 241.9497528076172 413.54150390625 9.42916202545166 
v 241.42300415039062 413.2958679199219 8.093528747558594 
v 240.89627075195312 413.0502624511719 6.449673175811768 
v 240.89627075195312 413.0502624511719 4.497593879699707 
v 241.42300415039062 413.2958679199219 2.8537378311157227 
v 244.65548706054688 420.9754638671875 1.518105149269104 
v 246.05113220214844 420.9048156738281 1.107141137123108 
v 243.8125 419.8609313964844 1.107141137123108 
v 245.146728515625 419.9219970703125 0.28521305322647095 
v 242.86407470703125 418.456787109375 0.696177065372467 
v 244.189453125 418.19305419921875 -0.22849220037460327 
v 242.19642639160156 416.6224060058594 0.696177065372467 
v 243.38124084472656 415.9725036621094 -0.22849220037460327 
v 242.0203857421875 414.9371337890625 1.107141137123108 
v 243.0032196044922 414.0327453613281 0.28521305322647095 
v 241.9497528076172 413.54150390625 1.518105149269104 
v 243.06427001953125 412.6985168457031 1.107141137123108 
v 247.7364044189453 420.7287902832031 0.696177065372467 
v 247.0865020751953 419.5439758300781 -0.22849220037460327 
v 246.2520294189453 417.5516662597656 -1.0504201650619507 
v 245.37355041503906 415.1380310058594 -1.0504201650619507 
v 244.73216247558594 413.0754699707031 -0.22849220037460327 
v 244.4684295654297 411.7500915527344 0.696177065372467 
v 249.5707550048828 420.0611267089844 0.696177065372467 
v 249.30703735351562 418.73577880859375 -0.22849220037460327 
v 248.6656494140625 416.6731872558594 -1.0504201650619507 
v 247.78717041015625 414.2595520019531 -1.0504201650619507 
v 246.95269775390625 412.2672424316406 -0.22849220037460327 
v 246.30279541015625 411.0824279785156 0.696177065372467 
v 250.9749298095703 419.1127014160156 1.107141137123108 
v 251.03598022460938 417.7784729003906 0.28521305322647095 
v 250.657958984375 415.8387145996094 -0.22849220037460327 
v 249.84974670410156 413.6181640625 -0.22849220037460327 
v 248.89247131347656 411.88922119140625 0.28521305322647095 
v 247.98806762695312 410.9064025878906 1.107141137123108 
v 252.08944702148438 418.26971435546875 1.518105149269104 
v 252.01881408691406 416.87408447265625 1.107141137123108 
v 251.8427734375 415.1888122558594 0.696177065372467 
v 251.17510986328125 413.3544616699219 0.696177065372467 
v 250.22669982910156 411.9502868652344 1.107141137123108 
v 249.3837127685547 410.83575439453125 1.518105149269104 
v 252.08944702148438 418.26971435546875 1.518105149269104 
v 252.61619567871094 418.5153503417969 2.8537378311157227 
v 252.01881408691406 416.87408447265625 1.107141137123108 
v 252.9668731689453 417.07568359375 2.3400328159332275 
v 251.8427734375 415.1888122558594 0.696177065372467 
v 252.78195190429688 415.0656433105469 2.0318100452423096 
v 251.17510986328125 413.3544616699219 0.696177065372467 
v 251.97373962402344 412.8450927734375 2.0318100452423096 
v 250.22669982910156 411.9502868652344 1.107141137123108 
v 250.8233642578125 411.1864318847656 2.3400328159332275 
v 249.62933349609375 410.30902099609375 2.8537378311157227 
v 253.14292907714844 418.7609558105469 4.497593879699707 
v 253.55502319335938 417.18963623046875 4.292111873626709 
v 253.58944702148438 414.8810729980469 4.189371109008789 
v 252.71096801757812 412.4674377441406 4.189371109008789 
v 251.20066833496094 410.7210998535156 4.292111873626709 
v 249.8749542236328 409.78228759765625 4.497593879699707 
v 253.14292907714844 418.7609558105469 6.449673175811768 
v 253.55502319335938 417.18963623046875 6.655155181884766 
v 253.58944702148438 414.8810729980469 6.7578959465026855 
v 252.71096801757812 412.4674377441406 6.7578959465026855 
v 251.20066833496094 410.7210998535156 6.655155181884766 
v 249.8749542236328 409.78228759765625 6.449673175811768 
v 252.61619567871094 418.5153503417969 8.093528747558594 
v 252.9668731689453 417.07568359375 8.607234001159668 
v 252.78195190429688 415.0656433105469 8.915456771850586 
v 251.97373962402344 412.8450927734375 8.915456771850586 
v 250.8233642578125 411.1864318847656 8.607234001159668 
v 249.62933349609375 410.30902099609375 8.093528747558594 
v 252.08944702148438 418.26971435546875 9.42916202545166 
v 252.01881408691406 416.87408447265625 9.840126037597656 
v 251.8427734375 415.1888122558594 10.251090049743652 
v 251.17510986328125 413.3544616699219 10.251090049743652 
v 250.22669982910156 411.9502868652344 9.840126037597656 
v 249.3837127685547 410.83575439453125 9.42916202545166 
v 244.65548706054688 420.9754638671875 9.42916202545166 
v 246.05113220214844 420.9048156738281 9.840126037597656 
v 244.4098663330078 421.502197265625 8.093528747558594 
v 245.84951782226562 421.8528747558594 8.607234001159668 
v 244.16424560546875 422.0289306640625 6.449673175811768 
v 245.73558044433594 422.4410400390625 6.655155181884766 
v 244.16424560546875 422.0289306640625 4.497593879699707 
v 245.73558044433594 422.4410400390625 4.292111873626709 
v 244.4098663330078 421.502197265625 2.8537378311157227 
v 245.84951782226562 421.8528747558594 2.3400328159332275 
v 246.05113220214844 420.9048156738281 1.107141137123108 
v 247.7364044189453 420.7287902832031 10.251090049743652 
v 247.8595733642578 421.66796875 8.915456771850586 
v 248.0441436767578 422.4754638671875 6.7578959465026855 
v 248.0441436767578 422.4754638671875 4.189371109008789 
v 247.8595733642578 421.66796875 2.0318100452423096 
v 247.7364044189453 420.7287902832031 0.696177065372467 
v 249.5707550048828 420.0611267089844 10.251090049743652 
v 250.08010864257812 420.8597412109375 8.915456771850586 
v 250.457763671875 421.59698486328125 6.7578959465026855 
v 250.457763671875 421.59698486328125 4.189371109008789 
v 250.08010864257812 420.8597412109375 2.0318100452423096 
v 249.5707550048828 420.0611267089844 0.696177065372467 
v 250.9749298095703 419.1127014160156 9.840126037597656 
v 251.73876953125 419.7093811035156 8.607234001159668 
v 252.2041015625 420.0867004394531 6.655155181884766 
v 252.2041015625 420.0867004394531 4.292111873626709 
v 251.73876953125 419.7093811035156 2.3400328159332275 
v 250.9749298095703 419.1127014160156 1.107141137123108 
v 252.08944702148438 418.26971435546875 9.42916202545166 
v 252.61619567871094 418.5153503417969 8.093528747558594 
v 253.14292907714844 418.7609558105469 6.449673175811768 
v 253.14292907714844 418.7609558105469 4.497593879699707 
v 252.61619567871094 418.5153503417969 2.8537378311157227 
v 188.11473083496094 433.1358337402344 -87.98860931396484 
v 189.22926330566406 432.2928161621094 -87.57764434814453 
v 188.18536376953125 434.5314636230469 -87.57764434814453 
v 189.168212890625 433.6270751953125 -86.7557144165039 
v 188.36141967773438 436.21673583984375 -87.16667938232422 
v 189.5462188720703 435.56683349609375 -86.24201202392578 
v 189.02906799316406 438.05108642578125 -87.16667938232422 
v 190.35443115234375 437.7873840332031 -86.24201202392578 
v 189.97747802734375 439.45526123046875 -87.57764434814453 
v 191.3117218017578 439.5163269042969 -86.7557144165039 
v 190.8204803466797 440.5697937011719 -87.98860931396484 
v 192.2161102294922 440.4991455078125 -87.57764434814453 
v 190.6334228515625 431.34442138671875 -87.16667938232422 
v 190.8971405029297 432.6697692871094 -86.24201202392578 
v 191.5385284423828 434.73236083984375 -85.42008209228516 
v 192.41702270507812 437.14599609375 -85.42008209228516 
v 193.25149536132812 439.1383056640625 -86.24201202392578 
v 193.90139770507812 440.3230895996094 -87.16667938232422 
v 192.4677734375 430.6767578125 -87.16667938232422 
v 193.11767578125 431.861572265625 -86.24201202392578 
v 193.95216369628906 433.8538818359375 -85.42008209228516 
v 194.8306427001953 436.26751708984375 -85.42008209228516 
v 195.47203063964844 438.330078125 -86.24201202392578 
v 195.73574829101562 439.65545654296875 -87.16667938232422 
v 194.15306091308594 430.5007019042969 -87.57764434814453 
v 195.0574493408203 431.4835510253906 -86.7557144165039 
v 196.01473999023438 433.2124938964844 -86.24201202392578 
v 196.8229522705078 435.43304443359375 -86.24201202392578 
v 197.20095825195312 437.372802734375 -86.7557144165039 
v 197.13990783691406 438.70703125 -87.57764434814453 
v 195.5487060546875 430.4300842285156 -87.98860931396484 
v 196.39169311523438 431.54461669921875 -87.57764434814453 
v 197.34010314941406 432.9487609863281 -87.16667938232422 
v 198.00775146484375 434.78314208984375 -87.16667938232422 
v 198.18380737304688 436.4684143066406 -87.57764434814453 
v 198.2544403076172 437.8640441894531 -87.98860931396484 
v 188.11473083496094 433.1358337402344 -95.89966583251953 
v 187.58799743652344 432.89019775390625 -94.56403350830078 
v 188.18536376953125 434.5314636230469 -96.31063079833984 
v 187.2373046875 434.3298645019531 -95.0777359008789 
v 188.36141967773438 436.21673583984375 -96.72159576416016 
v 187.4222412109375 436.33990478515625 -95.3859634399414 
v 189.02906799316406 438.05108642578125 -96.72159576416016 
v 188.23043823242188 438.5604553222656 -95.3859634399414 
v 189.97747802734375 439.45526123046875 -96.31063079833984 
v 189.3808135986328 440.2191162109375 -95.0777359008789 
v 190.8204803466797 440.5697937011719 -95.89966583251953 
v 190.57485961914062 441.0965270996094 -94.56403350830078 
v 187.06126403808594 432.64459228515625 -92.92017364501953 
v 186.649169921875 434.2159118652344 -93.12565612792969 
v 186.61473083496094 436.52447509765625 -93.22840118408203 
v 187.49322509765625 438.9381103515625 -93.22840118408203 
v 189.00350952148438 440.6844482421875 -93.12565612792969 
v 190.3292236328125 441.6232604980469 -92.92017364501953 
v 187.06126403808594 432.64459228515625 -90.96809387207031 
v 186.649169921875 434.2159118652344 -90.76261138916016 
v 186.61473083496094 436.52447509765625 -90.65987396240234 
v 187.49322509765625 438.9381103515625 -90.65987396240234 
v 189.00350952148438 440.6844482421875 -90.76261138916016 
v 190.3292236328125 441.6232604980469 -90.96809387207031 
v 187.58799743652344 432.89019775390625 -89.3242416381836 
v 187.2373046875 434.3298645019531 -88.81053924560547 
v 187.4222412109375 436.33990478515625 -88.50231170654297 
v 188.23043823242188 438.5604553222656 -88.50231170654297 
v 189.3808135986328 440.2191162109375 -88.81053924560547 
v 190.57485961914062 441.0965270996094 -89.3242416381836 
v 188.11473083496094 433.1358337402344 -87.98860931396484 
v 188.18536376953125 434.5314636230469 -87.57764434814453 
v 188.36141967773438 436.21673583984375 -87.16667938232422 
v 189.02906799316406 438.05108642578125 -87.16667938232422 
v 189.97747802734375 439.45526123046875 -87.57764434814453 
v 190.8204803466797 440.5697937011719 -87.98860931396484 
v 195.5487060546875 430.4300842285156 -87.98860931396484 
v 194.15306091308594 430.5007019042969 -87.57764434814453 
v 195.79432678222656 429.9033508300781 -89.3242416381836 
v 194.3546600341797 429.55267333984375 -88.81053924560547 
v 196.03994750976562 429.3766174316406 -90.96809387207031 
v 194.46859741210938 428.9645080566406 -90.76261138916016 
v 196.03994750976562 429.3766174316406 -92.92017364501953 
v 194.46859741210938 428.9645080566406 -93.12565612792969 
v 195.79432678222656 429.9033508300781 -94.56403350830078 
v 194.3546600341797 429.55267333984375 -95.0777359008789 
v 195.5487060546875 430.4300842285156 -95.89966583251953 
v 194.15306091308594 430.5007019042969 -96.31063079833984 
v 192.4677734375 430.6767578125 -87.16667938232422 
v 192.34461975097656 429.7375793457031 -88.50231170654297 
v 192.16004943847656 428.9300842285156 -90.65987396240234 
v 192.16004943847656 428.9300842285156 -93.22840118408203 
v 192.34461975097656 429.7375793457031 -95.3859634399414 
v 192.4677734375 430.6767578125 -96.72159576416016 
v 190.6334228515625 431.34442138671875 -87.16667938232422 
v 190.12408447265625 430.5458068847656 -88.50231170654297 
v 189.7464141845703 429.8085632324219 -90.65987396240234 
v 189.7464141845703 429.8085632324219 -93.22840118408203 
v 190.12408447265625 430.5458068847656 -95.3859634399414 
v 190.6334228515625 431.34442138671875 -96.72159576416016 
v 189.22926330566406 432.2928161621094 -87.57764434814453 
v 188.46542358398438 431.6961669921875 -88.81053924560547 
v 188.00009155273438 431.31884765625 -90.76261138916016 
v 188.00009155273438 431.31884765625 -93.12565612792969 
v 188.46542358398438 431.6961669921875 -95.0777359008789 
v 189.22926330566406 432.2928161621094 -96.31063079833984 
v 188.11473083496094 433.1358337402344 -87.98860931396484 
v 187.58799743652344 432.89019775390625 -89.3242416381836 
v 187.06126403808594 432.64459228515625 -90.96809387207031 
v 187.06126403808594 432.64459228515625 -92.92017364501953 
v 187.58799743652344 432.89019775390625 -94.56403350830078 
v 190.8204803466797 440.5697937011719 -95.89966583251953 
v 192.2161102294922 440.4991455078125 -96.31063079833984 
v 189.97747802734375 439.45526123046875 -96.31063079833984 
v 191.3117218017578 439.5163269042969 -97.13256072998047 
v 189.02906799316406 438.05108642578125 -96.72159576416016 
v 190.35443115234375 437.7873840332031 -97.6462631225586 
v 188.36141967773438 436.21673583984375 -96.72159576416016 
v 189.5462188720703 435.56683349609375 -97.6462631225586 
v 188.18536376953125 434.5314636230469 -96.31063079833984 
v 189.168212890625 433.6270751953125 -97.13256072998047 
v 188.11473083496094 433.1358337402344 -95.89966583251953 
v 189.22926330566406 432.2928161621094 -96.31063079833984 
v 193.90139770507812 440.3230895996094 -96.72159576416016 
v 193.25149536132812 439.1383056640625 -97.6462631225586 
v 192.41702270507812 437.14599609375 -98.46819305419922 
v 191.5385284423828 434.73236083984375 -98.46819305419922 
v 190.8971405029297 432.6697692871094 -97.6462631225586 
v 190.6334228515625 431.34442138671875 -96.72159576416016 
v 195.73574829101562 439.65545654296875 -96.72159576416016 
v 195.47203063964844 438.330078125 -97.6462631225586 
v 194.8306427001953 436.26751708984375 -98.46819305419922 
v 193.95216369628906 433.8538818359375 -98.46819305419922 
v 193.11767578125 431.861572265625 -97.6462631225586 
v 192.4677734375 430.6767578125 -96.72159576416016 
v 197.13990783691406 438.70703125 -96.31063079833984 
v 197.20095825195312 437.372802734375 -97.13256072998047 
v 196.8229522705078 435.43304443359375 -97.6462631225586 
v 196.01473999023438 433.2124938964844 -97.6462631225586 
v 195.0574493408203 431.4835510253906 -97.13256072998047 
v 194.15306091308594 430.5007019042969 -96.31063079833984 
v 198.2544403076172 437.8640441894531 -95.89966583251953 
v 198.18380737304688 436.4684143066406 -96.31063079833984 
v 198.00775146484375 434.78314208984375 -96.72159576416016 
v 197.34010314941406 432.9487609863281 -96.72159576416016 
v 196.39169311523438 431.54461669921875 -96.31063079833984 
v 195.5487060546875 430.4300842285156 -95.89966583251953 
v 198.2544403076172 437.8640441894531 -95.89966583251953 
v 198.7811737060547 438.10968017578125 -94.56403350830078 
v 198.18380737304688 436.4684143066406 -96.31063079833984 
v 199.13186645507812 436.6700134277344 -95.0777359008789 
v 198.00775146484375 434.78314208984375 -96.72159576416016 
v 198.9469451904297 434.65997314453125 -95.3859634399414 
v 197.34010314941406 432.9487609863281 -96.72159576416016 
v 198.13873291015625 432.4394226074219 -95.3859634399414 
v 196.39169311523438 431.54461669921875 -96.31063079833984 
v 196.9883575439453 430.78076171875 -95.0777359008789 
v 195.79432678222656 429.9033508300781 -94.56403350830078 
v 199.30792236328125 438.35528564453125 -92.92017364501953 
v 199.72000122070312 436.7839660644531 -93.12565612792969 
v 199.7544403076172 434.47540283203125 -93.22840118408203 
v 198.87594604492188 432.061767578125 -93.22840118408203 
v 197.36566162109375 430.3154296875 -93.12565612792969 
v 196.03994750976562 429.3766174316406 -92.92017364501953 
v 199.30792236328125 438.35528564453125 -90.96809387207031 
v 199.72000122070312 436.7839660644531 -90.76261138916016 
v 199.7544403076172 434.47540283203125 -90.65987396240234 
v 198.87594604492188 432.061767578125 -90.65987396240234 
v 197.36566162109375 430.3154296875 -90.76261138916016 
v 196.03994750976562 429.3766174316406 -90.96809387207031 
v 198.7811737060547 438.10968017578125 -89.3242416381836 
v 199.13186645507812 436.6700134277344 -88.81053924560547 
v 198.9469451904297 434.65997314453125 -88.50231170654297 
v 198.13873291015625 432.4394226074219 -88.50231170654297 
v 196.9883575439453 430.78076171875 -88.81053924560547 
v 195.79432678222656 429.9033508300781 -89.3242416381836 
v 198.2544403076172 437.8640441894531 -87.98860931396484 
v 198.18380737304688 436.4684143066406 -87.57764434814453 
v 198.00775146484375 434.78314208984375 -87.16667938232422 
v 197.34010314941406 432.9487609863281 -87.16667938232422 
v 196.39169311523438 431.54461669921875 -87.57764434814453 
v 195.5487060546875 430.4300842285156 -87.98860931396484 
v 190.8204803466797 440.5697937011719 -87.98860931396484 
v 192.2161102294922 440.4991455078125 -87.57764434814453 
v 190.57485961914062 441.0965270996094 -89.3242416381836 
v 192.01451110839844 441.44720458984375 -88.81053924560547 
v 190.3292236328125 441.6232604980469 -90.96809387207031 
v 191.90057373046875 442.0353698730469 -90.76261138916016 
v 190.3292236328125 441.6232604980469 -92.92017364501953 
v 191.90057373046875 442.0353698730469 -93.12565612792969 
v 190.57485961914062 441.0965270996094 -94.56403350830078 
v 192.01451110839844 441.44720458984375 -95.0777359008789 
v 192.2161102294922 440.4991455078125 -96.31063079833984 
v 193.90139770507812 440.3230895996094 -87.16667938232422 
v 194.02456665039062 441.2622985839844 -88.50231170654297 
v 194.20913696289062 442.0697937011719 -90.65987396240234 
v 194.20913696289062 442.0697937011719 -93.22840118408203 
v 194.02456665039062 441.2622985839844 -95.3859634399414 
v 193.90139770507812 440.3230895996094 -96.72159576416016 
v 195.73574829101562 439.65545654296875 -87.16667938232422 
v 196.24510192871094 440.4540710449219 -88.50231170654297 
v 196.6227569580078 441.1913146972656 -90.65987396240234 
v 196.6227569580078 441.1913146972656 -93.22840118408203 
v 196.24510192871094 440.4540710449219 -95.3859634399414 
v 195.73574829101562 439.65545654296875 -96.72159576416016 
v 197.13990783691406 438.70703125 -87.57764434814453 
v 197.90374755859375 439.3037109375 -88.81053924560547 
v 198.36907958984375 439.6809997558594 -90.76261138916016 
v 198.36907958984375 439.6809997558594 -93.12565612792969 
v 197.90374755859375 439.3037109375 -95.0777359008789 
v 197.13990783691406 438.70703125 -96.31063079833984 
v 198.2544403076172 437.8640441894531 -87.98860931396484 
v 198.7811737060547 438.10968017578125 -89.3242416381836 
v 199.30792236328125 438.35528564453125 -90.96809387207031 
v 199.30792236328125 438.35528564453125 -92.92017364501953 
v 198.7811737060547 438.10968017578125 -94.56403350830078 
v 241.94346618652344 410.7368469238281 44.75226974487305 
v 243.80101013183594 409.33184814453125 45.43721008300781 
v 242.06118774414062 413.06292724609375 45.43721008300781 
v 243.69924926757812 411.5555725097656 46.807090759277344 
v 242.35459899902344 415.8717041015625 46.12215042114258 
v 244.32928466796875 414.7885437011719 47.663265228271484 
v 243.46734619140625 418.9289855957031 46.12215042114258 
v 245.67630004882812 418.48944091796875 47.663265228271484 
v 245.04803466796875 421.2692565917969 45.43721008300781 
v 247.2717742919922 421.3710021972656 46.807090759277344 
v 246.45303344726562 423.1268005371094 44.75226974487305 
v 248.7790985107422 423.0090637207031 45.43721008300781 
v 246.1412811279297 407.75115966796875 46.12215042114258 
v 246.580810546875 409.9601135253906 47.663265228271484 
v 247.64979553222656 413.39776611328125 49.033145904541016 
v 249.1139373779297 417.42047119140625 49.033145904541016 
v 250.50473022460938 420.740966796875 47.663265228271484 
v 251.587890625 422.71563720703125 46.12215042114258 
v 249.1985321044922 406.638427734375 46.12215042114258 
v 250.28170776367188 408.61309814453125 47.663265228271484 
v 251.67250061035156 411.93359375 49.033145904541016 
v 253.1366424560547 415.9563293457031 49.033145904541016 
v 254.2056121826172 419.3939514160156 47.663265228271484 
v 254.64515686035156 421.6029052734375 46.12215042114258 
v 252.00732421875 406.3450012207031 45.43721008300781 
v 253.51466369628906 407.9830627441406 46.807090759277344 
v 255.11013793945312 410.8646240234375 47.663265228271484 
v 256.4571533203125 414.5655212402344 47.663265228271484 
v 257.0871887207031 417.7984924316406 46.807090759277344 
v 256.98541259765625 420.022216796875 45.43721008300781 
v 254.33340454101562 406.227294921875 44.75226974487305 
v 255.73838806152344 408.0848388671875 45.43721008300781 
v 257.319091796875 410.42510986328125 46.12215042114258 
v 258.43182373046875 413.48236083984375 46.12215042114258 
v 258.7252502441406 416.2911376953125 45.43721008300781 
v 258.84295654296875 418.6172180175781 44.75226974487305 
v 241.94346618652344 410.7368469238281 31.567174911499023 
v 241.06556701660156 410.3274841308594 33.79323196411133 
v 242.06118774414062 413.06292724609375 30.882234573364258 
v 240.48109436035156 412.7268981933594 32.93705368041992 
v 242.35459899902344 415.8717041015625 30.197294235229492 
v 240.78929138183594 416.0769958496094 32.4233512878418 
v 243.46734619140625 418.9289855957031 30.197294235229492 
v 242.1363067626953 419.77789306640625 32.4233512878418 
v 245.04803466796875 421.2692565917969 30.882234573364258 
v 244.05360412597656 422.54229736328125 32.93705368041992 
v 246.45303344726562 423.1268005371094 31.567174911499023 
v 246.0436553955078 424.0046691894531 33.79323196411133 
v 240.1876678466797 409.9180908203125 36.532989501953125 
v 239.5008544921875 412.5370178222656 36.190521240234375 
v 239.44346618652344 416.3846130371094 36.019283294677734 
v 240.90760803222656 420.4073181152344 36.019283294677734 
v 243.4247589111328 423.31787109375 36.190521240234375 
v 245.63429260253906 424.882568359375 36.532989501953125 
v 240.1876678466797 409.9180908203125 39.78645324707031 
v 239.5008544921875 412.5370178222656 40.12892532348633 
v 239.44346618652344 416.3846130371094 40.3001594543457 
v 240.90760803222656 420.4073181152344 40.3001594543457 
v 243.4247589111328 423.31787109375 40.12892532348633 
v 245.63429260253906 424.882568359375 39.78645324707031 
v 241.06556701660156 410.3274841308594 42.526214599609375 
v 240.48109436035156 412.7268981933594 43.382389068603516 
v 240.78929138183594 416.0769958496094 43.896095275878906 
v 242.1363067626953 419.77789306640625 43.896095275878906 
v 244.05360412597656 422.54229736328125 43.382389068603516 
v 246.0436553955078 424.0046691894531 42.526214599609375 
v 241.94346618652344 410.7368469238281 44.75226974487305 
v 242.06118774414062 413.06292724609375 45.43721008300781 
v 242.35459899902344 415.8717041015625 46.12215042114258 
v 243.46734619140625 418.9289855957031 46.12215042114258 
v 245.04803466796875 421.2692565917969 45.43721008300781 
v 246.45303344726562 423.1268005371094 44.75226974487305 
v 254.33340454101562 406.227294921875 44.75226974487305 
v 252.00732421875 406.3450012207031 45.43721008300781 
v 254.74276733398438 405.3493957519531 42.526214599609375 
v 252.34335327148438 404.764892578125 43.382389068603516 
v 255.1521453857422 404.47149658203125 39.78645324707031 
v 252.5332489013672 403.78466796875 40.12892532348633 
v 255.1521453857422 404.47149658203125 36.532989501953125 
v 252.5332489013672 403.78466796875 36.190521240234375 
v 254.74276733398438 405.3493957519531 33.79323196411133 
v 252.34335327148438 404.764892578125 32.93705368041992 
v 254.33340454101562 406.227294921875 31.567174911499023 
v 252.00732421875 406.3450012207031 30.882234573364258 
v 249.1985321044922 406.638427734375 46.12215042114258 
v 248.99325561523438 405.0731201171875 43.896095275878906 
v 248.68563842773438 403.727294921875 40.3001594543457 
v 248.68563842773438 403.727294921875 36.019283294677734 
v 248.99325561523438 405.0731201171875 32.4233512878418 
v 249.1985321044922 406.638427734375 30.197294235229492 
v 246.1412811279297 407.75115966796875 46.12215042114258 
v 245.29237365722656 406.4201354980469 43.896095275878906 
v 244.66293334960938 405.1914367675781 40.3001594543457 
v 244.66293334960938 405.1914367675781 36.019283294677734 
v 245.29237365722656 406.4201354980469 32.4233512878418 
v 246.1412811279297 407.75115966796875 30.197294235229492 
v 243.80101013183594 409.33184814453125 45.43721008300781 
v 242.52793884277344 408.3374328613281 43.382389068603516 
v 241.75238037109375 407.7085876464844 40.12892532348633 
v 241.75238037109375 407.7085876464844 36.190521240234375 
v 242.52793884277344 408.3374328613281 32.93705368041992 
v 243.80101013183594 409.33184814453125 30.882234573364258 
v 241.94346618652344 410.7368469238281 44.75226974487305 
v 241.06556701660156 410.3274841308594 42.526214599609375 
v 240.1876678466797 409.9180908203125 39.78645324707031 
v 240.1876678466797 409.9180908203125 36.532989501953125 
v 241.06556701660156 410.3274841308594 33.79323196411133 
v 246.45303344726562 423.1268005371094 31.567174911499023 
v 248.7790985107422 423.0090637207031 30.882234573364258 
v 245.04803466796875 421.2692565917969 30.882234573364258 
v 247.2717742919922 421.3710021972656 29.51235580444336 
v 243.46734619140625 418.9289855957031 30.197294235229492 
v 245.67630004882812 418.48944091796875 28.656179428100586 
v 242.35459899902344 415.8717041015625 30.197294235229492 
v 244.32928466796875 414.7885437011719 28.656179428100586 
v 242.06118774414062 413.06292724609375 30.882234573364258 
v 243.69924926757812 411.5555725097656 29.51235580444336 
v 241.94346618652344 410.7368469238281 31.567174911499023 
v 243.80101013183594 409.33184814453125 30.882234573364258 
v 251.587890625 422.71563720703125 30.197294235229492 
v 250.50473022460938 420.740966796875 28.656179428100586 
v 249.1139373779297 417.42047119140625 27.286300659179688 
v 247.64979553222656 413.39776611328125 27.286300659179688 
v 246.580810546875 409.9601135253906 28.656179428100586 
v 246.1412811279297 407.75115966796875 30.197294235229492 
v 254.64515686035156 421.6029052734375 30.197294235229492 
v 254.2056121826172 419.3939514160156 28.656179428100586 
v 253.1366424560547 415.9563293457031 27.286300659179688 
v 251.67250061035156 411.93359375 27.286300659179688 
v 250.28170776367188 408.61309814453125 28.656179428100586 
v 249.1985321044922 406.638427734375 30.197294235229492 
v 256.98541259765625 420.022216796875 30.882234573364258 
v 257.0871887207031 417.7984924316406 29.51235580444336 
v 256.4571533203125 414.5655212402344 28.656179428100586 
v 255.11013793945312 410.8646240234375 28.656179428100586 
v 253.51466369628906 407.9830627441406 29.51235580444336 
v 252.00732421875 406.3450012207031 30.882234573364258 
v 258.84295654296875 418.6172180175781 31.567174911499023 
v 258.7252502441406 416.2911376953125 30.882234573364258 
v 258.43182373046875 413.48236083984375 30.197294235229492 
v 257.319091796875 410.42510986328125 30.197294235229492 
v 255.73838806152344 408.0848388671875 30.882234573364258 
v 254.33340454101562 406.227294921875 31.567174911499023 
v 258.84295654296875 418.6172180175781 31.567174911499023 
v 259.7208557128906 419.0265808105469 33.79323196411133 
v 258.7252502441406 416.2911376953125 30.882234573364258 
v 260.3053283691406 416.6271667480469 32.93705368041992 
v 258.43182373046875 413.48236083984375 30.197294235229492 
v 259.99713134765625 413.2770690917969 32.4233512878418 
v 257.319091796875 410.42510986328125 30.197294235229492 
v 258.6501159667969 409.576171875 32.4233512878418 
v 255.73838806152344 408.0848388671875 30.882234573364258 
v 256.7328186035156 406.811767578125 32.93705368041992 
v 254.74276733398438 405.3493957519531 33.79323196411133 
v 260.5987548828125 419.43597412109375 36.532989501953125 
v 261.28558349609375 416.8170471191406 36.190521240234375 
v 261.34295654296875 412.9694519042969 36.019283294677734 
v 259.8788146972656 408.9467468261719 36.019283294677734 
v 257.3616638183594 406.03619384765625 36.190521240234375 
v 255.1521453857422 404.47149658203125 36.532989501953125 
v 260.5987548828125 419.43597412109375 39.78645324707031 
v 261.28558349609375 416.8170471191406 40.12892532348633 
v 261.34295654296875 412.9694519042969 40.3001594543457 
v 259.8788146972656 408.9467468261719 40.3001594543457 
v 257.3616638183594 406.03619384765625 40.12892532348633 
v 255.1521453857422 404.47149658203125 39.78645324707031 
v 259.7208557128906 419.0265808105469 42.526214599609375 
v 260.3053283691406 416.6271667480469 43.382389068603516 
v 259.99713134765625 413.2770690917969 43.896095275878906 
v 258.6501159667969 409.576171875 43.896095275878906 
v 256.7328186035156 406.811767578125 43.382389068603516 
v 254.74276733398438 405.3493957519531 42.526214599609375 
v 258.84295654296875 418.6172180175781 44.75226974487305 
v 258.7252502441406 416.2911376953125 45.43721008300781 
v 258.43182373046875 413.48236083984375 46.12215042114258 
v 257.319091796875 410.42510986328125 46.12215042114258 
v 255.73838806152344 408.0848388671875 45.43721008300781 
v 254.33340454101562 406.227294921875 44.75226974487305 
v 246.45303344726562 423.1268005371094 44.75226974487305 
v 248.7790985107422 423.0090637207031 45.43721008300781 
v 246.0436553955078 424.0046691894531 42.526214599609375 
v 248.44308471679688 424.58917236328125 43.382389068603516 
v 245.63429260253906 424.882568359375 39.78645324707031 
v 248.25318908691406 425.56939697265625 40.12892532348633 
v 245.63429260253906 424.882568359375 36.532989501953125 
v 248.25318908691406 425.56939697265625 36.190521240234375 
v 246.0436553955078 424.0046691894531 33.79323196411133 
v 248.44308471679688 424.58917236328125 32.93705368041992 
v 248.7790985107422 423.0090637207031 30.882234573364258 
v 251.587890625 422.71563720703125 46.12215042114258 
v 251.7931671142578 424.28094482421875 43.896095275878906 
v 252.1007843017578 425.62677001953125 40.3001594543457 
v 252.1007843017578 425.62677001953125 36.019283294677734 
v 251.7931671142578 424.28094482421875 32.4233512878418 
v 251.587890625 422.71563720703125 30.197294235229492 
v 254.64515686035156 421.6029052734375 46.12215042114258 
v 255.4940643310547 422.9339294433594 43.896095275878906 
v 256.1235046386719 424.1626281738281 40.3001594543457 
v 256.1235046386719 424.1626281738281 36.019283294677734 
v 255.4940643310547 422.9339294433594 32.4233512878418 
v 254.64515686035156 421.6029052734375 30.197294235229492 
v 256.98541259765625 420.022216796875 45.43721008300781 
v 258.25848388671875 421.0166320800781 43.382389068603516 
v 259.0340576171875 421.6454772949219 40.12892532348633 
v 259.0340576171875 421.6454772949219 36.190521240234375 
v 258.25848388671875 421.0166320800781 32.93705368041992 
v 256.98541259765625 420.022216796875 30.882234573364258 
v 258.84295654296875 418.6172180175781 44.75226974487305 
v 259.7208557128906 419.0265808105469 42.526214599609375 
v 260.5987548828125 419.43597412109375 39.78645324707031 
v 260.5987548828125 419.43597412109375 36.532989501953125 
v 259.7208557128906 419.0265808105469 33.79323196411133 
vn -0.7396231293678284 -0.34801268577575684 0.5760593414306641 
vn -0.6063482761383057 -0.46942564845085144 0.641857385635376 
vn -0.7489516735076904 -0.1645907163619995 0.641857385635376 
vn -0.562147319316864 -0.2610948383808136 0.7847417593002319 
vn -0.710167407989502 0.09930010885000229 0.6969945430755615 
vn -0.5005459189414978 0.0091968709602952 0.865661084651947 
vn -0.6068548560142517 0.3762410879135132 0.7001210451126099 
vn -0.39403843879699707 0.30881136655807495 0.865661084651947 
vn -0.4647923707962036 0.6028030514717102 0.6485338807106018 
vn -0.2622029185295105 0.5578383803367615 0.7874425053596497 
vn -0.34694525599479675 0.7373350262641907 0.5796254277229309 
vn -0.16669383645057678 0.7427089810371399 0.6485338807106018 
vn -0.37721964716911316 -0.6098390221595764 0.6969945430755615 
vn -0.3117641508579254 -0.3917064070701599 0.865661084651947 
vn -0.22259357571601868 -0.10587096959352493 0.9691457152366638 
vn -0.10246414691209793 0.22418220341205597 0.9691457152366638 
vn 0.012958565726876259 0.5004626512527466 0.865661084651947 
vn 0.09626065939664841 0.7075055241584778 0.7001210451126099 
vn -0.09999491274356842 -0.7069873809814453 0.7001210451126099 
vn -0.012958565726876259 -0.5004626512527466 0.865661084651947 
vn 0.10246414691209793 -0.22418220341205597 0.9691457152366638 
vn 0.22259357571601868 0.10587096959352493 0.9691457152366638 
vn 0.3117641508579254 0.3917064070701599 0.865661084651947 
vn 0.37721964716911316 0.6098390221595764 0.6969945430755615 
vn 0.16669383645057678 -0.7427089810371399 0.6485338807106018 
vn 0.2622029185295105 -0.5578383803367615 0.7874425053596497 
vn 0.39403843879699707 -0.30881136655807495 0.865661084651947 
vn 0.5005459189414978 -0.0091968709602952 0.865661084651947 
vn 0.5605503916740417 0.26450592279434204 0.7847417593002319 
vn 0.6086488366127014 0.4664389491081238 0.641857385635376 
vn 0.3435300588607788 -0.7389323711395264 0.5796254277229309 
vn 0.4647923707962036 -0.6028030514717102 0.6485338807106018 
vn 0.6048598885536194 -0.3794400095939636 0.7001210451126099 
vn 0.710167407989502 -0.09930010885000229 0.6969945430755615 
vn 0.7481334209442139 0.16827087104320526 0.641857385635376 
vn 0.7412207126617432 0.3445969820022583 0.5760593414306641 
vn -0.7377346754074097 -0.34609463810920715 -0.5796254277229309 
vn -0.8245018720626831 -0.38655394315719604 -0.41324591636657715 
vn -0.7425585985183716 -0.16736237704753876 -0.6485338807106018 
vn -0.8861182332038879 -0.14283175766468048 -0.4409002661705017 
vn -0.7072837948799133 0.0978766679763794 -0.7001210451126099 
vn -0.8670260310173035 0.14776921272277832 -0.4758462607860565 
vn -0.6075804829597473 0.3808467388153076 -0.6969945430755615 
vn -0.7591649293899536 0.44411540031433105 -0.4758462607860565 
vn -0.470382958650589 0.6056060194969177 -0.641857385635376 
vn -0.5915639400482178 0.6775729656219482 -0.43697428703308105 
vn -0.34545159339904785 0.7408227920532227 -0.5760593414306641 
vn -0.38816913962364197 0.825728714466095 -0.40926313400268555 
vn -0.897222101688385 -0.4152587056159973 -0.15017375349998474 
vn -0.9754082560539246 -0.15283425152301788 -0.15880759060382843 
vn -0.970395565032959 0.16535532474517822 -0.1760382205247879 
vn -0.8496547341346741 0.4970882534980774 -0.1760382205247879 
vn -0.6489664912223816 0.744057834148407 -0.15880759060382843 
vn -0.4206642806529999 0.8954150080680847 -0.1458524912595749 
vn -0.8966156244277954 -0.4180990159511566 0.1458524912595749 
vn -0.9754082560539246 -0.15283425152301788 0.15880759060382843 
vn -0.970395565032959 0.16535532474517822 0.1760382205247879 
vn -0.8496547341346741 0.4970882534980774 0.1760382205247879 
vn -0.6489664912223816 0.744057834148407 0.15880759060382843 
vn -0.4203892946243286 0.8948296308517456 0.15017375349998474 
vn -0.8269297480583191 -0.3856039345264435 0.40926313400268555 
vn -0.888205349445343 -0.14193017780780792 0.43697428703308105 
vn -0.8670260310173035 0.14776921272277832 0.4758462607860565 
vn -0.7591649293899536 0.44411540031433105 0.4758462607860565 
vn -0.5869958400726318 0.679000973701477 0.4409002661705017 
vn -0.3831334412097931 0.8260968923568726 0.41324591636657715 
vn -0.7396231293678284 -0.34801268577575684 0.5760593414306641 
vn -0.7489516735076904 -0.1645907163619995 0.641857385635376 
vn -0.710167407989502 0.09930010885000229 0.6969945430755615 
vn -0.6068548560142517 0.3762410879135132 0.7001210451126099 
vn -0.4647923707962036 0.6028030514717102 0.6485338807106018 
vn -0.34694525599479675 0.7373350262641907 0.5796254277229309 
vn 0.3435300588607788 -0.7389323711395264 0.5796254277229309 
vn 0.16669383645057678 -0.7427089810371399 0.6485338807106018 
vn 0.3831334412097931 -0.8260968923568726 0.41324591636657715 
vn 0.14469479024410248 -0.8858159780502319 0.4409002661705017 
vn 0.416970431804657 -0.8964278697967529 0.15017375349998474 
vn 0.1491052210330963 -0.9759852290153503 0.15880759060382843 
vn 0.41724321246147156 -0.8970142602920532 -0.1458524912595749 
vn 0.1491052210330963 -0.9759852290153503 -0.15880759060382843 
vn 0.38474807143211365 -0.8273283243179321 -0.40926313400268555 
vn 0.13880150020122528 -0.8886997103691101 -0.43697428703308105 
vn 0.34545159339904785 -0.7408227920532227 -0.5760593414306641 
vn 0.1652543544769287 -0.7488055229187012 -0.641857385635376 
vn -0.09999491274356842 -0.7069873809814453 0.7001210451126099 
vn -0.14776921272277832 -0.8670260310173035 0.4758462607860565 
vn -0.16349387168884277 -0.9707109332084656 0.1760382205247879 
vn -0.16349387168884277 -0.9707109332084656 -0.1760382205247879 
vn -0.14776921272277832 -0.8670260310173035 -0.4758462607860565 
vn -0.09879928827285767 -0.7102372646331787 -0.6969945430755615 
vn -0.37721964716911316 -0.6098390221595764 0.6969945430755615 
vn -0.44411540031433105 -0.7591649293899536 0.4758462607860565 
vn -0.4954577386379242 -0.8506065607070923 0.1760382205247879 
vn -0.4954577386379242 -0.8506065607070923 -0.1760382205247879 
vn -0.44411540031433105 -0.7591649293899536 -0.4758462607860565 
vn -0.3764514625072479 -0.6067243814468384 -0.7001210451126099 
vn -0.6063482761383057 -0.46942564845085144 0.641857385635376 
vn -0.6759316921234131 -0.5934385657310486 0.43697428703308105 
vn -0.7415720820426941 -0.6518054604530334 0.15880759060382843 
vn -0.7415720820426941 -0.6518054604530334 -0.15880759060382843 
vn -0.6777651309967041 -0.5884222984313965 -0.4409002661705017 
vn -0.6066569685935974 -0.4597507417201996 -0.6485338807106018 
vn -0.7396231293678284 -0.34801268577575684 0.5760593414306641 
vn -0.8269297480583191 -0.3856039345264435 0.40926313400268555 
vn -0.8966156244277954 -0.4180990159511566 0.1458524912595749 
vn -0.897222101688385 -0.4152587056159973 -0.15017375349998474 
vn -0.8245018720626831 -0.38655394315719604 -0.41324591636657715 
vn -0.34545159339904785 0.7408227920532227 -0.5760593414306641 
vn -0.1652543544769287 0.7488055229187012 -0.641857385635376 
vn -0.470382958650589 0.6056060194969177 -0.641857385635376 
vn -0.26109153032302856 0.5621488690376282 -0.7847417593002319 
vn -0.6075804829597473 0.3808467388153076 -0.6969945430755615 
vn -0.39356935024261475 0.3094090223312378 -0.865661084651947 
vn -0.7072837948799133 0.0978766679763794 -0.7001210451126099 
vn -0.5003759264945984 0.015960173681378365 -0.865661084651947 
vn -0.7425585985183716 -0.16736237704753876 -0.6485338807106018 
vn -0.5586370825767517 -0.26049694418907166 -0.7874425053596497 
vn -0.7377346754074097 -0.34609463810920715 -0.5796254277229309 
vn -0.6066569685935974 -0.4597507417201996 -0.6485338807106018 
vn 0.09879928827285767 0.7102372646331787 -0.6969945430755615 
vn 0.015960173681378365 0.5003759264945984 -0.865661084651947 
vn -0.10502568632364273 0.2229936569929123 -0.9691457152366638 
vn -0.22379185259342194 -0.10331396013498306 -0.9691457152366638 
vn -0.3094090223312378 -0.39356935024261475 -0.865661084651947 
vn -0.3764514625072479 -0.6067243814468384 -0.7001210451126099 
vn 0.3764514625072479 0.6067243814468384 -0.7001210451126099 
vn 0.3094090223312378 0.39356935024261475 -0.865661084651947 
vn 0.22218236327171326 0.10673125833272934 -0.9691457152366638 
vn 0.1015961542725563 -0.2245769053697586 -0.9691457152366638 
vn -0.015960173681378365 -0.5003759264945984 -0.865661084651947 
vn -0.09879928827285767 -0.7102372646331787 -0.6969945430755615 
vn 0.6043677926063538 0.4627559185028076 -0.6485338807106018 
vn 0.5586370825767517 0.26049694418907166 -0.7874425053596497 
vn 0.5003759264945984 -0.015960173681378365 -0.865661084651947 
vn 0.39356935024261475 -0.3094090223312378 -0.865661084651947 
vn 0.26451584696769714 -0.5605456829071045 -0.7847417593002319 
vn 0.1652543544769287 -0.7488055229187012 -0.641857385635376 
vn 0.7377346754074097 0.34609463810920715 -0.5796254277229309 
vn 0.743380069732666 0.1636749804019928 -0.6485338807106018 
vn 0.7072837948799133 -0.0978766679763794 -0.7001210451126099 
vn 0.6075804829597473 -0.3808467388153076 -0.6969945430755615 
vn 0.470382958650589 -0.6056060194969177 -0.641857385635376 
vn 0.34545159339904785 -0.7408227920532227 -0.5760593414306641 
vn 0.7377346754074097 0.34609463810920715 -0.5796254277229309 
vn 0.8245018720626831 0.38655394315719604 -0.41324591636657715 
vn 0.743380069732666 0.1636749804019928 -0.6485338807106018 
vn 0.885509729385376 0.14655716717243195 -0.4409002661705017 
vn 0.7072837948799133 -0.0978766679763794 -0.7001210451126099 
vn 0.8670260310173035 -0.14776921272277832 -0.4758462607860565 
vn 0.6075804829597473 -0.3808467388153076 -0.6969945430755615 
vn 0.7591649293899536 -0.44411540031433105 -0.4758462607860565 
vn 0.470382958650589 -0.6056060194969177 -0.641857385635376 
vn 0.5915639400482178 -0.6775729656219482 -0.43697428703308105 
vn 0.38474807143211365 -0.8273283243179321 -0.40926313400268555 
vn 0.895630419254303 0.4186806380748749 -0.15017375349998474 
vn 0.9754082560539246 0.15283425152301788 -0.15880759060382843 
vn 0.9697540998458862 -0.16907642781734467 -0.1760382205247879 
vn 0.8515552282333374 -0.49382543563842773 -0.1760382205247879 
vn 0.6489664912223816 -0.744057834148407 -0.15880759060382843 
vn 0.41724321246147156 -0.8970142602920532 -0.1458524912595749 
vn 0.8966156244277954 0.4180990159511566 0.1458524912595749 
vn 0.9754082560539246 0.15283425152301788 0.15880759060382843 
vn 0.9697540998458862 -0.16907642781734467 0.1760382205247879 
vn 0.8515552282333374 -0.49382543563842773 0.1760382205247879 
vn 0.6489664912223816 -0.744057834148407 0.15880759060382843 
vn 0.416970431804657 -0.8964278697967529 0.15017375349998474 
vn 0.8269297480583191 0.3856039345264435 0.40926313400268555 
vn 0.888792872428894 0.1382034718990326 0.43697428703308105 
vn 0.8670260310173035 -0.14776921272277832 0.4758462607860565 
vn 0.7591649293899536 -0.44411540031433105 0.4758462607860565 
vn 0.5841350555419922 -0.6814636588096619 0.4409002661705017 
vn 0.3831334412097931 -0.8260968923568726 0.41324591636657715 
vn 0.7412207126617432 0.3445969820022583 0.5760593414306641 
vn 0.7481334209442139 0.16827087104320526 0.641857385635376 
vn 0.710167407989502 -0.09930010885000229 0.6969945430755615 
vn 0.6048598885536194 -0.3794400095939636 0.7001210451126099 
vn 0.4647923707962036 -0.6028030514717102 0.6485338807106018 
vn 0.3435300588607788 -0.7389323711395264 0.5796254277229309 
vn -0.34694525599479675 0.7373350262641907 0.5796254277229309 
vn -0.16669383645057678 0.7427089810371399 0.6485338807106018 
vn -0.3831334412097931 0.8260968923568726 0.41324591636657715 
vn -0.14096811413764954 0.8864166140556335 0.4409002661705017 
vn -0.4203892946243286 0.8948296308517456 0.15017375349998474 
vn -0.1491052210330963 0.9759852290153503 0.15880759060382843 
vn -0.4206642806529999 0.8954150080680847 -0.1458524912595749 
vn -0.1491052210330963 0.9759852290153503 -0.15880759060382843 
vn -0.38816913962364197 0.825728714466095 -0.40926313400268555 
vn -0.13880150020122528 0.8886997103691101 -0.43697428703308105 
vn -0.1652543544769287 0.7488055229187012 -0.641857385635376 
vn 0.09626065939664841 0.7075055241584778 0.7001210451126099 
vn 0.14776921272277832 0.8670260310173035 0.4758462607860565 
vn 0.1672161966562271 0.9700766205787659 0.1760382205247879 
vn 0.1672161966562271 0.9700766205787659 -0.1760382205247879 
vn 0.14776921272277832 0.8670260310173035 -0.4758462607860565 
vn 0.09879928827285767 0.7102372646331787 -0.6969945430755615 
vn 0.37721964716911316 0.6098390221595764 0.6969945430755615 
vn 0.44411540031433105 0.7591649293899536 0.4758462607860565 
vn 0.49871695041656494 0.8486998081207275 0.1760382205247879 
vn 0.49871695041656494 0.8486998081207275 -0.1760382205247879 
vn 0.44411540031433105 0.7591649293899536 -0.4758462607860565 
vn 0.3764514625072479 0.6067243814468384 -0.7001210451126099 
vn 0.6086488366127014 0.4664389491081238 0.641857385635376 
vn 0.6784148216247559 0.5905982255935669 0.43697428703308105 
vn 0.7415720820426941 0.6518054604530334 0.15880759060382843 
vn 0.7415720820426941 0.6518054604530334 -0.15880759060382843 
vn 0.6802338361740112 0.5855666995048523 -0.4409002661705017 
vn 0.6043677926063538 0.4627559185028076 -0.6485338807106018 
vn 0.7412207126617432 0.3445969820022583 0.5760593414306641 
vn 0.8269297480583191 0.3856039345264435 0.40926313400268555 
vn 0.8966156244277954 0.4180990159511566 0.1458524912595749 
vn 0.895630419254303 0.4186806380748749 -0.15017375349998474 
vn 0.8245018720626831 0.38655394315719604 -0.41324591636657715 
vn -0.21021127700805664 0.036365002393722534 -0.9769791960716248 
vn -0.2749396562576294 0.11815330386161804 -0.954173743724823 
vn -0.23222285509109497 0.23073506355285645 -0.9448986053466797 
vn -0.2790529131889343 0.3130914866924286 -0.9078010320663452 
vn -0.2347806841135025 0.3671239912509918 -0.9000541567802429 
vn -0.26507940888404846 0.4788784384727478 -0.8369036912918091 
vn -0.3781631886959076 0.1798185110092163 -0.9081065058708191 
vn -0.3311237394809723 0.4538891315460205 -0.8272491693496704 
vn -0.28421249985694885 0.6022194027900696 -0.7460257411003113 
vn -0.4651795029640198 0.23355336487293243 -0.8538503050804138 
vn -0.37122973799705505 0.5636775493621826 -0.7378722429275513 
vn -0.30021801590919495 0.692693293094635 -0.6557778120040894 
vn -0.5910865664482117 0.26134899258613586 -0.7630941867828369 
vn -0.40000560879707336 0.6479238271713257 -0.6482202410697937 
vn -0.32093071937561035 0.7893770337104797 -0.5233418345451355 
vn -0.7004207968711853 0.2629658281803131 -0.6635200381278992 
vn -0.42991185188293457 0.7413513660430908 -0.5153378844261169 
vn -0.3405150771141052 0.8563186526298523 -0.38828733563423157 
vn -0.7824012637138367 0.2867808938026428 -0.552814781665802 
vn -0.4441743791103363 0.8110231161117554 -0.3807227909564972 
vn -0.3533511161804199 0.8932753205299377 -0.27785152196884155 
vn -0.5350443124771118 0.7606872916221619 -0.36753442883491516 
vn -0.4481179118156433 0.85256427526474 -0.2689306437969208 
vn -0.3604702949523926 0.9184484481811523 -0.16282741725444794 
vn -0.5322870016098022 0.8054159283638 -0.26072007417678833 
vn -0.4446018934249878 0.8818246126174927 -0.15720580518245697 
vn -0.3560248911380768 0.9320601224899292 -0.06715265661478043 
vn -0.5280778408050537 0.8367542624473572 -0.14482830464839935 
vn -0.4368542432785034 0.8978030681610107 -0.055742260068655014 
vn -0.3482985496520996 0.9371151328086853 0.022419018670916557 
vn -0.5147507190704346 0.8561574220657349 -0.04500275477766991 
vn -0.42827126383781433 0.9030227661132812 0.033657629042863846 
vn -0.33455216884613037 0.9347715973854065 0.11948268860578537 
vn -0.5051639080047607 0.8619059920310974 0.04389312490820885 
vn -0.4142390787601471 0.9007444977760315 0.1306311935186386 
vn -0.31700778007507324 0.9236740469932556 0.21524764597415924 
vn -0.49075451493263245 0.85983806848526 0.1408463716506958 
vn -0.39705270528793335 0.8894384503364563 0.22637930512428284 
vn -0.29161715507507324 0.9056944251060486 0.307695209980011 
vn -0.47401225566864014 0.8481214642524719 0.23664645850658417 
vn -0.37233981490135193 0.8690347075462341 0.32579275965690613 
vn -0.2574799656867981 0.8721924424171448 0.41591307520866394 
vn -0.45079582929611206 0.8270671963691711 0.3357710540294647 
vn -0.34473174810409546 0.8360748887062073 0.4267764091491699 
vn -0.21576905250549316 0.836470901966095 0.5037453770637512 
vn -0.42550167441368103 0.7930436730384827 0.43592342734336853 
vn -0.30995309352874756 0.795601487159729 0.5205253958702087 
vn -0.17052121460437775 0.7793927192687988 0.6028838157653809 
vn -0.3982711434364319 0.7457324862480164 0.5340996384620667 
vn -0.2722958028316498 0.737786591053009 0.6176773309707642 
vn -0.11508741974830627 0.6976205110549927 0.7071633338928223 
vn -0.6322829127311707 0.23616039752960205 0.7378657460212708 
vn -0.21353775262832642 0.6515781879425049 0.727905809879303 
vn -0.05355800315737724 0.595022439956665 0.8019222617149353 
vn -0.5328381061553955 0.19996969401836395 0.8222499489784241 
vn -0.14851656556129456 0.5448986887931824 0.8252440094947815 
vn -0.010645736940205097 0.4803565442562103 0.8770084381103516 
vn -0.4223140478134155 0.16375672817230225 0.8915346264839172 
vn -0.08905261754989624 0.4377138614654541 0.89469313621521 
vn 0.04720050469040871 0.33163926005363464 0.9422245621681213 
vn -0.28154292702674866 0.15065594017505646 0.9476475715637207 
vn -0.011384894140064716 0.3031540513038635 0.9528732895851135 
vn 0.08779706805944443 0.21078038215637207 0.9735825061798096 
vn -0.12568789720535278 0.10800112038850784 0.9861733317375183 
vn 0.053742051124572754 0.16234612464904785 0.9852690696716309 
vn 0.10037605464458466 0.0817914828658104 0.9915817379951477 
vn -0.025803912431001663 0.05155230313539505 0.998336672782898 
vn 0.07043381780385971 -0.0035305009223520756 0.9975100159645081 
vn 0.12643025815486908 -0.07814522832632065 0.9888924360275269 
vn -0.10511079430580139 -0.1811314821243286 0.9778254628181458 
vn -0.3121665418148041 -0.2682109475135803 0.9113805294036865 
vn 0.021344667300581932 -0.5182799100875854 0.8549443483352661 
vn -0.0667722076177597 -0.6192299127578735 0.7823652029037476 
vn 0.39197057485580444 -0.6414503455162048 0.6594693660736084 
vn 0.41732242703437805 -0.7329902052879333 0.5371840000152588 
vn 0.5184507369995117 -0.6787839531898499 0.5200580358505249 
vn 0.5273846387863159 -0.7550763487815857 0.38951805233955383 
vn -0.4835444390773773 -0.33309853076934814 0.8094626069068909 
vn -0.12443988770246506 -0.7071928381919861 0.6959831118583679 
vn 0.4329851567745209 -0.8040897846221924 0.4073852300643921 
vn 0.5285902619361877 -0.80010986328125 0.2835766673088074 
vn -0.5903345346450806 -0.3679068684577942 0.7184351086616516 
vn -0.16913481056690216 -0.7810731530189514 0.6010969281196594 
vn 0.441994309425354 -0.8455862402915955 0.29937297105789185 
vn 0.5234031081199646 -0.8328400254249573 0.1800716668367386 
vn -0.6747387051582336 -0.3924117684364319 0.6250920295715332 
vn -0.6861404776573181 -0.5076971054077148 0.5210126638412476 
vn -0.7375046610832214 -0.4080554246902466 0.5381234884262085 
vn -0.7420923113822937 -0.5169366598129272 0.4267021715641022 
vn -0.7780741453170776 -0.30541351437568665 0.548928439617157 
vn -0.7921098470687866 -0.42041975259780884 0.4425024688243866 
vn -0.7907031178474426 -0.5223793983459473 0.3192296624183655 
vn -0.8303993940353394 -0.32077693939208984 0.4555636942386627 
vn -0.8390273451805115 -0.4278591573238373 0.33610835671424866 
vn -0.8248934149742126 -0.522354781627655 0.2160915732383728 
vn -0.8793273568153381 -0.3292296230792999 0.3440791368484497 
vn -0.8732495307922363 -0.4297771155834198 0.22962155938148499 
vn -0.845680832862854 -0.5199593305587769 0.12027239054441452 
vn -0.9117178320884705 -0.3322095572948456 0.241674542427063 
vn -0.8938822150230408 -0.4278658628463745 0.13380782306194305 
vn -0.8587688207626343 -0.5121214985847473 0.01571073569357395 
vn -0.9336168766021729 -0.3269563615322113 0.14648625254631042 
vn -0.9071738123893738 -0.41973060369491577 0.02934272587299347 
vn -0.8614319562911987 -0.5019245147705078 -0.07749824970960617 
vn -0.9456731677055359 -0.32242679595947266 0.04174168035387993 
vn -0.9106966853141785 -0.4076129198074341 -0.06695063412189484 
vn -0.8558582067489624 -0.4835857152938843 -0.18344154953956604 
vn -0.9496157169342041 -0.3087180554866791 -0.05405813828110695 
vn -0.9039224982261658 -0.39153674244880676 -0.17211127281188965 
vn -0.8350085616111755 -0.46094968914985657 -0.30047520995140076 
vn -0.9438509941101074 -0.29049786925315857 -0.15733832120895386 
vn -0.8847273588180542 -0.3672496974468231 -0.28702667355537415 
vn -0.8003877997398376 -0.4433908760547638 -0.4034639000892639 
vn -0.9260663390159607 -0.2617707848548889 -0.27180203795433044 
vn -0.8560872077941895 -0.33419233560562134 -0.39424535632133484 
vn -0.35797762870788574 -0.6390456557273865 -0.6807878613471985 
vn -0.8990278840065002 -0.2260996699333191 -0.37500259280204773 
vn -0.8080539703369141 -0.302720308303833 -0.5053795576095581 
vn -0.3333066999912262 -0.5349705815315247 -0.7763457298278809 
vn 0.15310268104076385 -0.561405599117279 -0.8132544159889221 
vn 0.10250300168991089 -0.4694709777832031 -0.8769775629043579 
vn 0.18730944395065308 -0.43183231353759766 -0.8822898864746094 
vn 0.1057455837726593 -0.3195917308330536 -0.9416360855102539 
vn -0.7407872080802917 -0.2572154402732849 -0.6205431222915649 
vn -0.2788226008415222 -0.43486863374710083 -0.856239914894104 
vn 0.038422323763370514 -0.3488434851169586 -0.9363927841186523 
vn 0.026709044352173805 -0.2111114114522934 -0.9770967960357666 
vn -0.6219019293785095 -0.1846725046634674 -0.7610081434249878 
vn -0.2296004742383957 -0.3031257390975952 -0.9248772263526917 
vn -0.03943098708987236 -0.2030070573091507 -0.9783828258514404 
vn -0.07645135372877121 -0.10628043115139008 -0.9913925528526306 
vn -0.4682912528514862 -0.09569145739078522 -0.878376841545105 
vn -0.21015237271785736 -0.19357521831989288 -0.9583131670951843 
vn -0.187387153506279 -0.06801701337099075 -0.979928195476532 
vn -0.21021127700805664 0.036365002393722534 -0.9769791960716248 
vn -0.35044240951538086 -0.0344567745923996 -0.935949981212616 
vn -0.187387153506279 -0.06801701337099075 -0.979928195476532 
vn -0.2749396562576294 0.11815330386161804 -0.954173743724823 
vn -0.21021127700805664 0.036365002393722534 -0.9769791960716248 
vn -0.8735689520835876 0.41858357191085815 0.24832259118556976 
vn -0.8735689520835876 0.41858357191085815 0.24832259118556976 
vn -0.87232506275177 0.393961638212204 0.28955528140068054 
vn -0.87232506275177 0.393961638212204 0.28955528140068054 
vn -0.8621358275413513 0.34793826937675476 0.3683202564716339 
vn -0.8621358275413513 0.34793826937675476 0.3683202564716339 
vn -0.8338522911071777 0.319569855928421 0.45007166266441345 
vn -0.8338522911071777 0.319569855928421 0.45007166266441345 
vn -0.8454383015632629 0.21435657143592834 0.48916706442832947 
vn -0.8454383015632629 0.21435657143592834 0.48916706442832947 
vn -0.8370141386985779 0.12675781548023224 0.532295823097229 
vn -0.8370141386985779 0.12675781548023224 0.532295823097229 
vn -0.8394025564193726 0.028254177421331406 0.542774498462677 
vn -0.8394025564193726 0.028254177421331406 0.542774498462677 
vn -0.8518289923667908 -0.10251926630735397 0.5136889219284058 
vn -0.8518289923667908 -0.10251926630735397 0.5136889219284058 
vn -0.8669247627258301 -0.18907849490642548 0.46118319034576416 
vn -0.8669247627258301 -0.18907849490642548 0.46118319034576416 
vn -0.877691388130188 -0.2639136016368866 0.4000083804130554 
vn -0.877691388130188 -0.2639136016368866 0.4000083804130554 
vn -0.8983582854270935 -0.3132959008216858 0.3078916072845459 
vn -0.8983582854270935 -0.3132959008216858 0.3078916072845459 
vn -0.9122887849807739 -0.34654903411865234 0.21824787557125092 
vn -0.9122887849807739 -0.34654903411865234 0.21824787557125092 
vn -0.9311002492904663 -0.3423256576061249 0.1259547472000122 
vn -0.9311002492904663 -0.3423256576061249 0.1259547472000122 
vn -0.943281888961792 -0.3299252390861511 0.036982618272304535 
vn -0.943281888961792 -0.3299252390861511 0.036982618272304535 
vn -0.9571165442466736 -0.2821727693080902 -0.06561648845672607 
vn -0.9571165442466736 -0.2821727693080902 -0.06561648845672607 
vn -0.9640812873840332 -0.213796004652977 -0.15759971737861633 
vn -0.9640812873840332 -0.213796004652977 -0.15759971737861633 
vn -0.9705862402915955 -0.13249316811561584 -0.20101502537727356 
vn -0.9705862402915955 -0.13249316811561584 -0.20101502537727356 
vn -0.970612108707428 -0.03429048880934715 -0.2381916642189026 
vn -0.970612108707428 -0.03429048880934715 -0.2381916642189026 
vn -0.9685986638069153 0.0752776637673378 -0.23695769906044006 
vn -0.9685986638069153 0.0752776637673378 -0.23695769906044006 
vn -0.966141939163208 0.16101042926311493 -0.20160450041294098 
vn -0.966141939163208 0.16101042926311493 -0.20160450041294098 
vn -0.9420858025550842 0.2888554036617279 -0.17039892077445984 
vn -0.9420858025550842 0.2888554036617279 -0.17039892077445984 
vn -0.9171135425567627 0.3818437457084656 -0.11444242298603058 
vn -0.9171135425567627 0.3818437457084656 -0.11444242298603058 
vn -0.9240285754203796 0.38223016262054443 -0.008376645855605602 
vn -0.9240285754203796 0.38223016262054443 -0.008376645855605602 
vn -0.9084582328796387 0.413880854845047 0.058354511857032776 
vn -0.9084582328796387 0.413880854845047 0.058354511857032776 
vn -0.8964194059371948 0.43265601992607117 0.09612438827753067 
vn -0.8964194059371948 0.43265601992607117 0.09612438827753067 
vn -0.23680897057056427 -0.9685423970222473 0.07646197080612183 
vn -0.23680897057056427 -0.9685423970222473 0.07646197080612183 
vn -0.2533312141895294 -0.9596912264823914 0.12171873450279236 
vn -0.2533312141895294 -0.9596912264823914 0.12171873450279236 
vn -0.27375417947769165 -0.9404169321060181 0.20167802274227142 
vn -0.27375417947769165 -0.9404169321060181 0.20167802274227142 
vn -0.26996421813964844 -0.9152918457984924 0.29893073439598083 
vn -0.26996421813964844 -0.9152918457984924 0.29893073439598083 
vn -0.35235148668289185 -0.8688619136810303 0.34774526953697205 
vn -0.35235148668289185 -0.8688619136810303 0.34774526953697205 
vn -0.4049575626850128 -0.8157057762145996 0.4130772352218628 
vn -0.4049575626850128 -0.8157057762145996 0.4130772352218628 
vn -0.481948584318161 -0.7537410855293274 0.4467654526233673 
vn -0.481948584318161 -0.7537410855293274 0.4467654526233673 
vn -0.5912646651268005 -0.6802701354026794 0.4331720769405365 
vn -0.5912646651268005 -0.6802701354026794 0.4331720769405365 
vn -0.6677009463310242 -0.6215617060661316 0.409677654504776 
vn -0.6677009463310242 -0.6215617060661316 0.409677654504776 
vn -0.7390471696853638 -0.5697535872459412 0.35942932963371277 
vn -0.7390471696853638 -0.5697535872459412 0.35942932963371277 
vn -0.796271800994873 -0.537151575088501 0.278241902589798 
vn -0.796271800994873 -0.537151575088501 0.278241902589798 
vn -0.8375192880630493 -0.5085046291351318 0.19995927810668945 
vn -0.8375192880630493 -0.5085046291351318 0.19995927810668945 
vn -0.8574737906455994 -0.5039025545120239 0.1040201485157013 
vn -0.8574737906455994 -0.5039025545120239 0.1040201485157013 
vn -0.8640537261962891 -0.5033073425292969 0.009598405100405216 
vn -0.8640537261962891 -0.5033073425292969 0.009598405100405216 
vn -0.8446460962295532 -0.5251403450965881 -0.10392218083143234 
vn -0.8446460962295532 -0.5251403450965881 -0.10392218083143234 
vn -0.8096636533737183 -0.5519410371780396 -0.1995122879743576 
vn -0.8096636533737183 -0.5519410371780396 -0.1995122879743576 
vn -0.756403386592865 -0.5994516611099243 -0.26174578070640564 
vn -0.756403386592865 -0.5994516611099243 -0.26174578070640564 
vn -0.6841248869895935 -0.6568809151649475 -0.316985547542572 
vn -0.6841248869895935 -0.6568809151649475 -0.316985547542572 
vn -0.6003867983818054 -0.7258394360542297 -0.3356965184211731 
vn -0.6003867983818054 -0.7258394360542297 -0.3356965184211731 
vn -0.5313412547111511 -0.7819450497627258 -0.3259414732456207 
vn -0.5313412547111511 -0.7819450497627258 -0.3259414732456207 
vn -0.41843900084495544 -0.8537755012512207 -0.30979934334754944 
vn -0.41843900084495544 -0.8537755012512207 -0.30979934334754944 
vn -0.32246506214141846 -0.9050140976905823 -0.27742600440979004 
vn -0.32246506214141846 -0.9050140976905823 -0.27742600440979004 
vn -0.322649747133255 -0.928885817527771 -0.18184536695480347 
vn -0.322649747133255 -0.928885817527771 -0.18184536695480347 
vn -0.28051018714904785 -0.9534730911254883 -0.11046525090932846 
vn -0.28051018714904785 -0.9534730911254883 -0.11046525090932846 
vn -0.258760929107666 -0.9629067182540894 -0.07650366425514221 
vn -0.258760929107666 -0.9629067182540894 -0.07650366425514221 
vn 0.3466937839984894 -0.8854016065597534 0.3096233904361725 
vn 0.43900391459465027 -0.8774664998054504 0.1932028830051422 
vn 0.5147079825401306 -0.854168176651001 0.07397010922431946 
vn 0.35206395387649536 -0.9127758145332336 0.20710007846355438 
vn 0.4352943003177643 -0.8966052532196045 0.08134516328573227 
vn 0.5007869601249695 -0.8651018142700195 -0.028466440737247467 
vn 0.3500021696090698 -0.9320366382598877 0.09383699297904968 
vn 0.4227239787578583 -0.905998945236206 -0.02166914939880371 
vn 0.48636046051979065 -0.8652990460395813 -0.12128548324108124 
vn 0.34320658445358276 -0.9392355680465698 -0.0067115407437086105 
vn 0.41278815269470215 -0.9035083055496216 -0.115229532122612 
vn 0.4723582863807678 -0.8541316390037537 -0.2175682783126831 
vn 0.33359023928642273 -0.9373648166656494 -0.10031931847333908 
vn 0.39485660195350647 -0.8941735625267029 -0.21104755997657776 
vn 0.4522460699081421 -0.8360699415206909 -0.3105798065662384 
vn 0.3151974081993103 -0.9285377860069275 -0.1961308866739273 
vn 0.3743261992931366 -0.8784978985786438 -0.2968509793281555 
vn 0.4293704926967621 -0.8103467226028442 -0.39872097969055176 
vn 0.2933248281478882 -0.9122961759567261 -0.2857891917228699 
vn 0.3493407964706421 -0.8523476719856262 -0.3891834616661072 
vn 0.3999738395214081 -0.7661822438240051 -0.5029761791229248 
vn 0.26255932450294495 -0.8862855434417725 -0.3815229833126068 
vn 0.3128792941570282 -0.8106613159179688 -0.4949081242084503 
vn 0.3692546486854553 -0.7052772641181946 -0.6051729321479797 
vn 0.22370079159736633 -0.847448468208313 -0.48144403100013733 
vn 0.2740533947944641 -0.7537580132484436 -0.5972796082496643 
vn 0.3226150870323181 -0.6209267377853394 -0.7144010663032532 
vn 0.17680290341377258 -0.7978029251098633 -0.576411783695221 
vn 0.21730658411979675 -0.6744135022163391 -0.7056512236595154 
vn 0.2534274160861969 -0.517672061920166 -0.8171839714050293 
vn 0.12643025815486908 -0.07814522832632065 0.9888924360275269 
vn 0.07043381780385971 -0.0035305009223520756 0.9975100159645081 
vn 0.1483718752861023 -0.16627290844917297 0.9748531579971313 
vn 0.02566978894174099 -0.12367330491542816 0.9919906854629517 
vn 0.13735586404800415 -0.2752387225627899 0.9515127539634705 
vn 0.16651536524295807 -0.34820783138275146 0.9225093126296997 
vn 0.313075989484787 -0.3875642418861389 0.8670506477355957 
vn 0.3719532787799835 -0.5186064839363098 0.7698684334754944 
vn 0.4395354986190796 -0.4808533489704132 0.7586750984191895 
vn 0.4847092032432556 -0.5844796299934387 0.6507225036621094 
vn -0.019161682575941086 0.057207249104976654 0.9981781840324402 
vn -0.008395063690841198 -0.13909439742565155 0.9902433156967163 
vn 0.07156314700841904 -0.48073264956474304 0.8739418387413025 
vn 0.41860881447792053 -0.625053346157074 0.6588431596755981 
vn 0.5226536989212036 -0.6766679883003235 0.5186065435409546 
vn -0.07322745770215988 0.12696747481822968 0.9891999363899231 
vn -0.2564387619495392 -0.2380550354719162 0.9367862343788147 
vn -0.0704810842871666 -0.5985522270202637 0.7979769110679626 
vn 0.4581056833267212 -0.7202207446098328 0.5209803581237793 
vn 0.5314093232154846 -0.7529122233390808 0.3882350027561188 
vn -0.23479488492012024 0.15775351226329803 0.9591583609580994 
vn -0.5147395730018616 -0.3394162058830261 0.7872986793518066 
vn -0.11226920038461685 -0.694368839263916 0.7108072638511658 
vn 0.4841591715812683 -0.784791886806488 0.3868989050388336 
vn 0.5324975848197937 -0.7979151606559753 0.2824479639530182 
vn 0.4268414080142975 -0.8189952969551086 0.3834739625453949 
vn 0.49206095933914185 -0.8242683410644531 0.2801016569137573 
vn 0.5234031081199646 -0.8328400254249573 0.1800716668367386 
vn 0.44842442870140076 -0.848353922367096 0.2814432978630066 
vn 0.4944040775299072 -0.8502064347267151 0.1808665543794632 
vn 0.5147079825401306 -0.854168176651001 0.07397010922431946 
vn 0.4640745222568512 -0.867622971534729 0.17850595712661743 
vn 0.49153047800064087 -0.8674229979515076 0.07729398459196091 
vn 0.5037575960159302 -0.8632298111915588 -0.032585352659225464 
vn 0.46609821915626526 -0.8816786408424377 0.07344647496938705 
vn 0.4817712604999542 -0.8759106993675232 -0.026000598445534706 
vn 0.4894777238368988 -0.8629393577575684 -0.1254846304655075 
vn 0.4617663323879242 -0.886589765548706 -0.027009649202227592 
vn 0.4706319570541382 -0.8737117052078247 -0.12301446497440338 
vn 0.4723582863807678 -0.8541316390037537 -0.2175682783126831 
vn 0.4515616297721863 -0.8840670585632324 -0.12048535794019699 
vn 0.453421026468277 -0.8649617433547974 -0.21505750715732574 
vn 0.4522460699081421 -0.8360699415206909 -0.3105798065662384 
vn 0.4347016215324402 -0.8760082125663757 -0.20890982449054718 
vn 0.4335007667541504 -0.8494378924369812 -0.3008846938610077 
vn 0.43333521485328674 -0.809620201587677 -0.3958975672721863 
vn 0.4101513922214508 -0.8620008230209351 -0.2978751063346863 
vn 0.4057655334472656 -0.8269655108451843 -0.3892063498497009 
vn 0.40404149889945984 -0.7640589475631714 -0.50295490026474 
vn 0.3779911398887634 -0.8446556925773621 -0.3790496587753296 
vn 0.3708612322807312 -0.7862806916236877 -0.49419015645980835 
vn 0.37316077947616577 -0.7051385045051575 -0.6029345393180847 
vn 0.3330877721309662 -0.812842845916748 -0.47784754633903503 
vn 0.3288390636444092 -0.7375707626342773 -0.5897911190986633 
vn 0.32078903913497925 -0.611115038394928 -0.7236243486404419 
vn 0.28019291162490845 -0.7692021131515503 -0.5742990374565125 
vn 0.2589298188686371 -0.6531546711921692 -0.7115783095359802 
vn 0.24912992119789124 -0.5021146535873413 -0.8281392455101013 
vn -0.354239284992218 -0.6178486347198486 -0.7019807696342468 
vn 0.17558956146240234 -0.5400809049606323 -0.823091983795166 
vn 0.18730944395065308 -0.43183231353759766 -0.8822898864746094 
vn -0.3495851755142212 -0.509839653968811 -0.7860363721847534 
vn 0.12001203745603561 -0.4537206292152405 -0.883025586605072 
vn 0.1057455837726593 -0.3195917308330536 -0.9416360855102539 
vn -0.26461082696914673 -0.41420072317123413 -0.8708721995353699 
vn 0.04608750715851784 -0.3382643461227417 -0.9399216771125793 
vn 0.026709044352173805 -0.2111114114522934 -0.9770967960357666 
vn -0.19760237634181976 -0.286368727684021 -0.9375211000442505 
vn -0.03174388408660889 -0.20763088762760162 -0.9776918292045593 
vn -0.0729716494679451 -0.10961787402629852 -0.9912914037704468 
vn -0.200430229306221 -0.19149893522262573 -0.9608097672462463 
vn -0.18332499265670776 -0.06948251277208328 -0.9805935621261597 
vn -0.20365893840789795 0.04200160875916481 -0.9781402945518494 
vn -0.4239332675933838 -0.07496525347232819 -0.9025853276252747 
vn -0.6156213283538818 -0.1757112592458725 -0.7682026624679565 
vn -0.5616465210914612 0.2626890242099762 -0.7845680117607117 
vn -0.6909249424934387 0.2374102622270584 -0.6828311681747437 
vn -0.3674922287464142 0.6525704860687256 -0.6626466512680054 
vn -0.38771650195121765 0.7613571286201477 -0.5196253657341003 
vn -0.3173059821128845 0.7826700806617737 -0.5354846119880676 
vn -0.3405150771141052 0.8563186526298523 -0.38828733563423157 
vn -0.7640268206596375 -0.2720997631549835 -0.584999144077301 
vn -0.763121485710144 0.2817719876766205 -0.5815920233726501 
vn -0.39383000135421753 0.8408246636390686 -0.37136387825012207 
vn -0.3533511161804199 0.8932753205299377 -0.27785152196884155 
vn -0.8145707845687866 -0.30548930168151855 -0.49310240149497986 
vn -0.8720800280570984 -0.31909891963005066 -0.3710140883922577 
vn -0.8622312545776367 -0.34056752920150757 -0.3749270439147949 
vn -0.89511638879776 -0.3569907546043396 -0.2670644223690033 
vn -0.8500211834907532 -0.36764171719551086 -0.37723034620285034 
vn -0.8895102143287659 -0.3714269697666168 -0.2661067545413971 
vn -0.9091026186943054 -0.38865604996681213 -0.14992687106132507 
vn -0.8855773210525513 -0.37943553924560547 -0.26791930198669434 
vn -0.9073308706283569 -0.39128780364990234 -0.15376496315002441 
vn -0.912278413772583 -0.4047045111656189 -0.06294003129005432 
vn -0.9054670929908752 -0.3952656686306 -0.1545756459236145 
vn -0.9117462038993835 -0.40695303678512573 -0.055742260068655014 
vn -0.9062793850898743 -0.4210795760154724 0.03672587499022484 
vn -0.9101760387420654 -0.40988636016845703 -0.05976611375808716 
vn -0.9062793850898743 -0.4210795760154724 0.03672587499022484 
vn -0.8938822150230408 -0.4278658628463745 0.13380782306194305 
vn -0.9062793850898743 -0.4210795760154724 0.03672587499022484 
vn -0.8938822150230408 -0.4278658628463745 0.13380782306194305 
vn -0.8748525977134705 -0.43038642406463623 0.22226020693778992 
vn -0.8938822150230408 -0.4278658628463745 0.13380782306194305 
vn -0.8748525977134705 -0.43038642406463623 0.22226020693778992 
vn -0.8428667187690735 -0.42556244134902954 0.329350084066391 
vn -0.8748525977134705 -0.43038642406463623 0.22226020693778992 
vn -0.8409767150878906 -0.4295516908168793 0.32900270819664 
vn -0.7992736101150513 -0.41623052954673767 0.43348947167396545 
vn -0.8401261568069458 -0.43442344665527344 0.3247514069080353 
vn -0.7995238900184631 -0.4229110777378082 0.42650553584098816 
vn -0.7548010945320129 -0.3976402282714844 0.5216866135597229 
vn -0.7945770025253296 -0.42982158064842224 0.42883574962615967 
vn -0.7469711899757385 -0.41461876034736633 0.5197351574897766 
vn -0.7042496800422668 -0.3712743818759918 0.6051339507102966 
vn -0.7396154999732971 -0.4253608286380768 0.5215710997581482 
vn -0.6902679800987244 -0.3945455551147461 0.6065173745155334 
vn -0.5177662372589111 0.18845134973526 0.834507942199707 
vn -0.6783932447433472 -0.4216386377811432 0.6016667485237122 
vn -0.6084648370742798 -0.375364750623703 0.6991932988166809 
vn -0.4071301221847534 0.14818312227725983 0.901269257068634 
vn -0.11907979846000671 0.5586636662483215 0.8208010792732239 
vn -0.06286635994911194 0.435830295085907 0.8978303074836731 
vn -0.0032455630134791136 0.47441062331199646 0.8802974224090576 
vn 0.056946318596601486 0.318432480096817 0.946233332157135 
vn 0.005372288636863232 0.28357410430908203 0.958935022354126 
vn 0.09195341169834137 0.20943588018417358 0.973488986492157 
vn 0.05840831622481346 0.16254587471485138 0.9849704504013062 
vn 0.10279987752437592 0.08889423310756683 0.9907217621803284 
vn 0.07043381780385971 -0.0035305009223520756 0.9975100159645081 
vn 0.12643025815486908 -0.07814522832632065 0.9888924360275269 
vn 0.3669767677783966 -0.348826140165329 0.8623501062393188 
vn 0.2612524926662445 -0.2809505760669708 0.9234789609909058 
vn 0.1483718752861023 -0.16627290844917297 0.9748531579971313 
vn 0.31225812435150146 -0.27355071902275085 0.909760594367981 
vn 0.2313385009765625 -0.19841881096363068 0.9524242877960205 
vn 0.12643025815486908 -0.07814522832632065 0.9888924360275269 
vn -0.2907589375972748 0.6798774600028992 -0.6732200384140015 
vn -0.34907057881355286 0.5685946345329285 -0.7448820471763611 
vn -0.429006963968277 0.25440484285354614 -0.8667356371879578 
vn -0.34421297907829285 -0.02888370119035244 -0.9384469389915466 
vn -0.18332499265670776 -0.06948251277208328 -0.9805935621261597 
vn -0.28273627161979675 0.5966405272483826 -0.7510523200035095 
vn -0.31751957535743713 0.4563159942626953 -0.8312379121780396 
vn -0.3711339831352234 0.18728911876678467 -0.9094953536987305 
vn -0.27233120799064636 0.12523964047431946 -0.9540179371833801 
vn -0.20365893840789795 0.04200160875916481 -0.9781402945518494 
vn -0.2590927481651306 0.4729499816894531 -0.8421334624290466 
vn -0.27627041935920715 0.31994277238845825 -0.9062619209289551 
vn -0.27233120799064636 0.12523964047431946 -0.9540179371833801 
vn -0.23085694015026093 0.3659243881702423 -0.9015563726425171 
vn -0.23222285509109497 0.23073506355285645 -0.9448986053466797 
vn -0.20365893840789795 0.04200160875916481 -0.9781402945518494 
vn -0.05022826045751572 0.5903072357177734 0.8056140542030334 
vn -0.1783611923456192 0.6797571778297424 0.711418867111206 
vn -0.28675681352615356 0.7503896355628967 0.5955545902252197 
vn -0.11065734922885895 0.6982402205467224 0.7072587609291077 
vn -0.22644147276878357 0.7699316143989563 0.5965977907180786 
vn -0.3050382137298584 0.8060746192932129 0.5071437358856201 
vn -0.16993260383605957 0.7840574383735657 0.5969725251197815 
vn -0.2626493573188782 0.8234132528305054 0.5029963254928589 
vn -0.3243010342121124 0.8520911931991577 0.41081473231315613 
vn -0.21576905250549316 0.836470901966095 0.5037453770637512 
vn -0.28690218925476074 0.8643620610237122 0.41299477219581604 
vn -0.34062790870666504 0.8860993981361389 0.3143243193626404 
vn -0.25327011942863464 0.8736450672149658 0.41544899344444275 
vn -0.31622612476348877 0.8962164521217346 0.3111211359500885 
vn -0.35824158787727356 0.9088717103004456 0.21357525885105133 
vn -0.286979615688324 0.9048783779144287 0.3143836259841919 
vn -0.33814406394958496 0.9171865582466125 0.210776224732399 
vn -0.37475427985191345 0.9186353087425232 0.12517037987709045 
vn -0.3129291236400604 0.9251864552497864 0.21471989154815674 
vn -0.35473981499671936 0.926925539970398 0.12234380096197128 
vn -0.3871108293533325 0.9213482141494751 0.03552255406975746 
vn -0.33455216884613037 0.9347715973854065 0.11948268860578537 
vn -0.36703360080718994 0.9296332597732544 0.032673221081495285 
vn -0.4030379056930542 0.9136455059051514 -0.05302443355321884 
vn -0.3482985496520996 0.9371151328086853 0.022419018670916557 
vn -0.3805297911167145 0.9225793480873108 -0.06358902901411057 
vn -0.41600388288497925 0.897416889667511 -0.1469113826751709 
vn -0.3560248911380768 0.9320601224899292 -0.06715265661478043 
vn -0.3873893916606903 0.9093894362449646 -0.1514578014612198 
vn -0.43270090222358704 0.8659316301345825 -0.25086143612861633 
vn -0.3563365042209625 0.919931173324585 -0.1635546088218689 
vn -0.39330410957336426 0.8805823922157288 -0.2643590271472931 
vn -0.4450727105140686 0.8191391229629517 -0.3618294596672058 
vn 0.12643025815486908 -0.07814522832632065 0.9888924360275269 
vn 0.1443413943052292 -0.16481664776802063 0.9757052063941956 
vn 0.2313385009765625 -0.19841881096363068 0.9524242877960205 
vn 0.25811445713043213 -0.2777506411075592 0.925327479839325 
vn 0.3153384029865265 -0.2766886055469513 0.9077469706535339 
vn 0.3730926215648651 -0.3743373155593872 0.8489245772361755 
vn 0.3134029805660248 -0.40695318579673767 0.8580018281936646 
vn 0.1293172538280487 -0.27241194248199463 0.9534507989883423 
vn 0.10917326807975769 -0.37546539306640625 0.920383870601654 
vn 0.01480860635638237 -0.12758906185626984 0.9917163848876953 
vn 0.3586103022098541 -0.5392242670059204 0.7619941830635071 
vn 0.43835052847862244 -0.500981867313385 0.746234118938446 
vn 0.48629269003868103 -0.5885737538337708 0.6458325386047363 
vn 0.07043381780385971 -0.0035305009223520756 0.9975100159645081 
vn 0.1443413943052292 -0.16481664776802063 0.9757052063941956 
vn 0.12643025815486908 -0.07814522832632065 0.9888924360275269 
vn -0.7396231293678284 -0.34801268577575684 0.5760593414306641 
vn -0.6063482761383057 -0.46942564845085144 0.641857385635376 
vn -0.7489516735076904 -0.1645907163619995 0.641857385635376 
vn -0.562147319316864 -0.2610948383808136 0.7847417593002319 
vn -0.710167407989502 0.09930010885000229 0.6969945430755615 
vn -0.5005459189414978 0.0091968709602952 0.865661084651947 
vn -0.6068548560142517 0.3762410879135132 0.7001210451126099 
vn -0.39403843879699707 0.30881136655807495 0.865661084651947 
vn -0.4647923707962036 0.6028030514717102 0.6485338807106018 
vn -0.2622029185295105 0.5578383803367615 0.7874425053596497 
vn -0.34694525599479675 0.7373350262641907 0.5796254277229309 
vn -0.16669383645057678 0.7427089810371399 0.6485338807106018 
vn -0.37721964716911316 -0.6098390221595764 0.6969945430755615 
vn -0.3117641508579254 -0.3917064070701599 0.865661084651947 
vn -0.22259357571601868 -0.10587096959352493 0.9691457152366638 
vn -0.10246414691209793 0.22418220341205597 0.9691457152366638 
vn 0.012958565726876259 0.5004626512527466 0.865661084651947 
vn 0.09626065939664841 0.7075055241584778 0.7001210451126099 
vn -0.09999491274356842 -0.7069873809814453 0.7001210451126099 
vn -0.012958565726876259 -0.5004626512527466 0.865661084651947 
vn 0.10246414691209793 -0.22418220341205597 0.9691457152366638 
vn 0.22259357571601868 0.10587096959352493 0.9691457152366638 
vn 0.3117641508579254 0.3917064070701599 0.865661084651947 
vn 0.37721964716911316 0.6098390221595764 0.6969945430755615 
vn 0.16669383645057678 -0.7427089810371399 0.6485338807106018 
vn 0.2622029185295105 -0.5578383803367615 0.7874425053596497 
vn 0.39403843879699707 -0.30881136655807495 0.865661084651947 
vn 0.5005459189414978 -0.0091968709602952 0.865661084651947 
vn 0.5605503916740417 0.26450592279434204 0.7847417593002319 
vn 0.6086488366127014 0.4664389491081238 0.641857385635376 
vn 0.3435300588607788 -0.7389323711395264 0.5796254277229309 
vn 0.4647923707962036 -0.6028030514717102 0.6485338807106018 
vn 0.6048598885536194 -0.3794400095939636 0.7001210451126099 
vn 0.710167407989502 -0.09930010885000229 0.6969945430755615 
vn 0.7481334209442139 0.16827087104320526 0.641857385635376 
vn 0.7412207126617432 0.3445969820022583 0.5760593414306641 
vn -0.7377346754074097 -0.34609463810920715 -0.5796254277229309 
vn -0.8245018720626831 -0.38655394315719604 -0.41324591636657715 
vn -0.7425585985183716 -0.16736237704753876 -0.6485338807106018 
vn -0.8861182332038879 -0.14283175766468048 -0.4409002661705017 
vn -0.7072837948799133 0.0978766679763794 -0.7001210451126099 
vn -0.8670260310173035 0.14776921272277832 -0.4758462607860565 
vn -0.6075804829597473 0.3808467388153076 -0.6969945430755615 
vn -0.7591649293899536 0.44411540031433105 -0.4758462607860565 
vn -0.470382958650589 0.6056060194969177 -0.641857385635376 
vn -0.5915639400482178 0.6775729656219482 -0.43697428703308105 
vn -0.34545159339904785 0.7408227920532227 -0.5760593414306641 
vn -0.38816913962364197 0.825728714466095 -0.40926313400268555 
vn -0.897222101688385 -0.4152587056159973 -0.15017375349998474 
vn -0.9754082560539246 -0.15283425152301788 -0.15880759060382843 
vn -0.970395565032959 0.16535532474517822 -0.1760382205247879 
vn -0.8496547341346741 0.4970882534980774 -0.1760382205247879 
vn -0.6489664912223816 0.744057834148407 -0.15880759060382843 
vn -0.4206642806529999 0.8954150080680847 -0.1458524912595749 
vn -0.8966156244277954 -0.4180990159511566 0.1458524912595749 
vn -0.9754082560539246 -0.15283425152301788 0.15880759060382843 
vn -0.970395565032959 0.16535532474517822 0.1760382205247879 
vn -0.8496547341346741 0.4970882534980774 0.1760382205247879 
vn -0.6489664912223816 0.744057834148407 0.15880759060382843 
vn -0.4203892946243286 0.8948296308517456 0.15017375349998474 
vn -0.8269297480583191 -0.3856039345264435 0.40926313400268555 
vn -0.888205349445343 -0.14193017780780792 0.43697428703308105 
vn -0.8670260310173035 0.14776921272277832 0.4758462607860565 
vn -0.7591649293899536 0.44411540031433105 0.4758462607860565 
vn -0.5869958400726318 0.679000973701477 0.4409002661705017 
vn -0.3831334412097931 0.8260968923568726 0.41324591636657715 
vn -0.7396231293678284 -0.34801268577575684 0.5760593414306641 
vn -0.7489516735076904 -0.1645907163619995 0.641857385635376 
vn -0.710167407989502 0.09930010885000229 0.6969945430755615 
vn -0.6068548560142517 0.3762410879135132 0.7001210451126099 
vn -0.4647923707962036 0.6028030514717102 0.6485338807106018 
vn -0.34694525599479675 0.7373350262641907 0.5796254277229309 
vn 0.3435300588607788 -0.7389323711395264 0.5796254277229309 
vn 0.16669383645057678 -0.7427089810371399 0.6485338807106018 
vn 0.3831334412097931 -0.8260968923568726 0.41324591636657715 
vn 0.14469479024410248 -0.8858159780502319 0.4409002661705017 
vn 0.416970431804657 -0.8964278697967529 0.15017375349998474 
vn 0.1491052210330963 -0.9759852290153503 0.15880759060382843 
vn 0.41724321246147156 -0.8970142602920532 -0.1458524912595749 
vn 0.1491052210330963 -0.9759852290153503 -0.15880759060382843 
vn 0.38474807143211365 -0.8273283243179321 -0.40926313400268555 
vn 0.13880150020122528 -0.8886997103691101 -0.43697428703308105 
vn 0.34545159339904785 -0.7408227920532227 -0.5760593414306641 
vn 0.1652543544769287 -0.7488055229187012 -0.641857385635376 
vn -0.09999491274356842 -0.7069873809814453 0.7001210451126099 
vn -0.14776921272277832 -0.8670260310173035 0.4758462607860565 
vn -0.16349387168884277 -0.9707109332084656 0.1760382205247879 
vn -0.16349387168884277 -0.9707109332084656 -0.1760382205247879 
vn -0.14776921272277832 -0.8670260310173035 -0.4758462607860565 
vn -0.09879928827285767 -0.7102372646331787 -0.6969945430755615 
vn -0.37721964716911316 -0.6098390221595764 0.6969945430755615 
vn -0.44411540031433105 -0.7591649293899536 0.4758462607860565 
vn -0.4954577386379242 -0.8506065607070923 0.1760382205247879 
vn -0.4954577386379242 -0.8506065607070923 -0.1760382205247879 
vn -0.44411540031433105 -0.7591649293899536 -0.4758462607860565 
vn -0.3764514625072479 -0.6067243814468384 -0.7001210451126099 
vn -0.6063482761383057 -0.46942564845085144 0.641857385635376 
vn -0.6759316921234131 -0.5934385657310486 0.43697428703308105 
vn -0.7415720820426941 -0.6518054604530334 0.15880759060382843 
vn -0.7415720820426941 -0.6518054604530334 -0.15880759060382843 
vn -0.6777651309967041 -0.5884222984313965 -0.4409002661705017 
vn -0.6066569685935974 -0.4597507417201996 -0.6485338807106018 
vn -0.7396231293678284 -0.34801268577575684 0.5760593414306641 
vn -0.8269297480583191 -0.3856039345264435 0.40926313400268555 
vn -0.8966156244277954 -0.4180990159511566 0.1458524912595749 
vn -0.897222101688385 -0.4152587056159973 -0.15017375349998474 
vn -0.8245018720626831 -0.38655394315719604 -0.41324591636657715 
vn -0.34545159339904785 0.7408227920532227 -0.5760593414306641 
vn -0.1652543544769287 0.7488055229187012 -0.641857385635376 
vn -0.470382958650589 0.6056060194969177 -0.641857385635376 
vn -0.26109153032302856 0.5621488690376282 -0.7847417593002319 
vn -0.6075804829597473 0.3808467388153076 -0.6969945430755615 
vn -0.39356935024261475 0.3094090223312378 -0.865661084651947 
vn -0.7072837948799133 0.0978766679763794 -0.7001210451126099 
vn -0.5003759264945984 0.015960173681378365 -0.865661084651947 
vn -0.7425585985183716 -0.16736237704753876 -0.6485338807106018 
vn -0.5586370825767517 -0.26049694418907166 -0.7874425053596497 
vn -0.7377346754074097 -0.34609463810920715 -0.5796254277229309 
vn -0.6066569685935974 -0.4597507417201996 -0.6485338807106018 
vn 0.09879928827285767 0.7102372646331787 -0.6969945430755615 
vn 0.015960173681378365 0.5003759264945984 -0.865661084651947 
vn -0.10502568632364273 0.2229936569929123 -0.9691457152366638 
vn -0.22379185259342194 -0.10331396013498306 -0.9691457152366638 
vn -0.3094090223312378 -0.39356935024261475 -0.865661084651947 
vn -0.3764514625072479 -0.6067243814468384 -0.7001210451126099 
vn 0.3764514625072479 0.6067243814468384 -0.7001210451126099 
vn 0.3094090223312378 0.39356935024261475 -0.865661084651947 
vn 0.22218236327171326 0.10673125833272934 -0.9691457152366638 
vn 0.1015961542725563 -0.2245769053697586 -0.9691457152366638 
vn -0.015960173681378365 -0.5003759264945984 -0.865661084651947 
vn -0.09879928827285767 -0.7102372646331787 -0.6969945430755615 
vn 0.6043677926063538 0.4627559185028076 -0.6485338807106018 
vn 0.5586370825767517 0.26049694418907166 -0.7874425053596497 
vn 0.5003759264945984 -0.015960173681378365 -0.865661084651947 
vn 0.39356935024261475 -0.3094090223312378 -0.865661084651947 
vn 0.26451584696769714 -0.5605456829071045 -0.7847417593002319 
vn 0.1652543544769287 -0.7488055229187012 -0.641857385635376 
vn 0.7377346754074097 0.34609463810920715 -0.5796254277229309 
vn 0.743380069732666 0.1636749804019928 -0.6485338807106018 
vn 0.7072837948799133 -0.0978766679763794 -0.7001210451126099 
vn 0.6075804829597473 -0.3808467388153076 -0.6969945430755615 
vn 0.470382958650589 -0.6056060194969177 -0.641857385635376 
vn 0.34545159339904785 -0.7408227920532227 -0.5760593414306641 
vn 0.7377346754074097 0.34609463810920715 -0.5796254277229309 
vn 0.8245018720626831 0.38655394315719604 -0.41324591636657715 
vn 0.743380069732666 0.1636749804019928 -0.6485338807106018 
vn 0.885509729385376 0.14655716717243195 -0.4409002661705017 
vn 0.7072837948799133 -0.0978766679763794 -0.7001210451126099 
vn 0.8670260310173035 -0.14776921272277832 -0.4758462607860565 
vn 0.6075804829597473 -0.3808467388153076 -0.6969945430755615 
vn 0.7591649293899536 -0.44411540031433105 -0.4758462607860565 
vn 0.470382958650589 -0.6056060194969177 -0.641857385635376 
vn 0.5915639400482178 -0.6775729656219482 -0.43697428703308105 
vn 0.38474807143211365 -0.8273283243179321 -0.40926313400268555 
vn 0.895630419254303 0.4186806380748749 -0.15017375349998474 
vn 0.9754082560539246 0.15283425152301788 -0.15880759060382843 
vn 0.9697540998458862 -0.16907642781734467 -0.1760382205247879 
vn 0.8515552282333374 -0.49382543563842773 -0.1760382205247879 
vn 0.6489664912223816 -0.744057834148407 -0.15880759060382843 
vn 0.41724321246147156 -0.8970142602920532 -0.1458524912595749 
vn 0.8966156244277954 0.4180990159511566 0.1458524912595749 
vn 0.9754082560539246 0.15283425152301788 0.15880759060382843 
vn 0.9697540998458862 -0.16907642781734467 0.1760382205247879 
vn 0.8515552282333374 -0.49382543563842773 0.1760382205247879 
vn 0.6489664912223816 -0.744057834148407 0.15880759060382843 
vn 0.416970431804657 -0.8964278697967529 0.15017375349998474 
vn 0.8269297480583191 0.3856039345264435 0.40926313400268555 
vn 0.888792872428894 0.1382034718990326 0.43697428703308105 
vn 0.8670260310173035 -0.14776921272277832 0.4758462607860565 
vn 0.7591649293899536 -0.44411540031433105 0.4758462607860565 
vn 0.5841350555419922 -0.6814636588096619 0.4409002661705017 
vn 0.3831334412097931 -0.8260968923568726 0.41324591636657715 
vn 0.7412207126617432 0.3445969820022583 0.5760593414306641 
vn 0.7481334209442139 0.16827087104320526 0.641857385635376 
vn 0.710167407989502 -0.09930010885000229 0.6969945430755615 
vn 0.6048598885536194 -0.3794400095939636 0.7001210451126099 
vn 0.4647923707962036 -0.6028030514717102 0.6485338807106018 
vn 0.3435300588607788 -0.7389323711395264 0.5796254277229309 
vn -0.34694525599479675 0.7373350262641907 0.5796254277229309 
vn -0.16669383645057678 0.7427089810371399 0.6485338807106018 
vn -0.3831334412097931 0.8260968923568726 0.41324591636657715 
vn -0.14096811413764954 0.8864166140556335 0.4409002661705017 
vn -0.4203892946243286 0.8948296308517456 0.15017375349998474 
vn -0.1491052210330963 0.9759852290153503 0.15880759060382843 
vn -0.4206642806529999 0.8954150080680847 -0.1458524912595749 
vn -0.1491052210330963 0.9759852290153503 -0.15880759060382843 
vn -0.38816913962364197 0.825728714466095 -0.40926313400268555 
vn -0.13880150020122528 0.8886997103691101 -0.43697428703308105 
vn -0.1652543544769287 0.7488055229187012 -0.641857385635376 
vn 0.09626065939664841 0.7075055241584778 0.7001210451126099 
vn 0.14776921272277832 0.8670260310173035 0.4758462607860565 
vn 0.1672161966562271 0.9700766205787659 0.1760382205247879 
vn 0.1672161966562271 0.9700766205787659 -0.1760382205247879 
vn 0.14776921272277832 0.8670260310173035 -0.4758462607860565 
vn 0.09879928827285767 0.7102372646331787 -0.6969945430755615 
vn 0.37721964716911316 0.6098390221595764 0.6969945430755615 
vn 0.44411540031433105 0.7591649293899536 0.4758462607860565 
vn 0.49871695041656494 0.8486998081207275 0.1760382205247879 
vn 0.49871695041656494 0.8486998081207275 -0.1760382205247879 
vn 0.44411540031433105 0.7591649293899536 -0.4758462607860565 
vn 0.3764514625072479 0.6067243814468384 -0.7001210451126099 
vn 0.6086488366127014 0.4664389491081238 0.641857385635376 
vn 0.6784148216247559 0.5905982255935669 0.43697428703308105 
vn 0.7415720820426941 0.6518054604530334 0.15880759060382843 
vn 0.7415720820426941 0.6518054604530334 -0.15880759060382843 
vn 0.6802338361740112 0.5855666995048523 -0.4409002661705017 
vn 0.6043677926063538 0.4627559185028076 -0.6485338807106018 
vn 0.7412207126617432 0.3445969820022583 0.5760593414306641 
vn 0.8269297480583191 0.3856039345264435 0.40926313400268555 
vn 0.8966156244277954 0.4180990159511566 0.1458524912595749 
vn 0.895630419254303 0.4186806380748749 -0.15017375349998474 
vn 0.8245018720626831 0.38655394315719604 -0.41324591636657715 
vn -0.7396231293678284 -0.34801268577575684 0.5760593414306641 
vn -0.6063482761383057 -0.46942564845085144 0.641857385635376 
vn -0.7489516735076904 -0.1645907163619995 0.641857385635376 
vn -0.562147319316864 -0.2610948383808136 0.7847417593002319 
vn -0.710167407989502 0.09930010885000229 0.6969945430755615 
vn -0.5005459189414978 0.0091968709602952 0.865661084651947 
vn -0.6068548560142517 0.3762410879135132 0.7001210451126099 
vn -0.39403843879699707 0.30881136655807495 0.865661084651947 
vn -0.4647923707962036 0.6028030514717102 0.6485338807106018 
vn -0.2622029185295105 0.5578383803367615 0.7874425053596497 
vn -0.34694525599479675 0.7373350262641907 0.5796254277229309 
vn -0.16669383645057678 0.7427089810371399 0.6485338807106018 
vn -0.37721964716911316 -0.6098390221595764 0.6969945430755615 
vn -0.3117641508579254 -0.3917064070701599 0.865661084651947 
vn -0.22259357571601868 -0.10587096959352493 0.9691457152366638 
vn -0.10246414691209793 0.22418220341205597 0.9691457152366638 
vn 0.012958565726876259 0.5004626512527466 0.865661084651947 
vn 0.09626065939664841 0.7075055241584778 0.7001210451126099 
vn -0.09999491274356842 -0.7069873809814453 0.7001210451126099 
vn -0.012958565726876259 -0.5004626512527466 0.865661084651947 
vn 0.10246414691209793 -0.22418220341205597 0.9691457152366638 
vn 0.22259357571601868 0.10587096959352493 0.9691457152366638 
vn 0.3117641508579254 0.3917064070701599 0.865661084651947 
vn 0.37721964716911316 0.6098390221595764 0.6969945430755615 
vn 0.16669383645057678 -0.7427089810371399 0.6485338807106018 
vn 0.2622029185295105 -0.5578383803367615 0.7874425053596497 
vn 0.39403843879699707 -0.30881136655807495 0.865661084651947 
vn 0.5005459189414978 -0.0091968709602952 0.865661084651947 
vn 0.5605503916740417 0.26450592279434204 0.7847417593002319 
vn 0.6086488366127014 0.4664389491081238 0.641857385635376 
vn 0.3435300588607788 -0.7389323711395264 0.5796254277229309 
vn 0.4647923707962036 -0.6028030514717102 0.6485338807106018 
vn 0.6048598885536194 -0.3794400095939636 0.7001210451126099 
vn 0.710167407989502 -0.09930010885000229 0.6969945430755615 
vn 0.7481334209442139 0.16827087104320526 0.641857385635376 
vn 0.7412207126617432 0.3445969820022583 0.5760593414306641 
vn -0.7377346754074097 -0.34609463810920715 -0.5796254277229309 
vn -0.8245018720626831 -0.38655394315719604 -0.41324591636657715 
vn -0.7425585985183716 -0.16736237704753876 -0.6485338807106018 
vn -0.8861182332038879 -0.14283175766468048 -0.4409002661705017 
vn -0.7072837948799133 0.0978766679763794 -0.7001210451126099 
vn -0.8670260310173035 0.14776921272277832 -0.4758462607860565 
vn -0.6075804829597473 0.3808467388153076 -0.6969945430755615 
vn -0.7591649293899536 0.44411540031433105 -0.4758462607860565 
vn -0.470382958650589 0.6056060194969177 -0.641857385635376 
vn -0.5915639400482178 0.6775729656219482 -0.43697428703308105 
vn -0.34545159339904785 0.7408227920532227 -0.5760593414306641 
vn -0.38816913962364197 0.825728714466095 -0.40926313400268555 
vn -0.897222101688385 -0.4152587056159973 -0.15017375349998474 
vn -0.9754082560539246 -0.15283425152301788 -0.15880759060382843 
vn -0.970395565032959 0.16535532474517822 -0.1760382205247879 
vn -0.8496547341346741 0.4970882534980774 -0.1760382205247879 
vn -0.6489664912223816 0.744057834148407 -0.15880759060382843 
vn -0.4206642806529999 0.8954150080680847 -0.1458524912595749 
vn -0.8966156244277954 -0.4180990159511566 0.1458524912595749 
vn -0.9754082560539246 -0.15283425152301788 0.15880759060382843 
vn -0.970395565032959 0.16535532474517822 0.1760382205247879 
vn -0.8496547341346741 0.4970882534980774 0.1760382205247879 
vn -0.6489664912223816 0.744057834148407 0.15880759060382843 
vn -0.4203892946243286 0.8948296308517456 0.15017375349998474 
vn -0.8269297480583191 -0.3856039345264435 0.40926313400268555 
vn -0.888205349445343 -0.14193017780780792 0.43697428703308105 
vn -0.8670260310173035 0.14776921272277832 0.4758462607860565 
vn -0.7591649293899536 0.44411540031433105 0.4758462607860565 
vn -0.5869958400726318 0.679000973701477 0.4409002661705017 
vn -0.3831334412097931 0.8260968923568726 0.41324591636657715 
vn -0.7396231293678284 -0.34801268577575684 0.5760593414306641 
vn -0.7489516735076904 -0.1645907163619995 0.641857385635376 
vn -0.710167407989502 0.09930010885000229 0.6969945430755615 
vn -0.6068548560142517 0.3762410879135132 0.7001210451126099 
vn -0.4647923707962036 0.6028030514717102 0.6485338807106018 
vn -0.34694525599479675 0.7373350262641907 0.5796254277229309 
vn 0.3435300588607788 -0.7389323711395264 0.5796254277229309 
vn 0.16669383645057678 -0.7427089810371399 0.6485338807106018 
vn 0.3831334412097931 -0.8260968923568726 0.41324591636657715 
vn 0.14469479024410248 -0.8858159780502319 0.4409002661705017 
vn 0.416970431804657 -0.8964278697967529 0.15017375349998474 
vn 0.1491052210330963 -0.9759852290153503 0.15880759060382843 
vn 0.41724321246147156 -0.8970142602920532 -0.1458524912595749 
vn 0.1491052210330963 -0.9759852290153503 -0.15880759060382843 
vn 0.38474807143211365 -0.8273283243179321 -0.40926313400268555 
vn 0.13880150020122528 -0.8886997103691101 -0.43697428703308105 
vn 0.34545159339904785 -0.7408227920532227 -0.5760593414306641 
vn 0.1652543544769287 -0.7488055229187012 -0.641857385635376 
vn -0.09999491274356842 -0.7069873809814453 0.7001210451126099 
vn -0.14776921272277832 -0.8670260310173035 0.4758462607860565 
vn -0.16349387168884277 -0.9707109332084656 0.1760382205247879 
vn -0.16349387168884277 -0.9707109332084656 -0.1760382205247879 
vn -0.14776921272277832 -0.8670260310173035 -0.4758462607860565 
vn -0.09879928827285767 -0.7102372646331787 -0.6969945430755615 
vn -0.37721964716911316 -0.6098390221595764 0.6969945430755615 
vn -0.44411540031433105 -0.7591649293899536 0.4758462607860565 
vn -0.4954577386379242 -0.8506065607070923 0.1760382205247879 
vn -0.4954577386379242 -0.8506065607070923 -0.1760382205247879 
vn -0.44411540031433105 -0.7591649293899536 -0.4758462607860565 
vn -0.3764514625072479 -0.6067243814468384 -0.7001210451126099 
vn -0.6063482761383057 -0.46942564845085144 0.641857385635376 
vn -0.6759316921234131 -0.5934385657310486 0.43697428703308105 
vn -0.7415720820426941 -0.6518054604530334 0.15880759060382843 
vn -0.7415720820426941 -0.6518054604530334 -0.15880759060382843 
vn -0.6777651309967041 -0.5884222984313965 -0.4409002661705017 
vn -0.6066569685935974 -0.4597507417201996 -0.6485338807106018 
vn -0.7396231293678284 -0.34801268577575684 0.5760593414306641 
vn -0.8269297480583191 -0.3856039345264435 0.40926313400268555 
vn -0.8966156244277954 -0.4180990159511566 0.1458524912595749 
vn -0.897222101688385 -0.4152587056159973 -0.15017375349998474 
vn -0.8245018720626831 -0.38655394315719604 -0.41324591636657715 
vn -0.34545159339904785 0.7408227920532227 -0.5760593414306641 
vn -0.1652543544769287 0.7488055229187012 -0.641857385635376 
vn -0.470382958650589 0.6056060194969177 -0.641857385635376 
vn -0.26109153032302856 0.5621488690376282 -0.7847417593002319 
vn -0.6075804829597473 0.3808467388153076 -0.6969945430755615 
vn -0.39356935024261475 0.3094090223312378 -0.865661084651947 
vn -0.7072837948799133 0.0978766679763794 -0.7001210451126099 
vn -0.5003759264945984 0.015960173681378365 -0.865661084651947 
vn -0.7425585985183716 -0.16736237704753876 -0.6485338807106018 
vn -0.5586370825767517 -0.26049694418907166 -0.7874425053596497 
vn -0.7377346754074097 -0.34609463810920715 -0.5796254277229309 
vn -0.6066569685935974 -0.4597507417201996 -0.6485338807106018 
vn 0.09879928827285767 0.7102372646331787 -0.6969945430755615 
vn 0.015960173681378365 0.5003759264945984 -0.865661084651947 
vn -0.10502568632364273 0.2229936569929123 -0.9691457152366638 
vn -0.22379185259342194 -0.10331396013498306 -0.9691457152366638 
vn -0.3094090223312378 -0.39356935024261475 -0.865661084651947 
vn -0.3764514625072479 -0.6067243814468384 -0.7001210451126099 
vn 0.3764514625072479 0.6067243814468384 -0.7001210451126099 
vn 0.3094090223312378 0.39356935024261475 -0.865661084651947 
vn 0.22218236327171326 0.10673125833272934 -0.9691457152366638 
vn 0.1015961542725563 -0.2245769053697586 -0.9691457152366638 
vn -0.015960173681378365 -0.5003759264945984 -0.865661084651947 
vn -0.09879928827285767 -0.7102372646331787 -0.6969945430755615 
vn 0.6043677926063538 0.4627559185028076 -0.6485338807106018 
vn 0.5586370825767517 0.26049694418907166 -0.7874425053596497 
vn 0.5003759264945984 -0.015960173681378365 -0.865661084651947 
vn 0.39356935024261475 -0.3094090223312378 -0.865661084651947 
vn 0.26451584696769714 -0.5605456829071045 -0.7847417593002319 
vn 0.1652543544769287 -0.7488055229187012 -0.641857385635376 
vn 0.7377346754074097 0.34609463810920715 -0.5796254277229309 
vn 0.743380069732666 0.1636749804019928 -0.6485338807106018 
vn 0.7072837948799133 -0.0978766679763794 -0.7001210451126099 
vn 0.6075804829597473 -0.3808467388153076 -0.6969945430755615 
vn 0.470382958650589 -0.6056060194969177 -0.641857385635376 
vn 0.34545159339904785 -0.7408227920532227 -0.5760593414306641 
vn 0.7377346754074097 0.34609463810920715 -0.5796254277229309 
vn 0.8245018720626831 0.38655394315719604 -0.41324591636657715 
vn 0.743380069732666 0.1636749804019928 -0.6485338807106018 
vn 0.885509729385376 0.14655716717243195 -0.4409002661705017 
vn 0.7072837948799133 -0.0978766679763794 -0.7001210451126099 
vn 0.8670260310173035 -0.14776921272277832 -0.4758462607860565 
vn 0.6075804829597473 -0.3808467388153076 -0.6969945430755615 
vn 0.7591649293899536 -0.44411540031433105 -0.4758462607860565 
vn 0.470382958650589 -0.6056060194969177 -0.641857385635376 
vn 0.5915639400482178 -0.6775729656219482 -0.43697428703308105 
vn 0.38474807143211365 -0.8273283243179321 -0.40926313400268555 
vn 0.895630419254303 0.4186806380748749 -0.15017375349998474 
vn 0.9754082560539246 0.15283425152301788 -0.15880759060382843 
vn 0.9697540998458862 -0.16907642781734467 -0.1760382205247879 
vn 0.8515552282333374 -0.49382543563842773 -0.1760382205247879 
vn 0.6489664912223816 -0.744057834148407 -0.15880759060382843 
vn 0.41724321246147156 -0.8970142602920532 -0.1458524912595749 
vn 0.8966156244277954 0.4180990159511566 0.1458524912595749 
vn 0.9754082560539246 0.15283425152301788 0.15880759060382843 
vn 0.9697540998458862 -0.16907642781734467 0.1760382205247879 
vn 0.8515552282333374 -0.49382543563842773 0.1760382205247879 
vn 0.6489664912223816 -0.744057834148407 0.15880759060382843 
vn 0.416970431804657 -0.8964278697967529 0.15017375349998474 
vn 0.8269297480583191 0.3856039345264435 0.40926313400268555 
vn 0.888792872428894 0.1382034718990326 0.43697428703308105 
vn 0.8670260310173035 -0.14776921272277832 0.4758462607860565 
vn 0.7591649293899536 -0.44411540031433105 0.4758462607860565 
vn 0.5841350555419922 -0.6814636588096619 0.4409002661705017 
vn 0.3831334412097931 -0.8260968923568726 0.41324591636657715 
vn 0.7412207126617432 0.3445969820022583 0.5760593414306641 
vn 0.7481334209442139 0.16827087104320526 0.641857385635376 
vn 0.710167407989502 -0.09930010885000229 0.6969945430755615 
vn 0.6048598885536194 -0.3794400095939636 0.7001210451126099 
vn 0.4647923707962036 -0.6028030514717102 0.6485338807106018 
vn 0.3435300588607788 -0.7389323711395264 0.5796254277229309 
vn -0.34694525599479675 0.7373350262641907 0.5796254277229309 
vn -0.16669383645057678 0.7427089810371399 0.6485338807106018 
vn -0.3831334412097931 0.8260968923568726 0.41324591636657715 
vn -0.14096811413764954 0.8864166140556335 0.4409002661705017 
vn -0.4203892946243286 0.8948296308517456 0.15017375349998474 
vn -0.1491052210330963 0.9759852290153503 0.15880759060382843 
vn -0.4206642806529999 0.8954150080680847 -0.1458524912595749 
vn -0.1491052210330963 0.9759852290153503 -0.15880759060382843 
vn -0.38816913962364197 0.825728714466095 -0.40926313400268555 
vn -0.13880150020122528 0.8886997103691101 -0.43697428703308105 
vn -0.1652543544769287 0.7488055229187012 -0.641857385635376 
vn 0.09626065939664841 0.7075055241584778 0.7001210451126099 
vn 0.14776921272277832 0.8670260310173035 0.4758462607860565 
vn 0.1672161966562271 0.9700766205787659 0.1760382205247879 
vn 0.1672161966562271 0.9700766205787659 -0.1760382205247879 
vn 0.14776921272277832 0.8670260310173035 -0.4758462607860565 
vn 0.09879928827285767 0.7102372646331787 -0.6969945430755615 
vn 0.37721964716911316 0.6098390221595764 0.6969945430755615 
vn 0.44411540031433105 0.7591649293899536 0.4758462607860565 
vn 0.49871695041656494 0.8486998081207275 0.1760382205247879 
vn 0.49871695041656494 0.8486998081207275 -0.1760382205247879 
vn 0.44411540031433105 0.7591649293899536 -0.4758462607860565 
vn 0.3764514625072479 0.6067243814468384 -0.7001210451126099 
vn 0.6086488366127014 0.4664389491081238 0.641857385635376 
vn 0.6784148216247559 0.5905982255935669 0.43697428703308105 
vn 0.7415720820426941 0.6518054604530334 0.15880759060382843 
vn 0.7415720820426941 0.6518054604530334 -0.15880759060382843 
vn 0.6802338361740112 0.5855666995048523 -0.4409002661705017 
vn 0.6043677926063538 0.4627559185028076 -0.6485338807106018 
vn 0.7412207126617432 0.3445969820022583 0.5760593414306641 
vn 0.8269297480583191 0.3856039345264435 0.40926313400268555 
vn 0.8966156244277954 0.4180990159511566 0.1458524912595749 
vn 0.895630419254303 0.4186806380748749 -0.15017375349998474 
vn 0.8245018720626831 0.38655394315719604 -0.41324591636657715 
vn -0.7396231293678284 -0.34801268577575684 0.5760593414306641 
vn -0.6063482761383057 -0.46942564845085144 0.641857385635376 
vn -0.7489516735076904 -0.1645907163619995 0.641857385635376 
vn -0.562147319316864 -0.2610948383808136 0.7847417593002319 
vn -0.710167407989502 0.09930010885000229 0.6969945430755615 
vn -0.5005459189414978 0.0091968709602952 0.865661084651947 
vn -0.6068548560142517 0.3762410879135132 0.7001210451126099 
vn -0.39403843879699707 0.30881136655807495 0.865661084651947 
vn -0.4647923707962036 0.6028030514717102 0.6485338807106018 
vn -0.2622029185295105 0.5578383803367615 0.7874425053596497 
vn -0.34694525599479675 0.7373350262641907 0.5796254277229309 
vn -0.16669383645057678 0.7427089810371399 0.6485338807106018 
vn -0.37721964716911316 -0.6098390221595764 0.6969945430755615 
vn -0.3117641508579254 -0.3917064070701599 0.865661084651947 
vn -0.22259357571601868 -0.10587096959352493 0.9691457152366638 
vn -0.10246414691209793 0.22418220341205597 0.9691457152366638 
vn 0.012958565726876259 0.5004626512527466 0.865661084651947 
vn 0.09626065939664841 0.7075055241584778 0.7001210451126099 
vn -0.09999491274356842 -0.7069873809814453 0.7001210451126099 
vn -0.012958565726876259 -0.5004626512527466 0.865661084651947 
vn 0.10246414691209793 -0.22418220341205597 0.9691457152366638 
vn 0.22259357571601868 0.10587096959352493 0.9691457152366638 
vn 0.3117641508579254 0.3917064070701599 0.865661084651947 
vn 0.37721964716911316 0.6098390221595764 0.6969945430755615 
vn 0.16669383645057678 -0.7427089810371399 0.6485338807106018 
vn 0.2622029185295105 -0.5578383803367615 0.7874425053596497 
vn 0.39403843879699707 -0.30881136655807495 0.865661084651947 
vn 0.5005459189414978 -0.0091968709602952 0.865661084651947 
vn 0.5605503916740417 0.26450592279434204 0.7847417593002319 
vn 0.6086488366127014 0.4664389491081238 0.641857385635376 
vn 0.3435300588607788 -0.7389323711395264 0.5796254277229309 
vn 0.4647923707962036 -0.6028030514717102 0.6485338807106018 
vn 0.6048598885536194 -0.3794400095939636 0.7001210451126099 
vn 0.710167407989502 -0.09930010885000229 0.6969945430755615 
vn 0.7481334209442139 0.16827087104320526 0.641857385635376 
vn 0.7412207126617432 0.3445969820022583 0.5760593414306641 
vn -0.7377346754074097 -0.34609463810920715 -0.5796254277229309 
vn -0.8245018720626831 -0.38655394315719604 -0.41324591636657715 
vn -0.7425585985183716 -0.16736237704753876 -0.6485338807106018 
vn -0.8861182332038879 -0.14283175766468048 -0.4409002661705017 
vn -0.7072837948799133 0.0978766679763794 -0.7001210451126099 
vn -0.8670260310173035 0.14776921272277832 -0.4758462607860565 
vn -0.6075804829597473 0.3808467388153076 -0.6969945430755615 
vn -0.7591649293899536 0.44411540031433105 -0.4758462607860565 
vn -0.470382958650589 0.6056060194969177 -0.641857385635376 
vn -0.5915639400482178 0.6775729656219482 -0.43697428703308105 
vn -0.34545159339904785 0.7408227920532227 -0.5760593414306641 
vn -0.38816913962364197 0.825728714466095 -0.40926313400268555 
vn -0.897222101688385 -0.4152587056159973 -0.15017375349998474 
vn -0.9754082560539246 -0.15283425152301788 -0.15880759060382843 
vn -0.970395565032959 0.16535532474517822 -0.1760382205247879 
vn -0.8496547341346741 0.4970882534980774 -0.1760382205247879 
vn -0.6489664912223816 0.744057834148407 -0.15880759060382843 
vn -0.4206642806529999 0.8954150080680847 -0.1458524912595749 
vn -0.8966156244277954 -0.4180990159511566 0.1458524912595749 
vn -0.9754082560539246 -0.15283425152301788 0.15880759060382843 
vn -0.970395565032959 0.16535532474517822 0.1760382205247879 
vn -0.8496547341346741 0.4970882534980774 0.1760382205247879 
vn -0.6489664912223816 0.744057834148407 0.15880759060382843 
vn -0.4203892946243286 0.8948296308517456 0.15017375349998474 
vn -0.8269297480583191 -0.3856039345264435 0.40926313400268555 
vn -0.888205349445343 -0.14193017780780792 0.43697428703308105 
vn -0.8670260310173035 0.14776921272277832 0.4758462607860565 
vn -0.7591649293899536 0.44411540031433105 0.4758462607860565 
vn -0.5869958400726318 0.679000973701477 0.4409002661705017 
vn -0.3831334412097931 0.8260968923568726 0.41324591636657715 
vn -0.7396231293678284 -0.34801268577575684 0.5760593414306641 
vn -0.7489516735076904 -0.1645907163619995 0.641857385635376 
vn -0.710167407989502 0.09930010885000229 0.6969945430755615 
vn -0.6068548560142517 0.3762410879135132 0.7001210451126099 
vn -0.4647923707962036 0.6028030514717102 0.6485338807106018 
vn -0.34694525599479675 0.7373350262641907 0.5796254277229309 
vn 0.3435300588607788 -0.7389323711395264 0.5796254277229309 
vn 0.16669383645057678 -0.7427089810371399 0.6485338807106018 
vn 0.3831334412097931 -0.8260968923568726 0.41324591636657715 
vn 0.14469479024410248 -0.8858159780502319 0.4409002661705017 
vn 0.416970431804657 -0.8964278697967529 0.15017375349998474 
vn 0.1491052210330963 -0.9759852290153503 0.15880759060382843 
vn 0.41724321246147156 -0.8970142602920532 -0.1458524912595749 
vn 0.1491052210330963 -0.9759852290153503 -0.15880759060382843 
vn 0.38474807143211365 -0.8273283243179321 -0.40926313400268555 
vn 0.13880150020122528 -0.8886997103691101 -0.43697428703308105 
vn 0.34545159339904785 -0.7408227920532227 -0.5760593414306641 
vn 0.1652543544769287 -0.7488055229187012 -0.641857385635376 
vn -0.09999491274356842 -0.7069873809814453 0.7001210451126099 
vn -0.14776921272277832 -0.8670260310173035 0.4758462607860565 
vn -0.16349387168884277 -0.9707109332084656 0.1760382205247879 
vn -0.16349387168884277 -0.9707109332084656 -0.1760382205247879 
vn -0.14776921272277832 -0.8670260310173035 -0.4758462607860565 
vn -0.09879928827285767 -0.7102372646331787 -0.6969945430755615 
vn -0.37721964716911316 -0.6098390221595764 0.6969945430755615 
vn -0.44411540031433105 -0.7591649293899536 0.4758462607860565 
vn -0.4954577386379242 -0.8506065607070923 0.1760382205247879 
vn -0.4954577386379242 -0.8506065607070923 -0.1760382205247879 
vn -0.44411540031433105 -0.7591649293899536 -0.4758462607860565 
vn -0.3764514625072479 -0.6067243814468384 -0.7001210451126099 
vn -0.6063482761383057 -0.46942564845085144 0.641857385635376 
vn -0.6759316921234131 -0.5934385657310486 0.43697428703308105 
vn -0.7415720820426941 -0.6518054604530334 0.15880759060382843 
vn -0.7415720820426941 -0.6518054604530334 -0.15880759060382843 
vn -0.6777651309967041 -0.5884222984313965 -0.4409002661705017 
vn -0.6066569685935974 -0.4597507417201996 -0.6485338807106018 
vn -0.7396231293678284 -0.34801268577575684 0.5760593414306641 
vn -0.8269297480583191 -0.3856039345264435 0.40926313400268555 
vn -0.8966156244277954 -0.4180990159511566 0.1458524912595749 
vn -0.897222101688385 -0.4152587056159973 -0.15017375349998474 
vn -0.8245018720626831 -0.38655394315719604 -0.41324591636657715 
vn -0.34545159339904785 0.7408227920532227 -0.5760593414306641 
vn -0.1652543544769287 0.7488055229187012 -0.641857385635376 
vn -0.470382958650589 0.6056060194969177 -0.641857385635376 
vn -0.26109153032302856 0.5621488690376282 -0.7847417593002319 
vn -0.6075804829597473 0.3808467388153076 -0.6969945430755615 
vn -0.39356935024261475 0.3094090223312378 -0.865661084651947 
vn -0.7072837948799133 0.0978766679763794 -0.7001210451126099 
vn -0.5003759264945984 0.015960173681378365 -0.865661084651947 
vn -0.7425585985183716 -0.16736237704753876 -0.6485338807106018 
vn -0.5586370825767517 -0.26049694418907166 -0.7874425053596497 
vn -0.7377346754074097 -0.34609463810920715 -0.5796254277229309 
vn -0.6066569685935974 -0.4597507417201996 -0.6485338807106018 
vn 0.09879928827285767 0.7102372646331787 -0.6969945430755615 
vn 0.015960173681378365 0.5003759264945984 -0.865661084651947 
vn -0.10502568632364273 0.2229936569929123 -0.9691457152366638 
vn -0.22379185259342194 -0.10331396013498306 -0.9691457152366638 
vn -0.3094090223312378 -0.39356935024261475 -0.865661084651947 
vn -0.3764514625072479 -0.6067243814468384 -0.7001210451126099 
vn 0.3764514625072479 0.6067243814468384 -0.7001210451126099 
vn 0.3094090223312378 0.39356935024261475 -0.865661084651947 
vn 0.22218236327171326 0.10673125833272934 -0.9691457152366638 
vn 0.1015961542725563 -0.2245769053697586 -0.9691457152366638 
vn -0.015960173681378365 -0.5003759264945984 -0.865661084651947 
vn -0.09879928827285767 -0.7102372646331787 -0.6969945430755615 
vn 0.6043677926063538 0.4627559185028076 -0.6485338807106018 
vn 0.5586370825767517 0.26049694418907166 -0.7874425053596497 
vn 0.5003759264945984 -0.015960173681378365 -0.865661084651947 
vn 0.39356935024261475 -0.3094090223312378 -0.865661084651947 
vn 0.26451584696769714 -0.5605456829071045 -0.7847417593002319 
vn 0.1652543544769287 -0.7488055229187012 -0.641857385635376 
vn 0.7377346754074097 0.34609463810920715 -0.5796254277229309 
vn 0.743380069732666 0.1636749804019928 -0.6485338807106018 
vn 0.7072837948799133 -0.0978766679763794 -0.7001210451126099 
vn 0.6075804829597473 -0.3808467388153076 -0.6969945430755615 
vn 0.470382958650589 -0.6056060194969177 -0.641857385635376 
vn 0.34545159339904785 -0.7408227920532227 -0.5760593414306641 
vn 0.7377346754074097 0.34609463810920715 -0.5796254277229309 
vn 0.8245018720626831 0.38655394315719604 -0.41324591636657715 
vn 0.743380069732666 0.1636749804019928 -0.6485338807106018 
vn 0.885509729385376 0.14655716717243195 -0.4409002661705017 
vn 0.7072837948799133 -0.0978766679763794 -0.7001210451126099 
vn 0.8670260310173035 -0.14776921272277832 -0.4758462607860565 
vn 0.6075804829597473 -0.3808467388153076 -0.6969945430755615 
vn 0.7591649293899536 -0.44411540031433105 -0.4758462607860565 
vn 0.470382958650589 -0.6056060194969177 -0.641857385635376 
vn 0.5915639400482178 -0.6775729656219482 -0.43697428703308105 
vn 0.38474807143211365 -0.8273283243179321 -0.40926313400268555 
vn 0.895630419254303 0.4186806380748749 -0.15017375349998474 
vn 0.9754082560539246 0.15283425152301788 -0.15880759060382843 
vn 0.9697540998458862 -0.16907642781734467 -0.1760382205247879 
vn 0.8515552282333374 -0.49382543563842773 -0.1760382205247879 
vn 0.6489664912223816 -0.744057834148407 -0.15880759060382843 
vn 0.41724321246147156 -0.8970142602920532 -0.1458524912595749 
vn 0.8966156244277954 0.4180990159511566 0.1458524912595749 
vn 0.9754082560539246 0.15283425152301788 0.15880759060382843 
vn 0.9697540998458862 -0.16907642781734467 0.1760382205247879 
vn 0.8515552282333374 -0.49382543563842773 0.1760382205247879 
vn 0.6489664912223816 -0.744057834148407 0.15880759060382843 
vn 0.416970431804657 -0.8964278697967529 0.15017375349998474 
vn 0.8269297480583191 0.3856039345264435 0.40926313400268555 
vn 0.888792872428894 0.1382034718990326 0.43697428703308105 
vn 0.8670260310173035 -0.14776921272277832 0.4758462607860565 
vn 0.7591649293899536 -0.44411540031433105 0.4758462607860565 
vn 0.5841350555419922 -0.6814636588096619 0.4409002661705017 
vn 0.3831334412097931 -0.8260968923568726 0.41324591636657715 
vn 0.7412207126617432 0.3445969820022583 0.5760593414306641 
vn 0.7481334209442139 0.16827087104320526 0.641857385635376 
vn 0.710167407989502 -0.09930010885000229 0.6969945430755615 
vn 0.6048598885536194 -0.3794400095939636 0.7001210451126099 
vn 0.4647923707962036 -0.6028030514717102 0.6485338807106018 
vn 0.3435300588607788 -0.7389323711395264 0.5796254277229309 
vn -0.34694525599479675 0.7373350262641907 0.5796254277229309 
vn -0.16669383645057678 0.7427089810371399 0.6485338807106018 
vn -0.3831334412097931 0.8260968923568726 0.41324591636657715 
vn -0.14096811413764954 0.8864166140556335 0.4409002661705017 
vn -0.4203892946243286 0.8948296308517456 0.15017375349998474 
vn -0.1491052210330963 0.9759852290153503 0.15880759060382843 
vn -0.4206642806529999 0.8954150080680847 -0.1458524912595749 
vn -0.1491052210330963 0.9759852290153503 -0.15880759060382843 
vn -0.38816913962364197 0.825728714466095 -0.40926313400268555 
vn -0.13880150020122528 0.8886997103691101 -0.43697428703308105 
vn -0.1652543544769287 0.7488055229187012 -0.641857385635376 
vn 0.09626065939664841 0.7075055241584778 0.7001210451126099 
vn 0.14776921272277832 0.8670260310173035 0.4758462607860565 
vn 0.1672161966562271 0.9700766205787659 0.1760382205247879 
vn 0.1672161966562271 0.9700766205787659 -0.1760382205247879 
vn 0.14776921272277832 0.8670260310173035 -0.4758462607860565 
vn 0.09879928827285767 0.7102372646331787 -0.6969945430755615 
vn 0.37721964716911316 0.6098390221595764 0.6969945430755615 
vn 0.44411540031433105 0.7591649293899536 0.4758462607860565 
vn 0.49871695041656494 0.8486998081207275 0.1760382205247879 
vn 0.49871695041656494 0.8486998081207275 -0.1760382205247879 
vn 0.44411540031433105 0.7591649293899536 -0.4758462607860565 
vn 0.3764514625072479 0.6067243814468384 -0.7001210451126099 
vn 0.6086488366127014 0.4664389491081238 0.641857385635376 
vn 0.6784148216247559 0.5905982255935669 0.43697428703308105 
vn 0.7415720820426941 0.6518054604530334 0.15880759060382843 
vn 0.7415720820426941 0.6518054604530334 -0.15880759060382843 
vn 0.6802338361740112 0.5855666995048523 -0.4409002661705017 
vn 0.6043677926063538 0.4627559185028076 -0.6485338807106018 
vn 0.7412207126617432 0.3445969820022583 0.5760593414306641 
vn 0.8269297480583191 0.3856039345264435 0.40926313400268555 
vn 0.8966156244277954 0.4180990159511566 0.1458524912595749 
vn 0.895630419254303 0.4186806380748749 -0.15017375349998474 
vn 0.8245018720626831 0.38655394315719604 -0.41324591636657715 
s on 
f 1//1 2//2 3//3 
f 2//2 4//4 3//3 
f 3//3 4//4 5//5 
f 4//4 6//6 5//5 
f 5//5 6//6 7//7 
f 6//6 8//8 7//7 
f 7//7 8//8 9//9 
f 8//8 10//10 9//9 
f 9//9 10//10 11//11 
f 10//10 12//12 11//11 
f 11//11 12//12 12//12 
f 12//12 2//2 12//12 
f 12//12 2//2 2//2 
f 2//2 13//13 2//2 
f 2//2 13//13 4//4 
f 13//13 14//14 4//4 
f 4//4 14//14 6//6 
f 14//14 15//15 6//6 
f 6//6 15//15 8//8 
f 15//15 16//16 8//8 
f 8//8 16//16 10//10 
f 16//16 17//17 10//10 
f 10//10 17//17 12//12 
f 17//17 18//18 12//12 
f 12//12 18//18 18//18 
f 18//18 13//13 18//18 
f 18//18 13//13 13//13 
f 13//13 19//19 13//13 
f 13//13 19//19 14//14 
f 19//19 20//20 14//14 
f 14//14 20//20 15//15 
f 20//20 21//21 15//15 
f 15//15 21//21 16//16 
f 21//21 22//22 16//16 
f 16//16 22//22 17//17 
f 22//22 23//23 17//17 
f 17//17 23//23 18//18 
f 23//23 24//24 18//18 
f 18//18 24//24 24//24 
f 24//24 19//19 24//24 
f 24//24 19//19 19//19 
f 19//19 25//25 19//19 
f 19//19 25//25 20//20 
f 25//25 26//26 20//20 
f 20//20 26//26 21//21 
f 26//26 27//27 21//21 
f 21//21 27//27 22//22 
f 27//27 28//28 22//22 
f 22//22 28//28 23//23 
f 28//28 29//29 23//23 
f 23//23 29//29 24//24 
f 29//29 30//30 24//24 
f 24//24 30//30 30//30 
f 30//30 25//25 30//30 
f 30//30 25//25 25//25 
f 25//25 31//31 25//25 
f 25//25 31//31 26//26 
f 31//31 32//32 26//26 
f 26//26 32//32 27//27 
f 32//32 33//33 27//27 
f 27//27 33//33 28//28 
f 33//33 34//34 28//28 
f 28//28 34//34 29//29 
f 34//34 35//35 29//29 
f 29//29 35//35 30//30 
f 35//35 36//36 30//30 
f 30//30 36//36 36//36 
f 36//36 37//37 36//36 
f 36//36 37//37 37//37 
f 37//37 38//38 37//37 
f 37//37 38//38 39//39 
f 38//38 40//40 39//39 
f 39//39 40//40 41//41 
f 40//40 42//42 41//41 
f 41//41 42//42 43//43 
f 42//42 44//44 43//43 
f 43//43 44//44 45//45 
f 44//44 46//46 45//45 
f 45//45 46//46 47//47 
f 46//46 48//48 47//47 
f 47//47 48//48 48//48 
f 48//48 38//38 48//48 
f 48//48 38//38 38//38 
f 38//38 49//49 38//38 
f 38//38 49//49 40//40 
f 49//49 50//50 40//40 
f 40//40 50//50 42//42 
f 50//50 51//51 42//42 
f 42//42 51//51 44//44 
f 51//51 52//52 44//44 
f 44//44 52//52 46//46 
f 52//52 53//53 46//46 
f 46//46 53//53 48//48 
f 53//53 54//54 48//48 
f 48//48 54//54 54//54 
f 54//54 49//49 54//54 
f 54//54 49//49 49//49 
f 49//49 55//55 49//49 
f 49//49 55//55 50//50 
f 55//55 56//56 50//50 
f 50//50 56//56 51//51 
f 56//56 57//57 51//51 
f 51//51 57//57 52//52 
f 57//57 58//58 52//52 
f 52//52 58//58 53//53 
f 58//58 59//59 53//53 
f 53//53 59//59 54//54 
f 59//59 60//60 54//54 
f 54//54 60//60 60//60 
f 60//60 55//55 60//60 
f 60//60 55//55 55//55 
f 55//55 61//61 55//55 
f 55//55 61//61 56//56 
f 61//61 62//62 56//56 
f 56//56 62//62 57//57 
f 62//62 63//63 57//57 
f 57//57 63//63 58//58 
f 63//63 64//64 58//58 
f 58//58 64//64 59//59 
f 64//64 65//65 59//59 
f 59//59 65//65 60//60 
f 65//65 66//66 60//60 
f 60//60 66//66 66//66 
f 66//66 61//61 66//66 
f 66//66 61//61 61//61 
f 61//61 67//67 61//61 
f 61//61 67//67 62//62 
f 67//67 68//68 62//62 
f 62//62 68//68 63//63 
f 68//68 69//69 63//63 
f 63//63 69//69 64//64 
f 69//69 70//70 64//64 
f 64//64 70//70 65//65 
f 70//70 71//71 65//65 
f 65//65 71//71 66//66 
f 71//71 72//72 66//66 
f 66//66 72//72 72//72 
f 72//72 73//73 72//72 
f 72//72 73//73 73//73 
f 73//73 74//74 73//73 
f 73//73 74//74 75//75 
f 74//74 76//76 75//75 
f 75//75 76//76 77//77 
f 76//76 78//78 77//77 
f 77//77 78//78 79//79 
f 78//78 80//80 79//79 
f 79//79 80//80 81//81 
f 80//80 82//82 81//81 
f 81//81 82//82 83//83 
f 82//82 84//84 83//83 
f 83//83 84//84 84//84 
f 84//84 74//74 84//84 
f 84//84 74//74 74//74 
f 74//74 85//85 74//74 
f 74//74 85//85 76//76 
f 85//85 86//86 76//76 
f 76//76 86//86 78//78 
f 86//86 87//87 78//78 
f 78//78 87//87 80//80 
f 87//87 88//88 80//80 
f 80//80 88//88 82//82 
f 88//88 89//89 82//82 
f 82//82 89//89 84//84 
f 89//89 90//90 84//84 
f 84//84 90//90 90//90 
f 90//90 85//85 90//90 
f 90//90 85//85 85//85 
f 85//85 91//91 85//85 
f 85//85 91//91 86//86 
f 91//91 92//92 86//86 
f 86//86 92//92 87//87 
f 92//92 93//93 87//87 
f 87//87 93//93 88//88 
f 93//93 94//94 88//88 
f 88//88 94//94 89//89 
f 94//94 95//95 89//89 
f 89//89 95//95 90//90 
f 95//95 96//96 90//90 
f 90//90 96//96 96//96 
f 96//96 91//91 96//96 
f 96//96 91//91 91//91 
f 91//91 97//97 91//91 
f 91//91 97//97 92//92 
f 97//97 98//98 92//92 
f 92//92 98//98 93//93 
f 98//98 99//99 93//93 
f 93//93 99//99 94//94 
f 99//99 100//100 94//94 
f 94//94 100//100 95//95 
f 100//100 101//101 95//95 
f 95//95 101//101 96//96 
f 101//101 102//102 96//96 
f 96//96 102//102 102//102 
f 102//102 97//97 102//102 
f 102//102 97//97 97//97 
f 97//97 103//103 97//97 
f 97//97 103//103 98//98 
f 103//103 104//104 98//98 
f 98//98 104//104 99//99 
f 104//104 105//105 99//99 
f 99//99 105//105 100//100 
f 105//105 106//106 100//100 
f 100//100 106//106 101//101 
f 106//106 107//107 101//101 
f 101//101 107//107 102//102 
f 107//107 37//37 102//102 
f 102//102 37//37 37//37 
f 37//37 108//108 37//37 
f 37//37 108//108 108//108 
f 108//108 109//109 108//108 
f 108//108 109//109 110//110 
f 109//109 111//111 110//110 
f 110//110 111//111 112//112 
f 111//111 113//113 112//112 
f 112//112 113//113 114//114 
f 113//113 115//115 114//114 
f 114//114 115//115 116//116 
f 115//115 117//117 116//116 
f 116//116 117//117 118//118 
f 117//117 119//119 118//118 
f 118//118 119//119 119//119 
f 119//119 109//109 119//119 
f 119//119 109//109 109//109 
f 109//109 120//120 109//109 
f 109//109 120//120 111//111 
f 120//120 121//121 111//111 
f 111//111 121//121 113//113 
f 121//121 122//122 113//113 
f 113//113 122//122 115//115 
f 122//122 123//123 115//115 
f 115//115 123//123 117//117 
f 123//123 124//124 117//117 
f 117//117 124//124 119//119 
f 124//124 125//125 119//119 
f 119//119 125//125 125//125 
f 125//125 120//120 125//125 
f 125//125 120//120 120//120 
f 120//120 126//126 120//120 
f 120//120 126//126 121//121 
f 126//126 127//127 121//121 
f 121//121 127//127 122//122 
f 127//127 128//128 122//122 
f 122//122 128//128 123//123 
f 128//128 129//129 123//123 
f 123//123 129//129 124//124 
f 129//129 130//130 124//124 
f 124//124 130//130 125//125 
f 130//130 131//131 125//125 
f 125//125 131//131 131//131 
f 131//131 126//126 131//131 
f 131//131 126//126 126//126 
f 126//126 132//132 126//126 
f 126//126 132//132 127//127 
f 132//132 133//133 127//127 
f 127//127 133//133 128//128 
f 133//133 134//134 128//128 
f 128//128 134//134 129//129 
f 134//134 135//135 129//129 
f 129//129 135//135 130//130 
f 135//135 136//136 130//130 
f 130//130 136//136 131//131 
f 136//136 137//137 131//131 
f 131//131 137//137 137//137 
f 137//137 132//132 137//137 
f 137//137 132//132 132//132 
f 132//132 138//138 132//132 
f 132//132 138//138 133//133 
f 138//138 139//139 133//133 
f 133//133 139//139 134//134 
f 139//139 140//140 134//134 
f 134//134 140//140 135//135 
f 140//140 141//141 135//135 
f 135//135 141//141 136//136 
f 141//141 142//142 136//136 
f 136//136 142//142 137//137 
f 142//142 143//143 137//137 
f 137//137 143//143 143//143 
f 143//143 144//144 143//143 
f 143//143 144//144 144//144 
f 144//144 145//145 144//144 
f 144//144 145//145 146//146 
f 145//145 147//147 146//146 
f 146//146 147//147 148//148 
f 147//147 149//149 148//148 
f 148//148 149//149 150//150 
f 149//149 151//151 150//150 
f 150//150 151//151 152//152 
f 151//151 153//153 152//152 
f 152//152 153//153 83//83 
f 153//153 154//154 83//83 
f 83//83 154//154 154//154 
f 154//154 145//145 154//154 
f 154//154 145//145 145//145 
f 145//145 155//155 145//145 
f 145//145 155//155 147//147 
f 155//155 156//156 147//147 
f 147//147 156//156 149//149 
f 156//156 157//157 149//149 
f 149//149 157//157 151//151 
f 157//157 158//158 151//151 
f 151//151 158//158 153//153 
f 158//158 159//159 153//153 
f 153//153 159//159 154//154 
f 159//159 160//160 154//154 
f 154//154 160//160 160//160 
f 160//160 155//155 160//160 
f 160//160 155//155 155//155 
f 155//155 161//161 155//155 
f 155//155 161//161 156//156 
f 161//161 162//162 156//156 
f 156//156 162//162 157//157 
f 162//162 163//163 157//157 
f 157//157 163//163 158//158 
f 163//163 164//164 158//158 
f 158//158 164//164 159//159 
f 164//164 165//165 159//159 
f 159//159 165//165 160//160 
f 165//165 166//166 160//160 
f 160//160 166//166 166//166 
f 166//166 161//161 166//166 
f 166//166 161//161 161//161 
f 161//161 167//167 161//161 
f 161//161 167//167 162//162 
f 167//167 168//168 162//162 
f 162//162 168//168 163//163 
f 168//168 169//169 163//163 
f 163//163 169//169 164//164 
f 169//169 170//170 164//164 
f 164//164 170//170 165//165 
f 170//170 171//171 165//165 
f 165//165 171//171 166//166 
f 171//171 172//172 166//166 
f 166//166 172//172 172//172 
f 172//172 167//167 172//172 
f 172//172 167//167 167//167 
f 167//167 173//173 167//167 
f 167//167 173//173 168//168 
f 173//173 174//174 168//168 
f 168//168 174//174 169//169 
f 174//174 175//175 169//169 
f 169//169 175//175 170//170 
f 175//175 176//176 170//170 
f 170//170 176//176 171//171 
f 176//176 177//177 171//171 
f 171//171 177//177 172//172 
f 177//177 178//178 172//172 
f 172//172 178//178 178//178 
f 178//178 179//179 178//178 
f 178//178 179//179 179//179 
f 179//179 180//180 179//179 
f 179//179 180//180 181//181 
f 180//180 182//182 181//181 
f 181//181 182//182 183//183 
f 182//182 184//184 183//183 
f 183//183 184//184 185//185 
f 184//184 186//186 185//185 
f 185//185 186//186 187//187 
f 186//186 188//188 187//187 
f 187//187 188//188 47//47 
f 188//188 189//189 47//47 
f 47//47 189//189 189//189 
f 189//189 180//180 189//189 
f 189//189 180//180 180//180 
f 180//180 190//190 180//180 
f 180//180 190//190 182//182 
f 190//190 191//191 182//182 
f 182//182 191//191 184//184 
f 191//191 192//192 184//184 
f 184//184 192//192 186//186 
f 192//192 193//193 186//186 
f 186//186 193//193 188//188 
f 193//193 194//194 188//188 
f 188//188 194//194 189//189 
f 194//194 195//195 189//189 
f 189//189 195//195 195//195 
f 195//195 190//190 195//195 
f 195//195 190//190 190//190 
f 190//190 196//196 190//190 
f 190//190 196//196 191//191 
f 196//196 197//197 191//191 
f 191//191 197//197 192//192 
f 197//197 198//198 192//192 
f 192//192 198//198 193//193 
f 198//198 199//199 193//193 
f 193//193 199//199 194//194 
f 199//199 200//200 194//194 
f 194//194 200//200 195//195 
f 200//200 201//201 195//195 
f 195//195 201//201 201//201 
f 201//201 196//196 201//201 
f 201//201 196//196 196//196 
f 196//196 202//202 196//196 
f 196//196 202//202 197//197 
f 202//202 203//203 197//197 
f 197//197 203//203 198//198 
f 203//203 204//204 198//198 
f 198//198 204//204 199//199 
f 204//204 205//205 199//199 
f 199//199 205//205 200//200 
f 205//205 206//206 200//200 
f 200//200 206//206 201//201 
f 206//206 207//207 201//201 
f 201//201 207//207 207//207 
f 207//207 202//202 207//207 
f 207//207 202//202 202//202 
f 202//202 208//208 202//202 
f 202//202 208//208 203//203 
f 208//208 209//209 203//203 
f 203//203 209//209 204//204 
f 209//209 210//210 204//204 
f 204//204 210//210 205//205 
f 210//210 211//211 205//205 
f 205//205 211//211 206//206 
f 211//211 212//212 206//206 
f 206//206 212//212 207//207 
f 212//212 144//144 207//207 
f 207//207 144//144 144//144 
f 144//144 213//213 144//144 
f 144//144 213//213 213//213 
f 213//213 214//214 213//213 
f 213//213 214//214 215//215 
f 214//214 216//216 215//215 
f 215//215 216//216 217//217 
f 216//216 218//218 217//217 
f 217//217 218//218 218//218 
f 218//218 214//214 218//218 
f 218//218 214//214 214//214 
f 214//214 219//219 214//214 
f 214//214 219//219 216//216 
f 219//219 220//220 216//216 
f 216//216 220//220 218//218 
f 220//220 221//221 218//218 
f 218//218 221//221 221//221 
f 221//221 219//219 221//221 
f 221//221 219//219 219//219 
f 219//219 222//222 219//219 
f 219//219 222//222 220//220 
f 222//222 223//223 220//220 
f 220//220 223//223 221//221 
f 223//223 224//224 221//221 
f 221//221 224//224 224//224 
f 224//224 222//222 224//224 
f 224//224 222//222 222//222 
f 222//222 225//225 222//222 
f 222//222 225//225 223//223 
f 225//225 226//226 223//223 
f 223//223 226//226 224//224 
f 226//226 227//227 224//224 
f 224//224 227//227 227//227 
f 227//227 225//225 227//227 
f 227//227 225//225 225//225 
f 225//225 228//228 225//225 
f 225//225 228//228 226//226 
f 228//228 229//229 226//226 
f 226//226 229//229 227//227 
f 229//229 230//230 227//227 
f 227//227 230//230 230//230 
f 230//230 228//228 230//230 
f 230//230 228//228 228//228 
f 228//228 231//231 228//228 
f 228//228 231//231 229//229 
f 231//231 232//232 229//229 
f 229//229 232//232 230//230 
f 232//232 233//233 230//230 
f 230//230 233//233 233//233 
f 233//233 231//231 233//233 
f 233//233 231//231 231//231 
f 231//231 234//234 231//231 
f 231//231 234//234 232//232 
f 234//234 235//235 232//232 
f 232//232 235//235 233//233 
f 235//235 236//236 233//233 
f 233//233 236//236 236//236 
f 236//236 234//234 236//236 
f 236//236 234//234 234//234 
f 234//234 237//237 234//234 
f 234//234 237//237 235//235 
f 237//237 238//238 235//235 
f 235//235 238//238 236//236 
f 238//238 239//239 236//236 
f 236//236 239//239 239//239 
f 239//239 237//237 239//239 
f 239//239 237//237 237//237 
f 237//237 240//240 237//237 
f 237//237 240//240 238//238 
f 240//240 241//241 238//238 
f 238//238 241//241 239//239 
f 241//241 242//242 239//239 
f 239//239 242//242 242//242 
f 242//242 240//240 242//242 
f 242//242 240//240 240//240 
f 240//240 243//243 240//240 
f 240//240 243//243 241//241 
f 243//243 244//244 241//241 
f 241//241 244//244 242//242 
f 244//244 245//245 242//242 
f 242//242 245//245 245//245 
f 245//245 243//243 245//245 
f 245//245 243//243 243//243 
f 243//243 246//246 243//243 
f 243//243 246//246 244//244 
f 246//246 247//247 244//244 
f 244//244 247//247 245//245 
f 247//247 248//248 245//245 
f 245//245 248//248 248//248 
f 248//248 246//246 248//248 
f 248//248 246//246 246//246 
f 246//246 249//249 246//246 
f 246//246 249//249 247//247 
f 249//249 250//250 247//247 
f 247//247 250//250 248//248 
f 250//250 251//251 248//248 
f 248//248 251//251 251//251 
f 251//251 249//249 251//251 
f 251//251 249//249 249//249 
f 249//249 252//252 249//249 
f 249//249 252//252 250//250 
f 252//252 253//253 250//250 
f 250//250 253//253 251//251 
f 253//253 254//254 251//251 
f 251//251 254//254 254//254 
f 254//254 252//252 254//254 
f 254//254 252//252 252//252 
f 252//252 255//255 252//252 
f 252//252 255//255 253//253 
f 255//255 256//256 253//253 
f 253//253 256//256 254//254 
f 256//256 257//257 254//254 
f 254//254 257//257 257//257 
f 257//257 255//255 257//257 
f 257//257 255//255 255//255 
f 255//255 258//258 255//255 
f 255//255 258//258 256//256 
f 258//258 259//259 256//256 
f 256//256 259//259 257//257 
f 259//259 260//260 257//257 
f 257//257 260//260 260//260 
f 260//260 258//258 260//260 
f 260//260 258//258 258//258 
f 258//258 261//261 258//258 
f 258//258 261//261 259//259 
f 261//261 262//262 259//259 
f 259//259 262//262 260//260 
f 262//262 263//263 260//260 
f 260//260 263//263 263//263 
f 263//263 261//261 263//263 
f 263//263 261//261 261//261 
f 261//261 264//264 261//261 
f 261//261 264//264 262//262 
f 264//264 265//265 262//262 
f 262//262 265//265 263//263 
f 265//265 266//266 263//263 
f 263//263 266//266 266//266 
f 266//266 264//264 266//266 
f 266//266 264//264 264//264 
f 264//264 267//267 264//264 
f 264//264 267//267 265//265 
f 267//267 268//268 265//265 
f 265//265 268//268 266//266 
f 268//268 269//269 266//266 
f 266//266 269//269 269//269 
f 269//269 267//267 269//269 
f 269//269 267//267 267//267 
f 267//267 270//270 267//267 
f 267//267 270//270 268//268 
f 270//270 271//271 268//268 
f 268//268 271//271 269//269 
f 271//271 272//272 269//269 
f 269//269 272//272 272//272 
f 272//272 270//270 272//272 
f 272//272 270//270 270//270 
f 270//270 273//273 270//270 
f 270//270 273//273 271//271 
f 273//273 274//274 271//271 
f 271//271 274//274 272//272 
f 274//274 275//275 272//272 
f 272//272 275//275 275//275 
f 275//275 273//273 275//275 
f 275//275 273//273 273//273 
f 273//273 276//276 273//273 
f 273//273 276//276 274//274 
f 276//276 277//277 274//274 
f 274//274 277//277 275//275 
f 277//277 278//278 275//275 
f 275//275 278//278 278//278 
f 278//278 276//276 278//278 
f 278//278 276//276 276//276 
f 276//276 279//279 276//276 
f 276//276 279//279 277//277 
f 279//279 280//280 277//277 
f 277//277 280//280 278//278 
f 280//280 281//281 278//278 
f 278//278 281//281 281//281 
f 281//281 279//279 281//281 
f 281//281 279//279 279//279 
f 279//279 276//276 279//279 
f 279//279 276//276 282//282 
f 276//276 283//283 282//282 
f 282//282 283//283 284//284 
f 283//283 285//285 284//284 
f 284//284 285//285 286//286 
f 285//285 287//287 286//286 
f 286//286 287//287 288//288 
f 287//287 289//289 288//288 
f 288//288 289//289 289//289 
f 289//289 276//276 289//289 
f 289//289 276//276 276//276 
f 276//276 273//273 276//276 
f 276//276 273//273 283//283 
f 273//273 290//290 283//283 
f 283//283 290//290 285//285 
f 290//290 291//291 285//285 
f 285//285 291//291 287//287 
f 291//291 292//292 287//287 
f 287//287 292//292 289//289 
f 292//292 293//293 289//289 
f 289//289 293//293 293//293 
f 293//293 273//273 293//293 
f 293//293 273//273 273//273 
f 273//273 270//270 273//273 
f 273//273 270//270 290//290 
f 270//270 294//294 290//290 
f 290//290 294//294 291//291 
f 294//294 295//295 291//291 
f 291//291 295//295 292//292 
f 295//295 296//296 292//292 
f 292//292 296//296 293//293 
f 296//296 297//297 293//293 
f 293//293 297//297 297//297 
f 297//297 270//270 297//297 
f 297//297 270//270 270//270 
f 270//270 267//267 270//270 
f 270//270 267//267 294//294 
f 267//267 298//298 294//294 
f 294//294 298//298 295//295 
f 298//298 299//299 295//295 
f 295//295 299//299 299//299 
f 299//299 267//267 299//299 
f 299//299 267//267 267//267 
f 267//267 264//264 267//267 
f 267//267 264//264 298//298 
f 264//264 300//300 298//298 
f 298//298 300//300 299//299 
f 300//300 301//301 299//299 
f 299//299 301//301 301//301 
f 301//301 264//264 301//301 
f 301//301 264//264 264//264 
f 264//264 302//302 264//264 
f 264//264 302//302 300//300 
f 302//302 303//303 300//300 
f 300//300 303//303 301//301 
f 303//303 304//304 301//301 
f 301//301 304//304 304//304 
f 304//304 302//302 304//304 
f 304//304 302//302 302//302 
f 302//302 305//305 302//302 
f 302//302 305//305 303//303 
f 305//305 306//306 303//303 
f 303//303 306//306 304//304 
f 306//306 307//307 304//304 
f 304//304 307//307 307//307 
f 307//307 305//305 307//307 
f 307//307 305//305 305//305 
f 305//305 308//308 305//305 
f 305//305 308//308 306//306 
f 308//308 309//309 306//306 
f 306//306 309//309 307//307 
f 309//309 310//310 307//307 
f 307//307 310//310 310//310 
f 310//310 308//308 310//310 
f 310//310 308//308 308//308 
f 308//308 311//311 308//308 
f 308//308 311//311 309//309 
f 311//311 312//312 309//309 
f 309//309 312//312 310//310 
f 312//312 313//313 310//310 
f 310//310 313//313 313//313 
f 313//313 311//311 313//313 
f 313//313 311//311 311//311 
f 311//311 314//314 311//311 
f 311//311 314//314 312//312 
f 314//314 315//315 312//312 
f 312//312 315//315 313//313 
f 315//315 316//316 313//313 
f 313//313 316//316 316//316 
f 316//316 314//314 316//316 
f 316//316 314//314 314//314 
f 314//314 317//317 314//314 
f 314//314 317//317 315//315 
f 317//317 318//318 315//315 
f 315//315 318//318 316//316 
f 318//318 319//319 316//316 
f 316//316 319//319 319//319 
f 319//319 317//317 319//319 
f 319//319 317//317 317//317 
f 317//317 320//320 317//317 
f 317//317 320//320 318//318 
f 320//320 321//321 318//318 
f 318//318 321//321 319//319 
f 321//321 322//322 319//319 
f 319//319 322//322 322//322 
f 322//322 320//320 322//322 
f 322//322 320//320 320//320 
f 320//320 323//323 320//320 
f 320//320 323//323 321//321 
f 323//323 324//324 321//321 
f 321//321 324//324 322//322 
f 324//324 325//325 322//322 
f 322//322 325//325 325//325 
f 325//325 323//323 325//325 
f 325//325 323//323 323//323 
f 323//323 326//326 323//323 
f 323//323 326//326 324//324 
f 326//326 327//327 324//324 
f 324//324 327//327 325//325 
f 327//327 328//328 325//325 
f 325//325 328//328 328//328 
f 328//328 326//326 328//328 
f 328//328 326//326 326//326 
f 326//326 329//329 326//326 
f 326//326 329//329 327//327 
f 329//329 330//330 327//327 
f 327//327 330//330 328//328 
f 330//330 331//331 328//328 
f 328//328 331//331 332//332 
f 331//331 333//333 332//332 
f 332//332 333//333 334//334 
f 333//333 335//335 334//334 
f 334//334 335//335 335//335 
f 335//335 329//329 335//335 
f 335//335 329//329 329//329 
f 329//329 231//231 329//329 
f 329//329 231//231 330//330 
f 231//231 336//336 330//330 
f 330//330 336//336 331//331 
f 336//336 337//337 331//331 
f 331//331 337//337 333//333 
f 337//337 338//338 333//333 
f 333//333 338//338 335//335 
f 338//338 339//339 335//335 
f 335//335 339//339 339//339 
f 339//339 231//231 339//339 
f 339//339 231//231 231//231 
f 231//231 228//228 231//231 
f 231//231 228//228 336//336 
f 228//228 340//340 336//336 
f 336//336 340//340 337//337 
f 340//340 341//341 337//337 
f 337//337 341//341 338//338 
f 341//341 342//342 338//338 
f 338//338 342//342 339//339 
f 342//342 343//343 339//339 
f 339//339 343//343 343//343 
f 343//343 228//228 343//343 
f 343//343 228//228 228//228 
f 228//228 225//225 228//228 
f 228//228 225//225 340//340 
f 225//225 344//344 340//340 
f 340//340 344//344 341//341 
f 344//344 345//345 341//341 
f 341//341 345//345 342//342 
f 345//345 346//346 342//342 
f 342//342 346//346 343//343 
f 346//346 347//347 343//343 
f 343//343 347//347 347//347 
f 347//347 225//225 347//347 
f 347//347 225//225 225//225 
f 225//225 222//222 225//225 
f 225//225 222//222 344//344 
f 222//222 348//348 344//344 
f 344//344 348//348 345//345 
f 348//348 349//349 345//345 
f 345//345 349//349 349//349 
f 349//349 222//222 349//349 
f 349//349 222//222 222//222 
f 222//222 219//219 222//222 
f 222//222 219//219 348//348 
f 219//219 350//350 348//348 
f 348//348 350//350 349//349 
f 350//350 351//351 349//349 
f 349//349 351//351 351//351 
f 351//351 352//352 351//351 
f 351//351 352//352 352//352 
f 352//352 353//353 352//352 
f 352//352 353//353 354//354 
f 353//353 355//355 354//354 
f 354//354 355//355 356//356 
f 355//355 357//357 356//356 
f 356//356 357//357 358//358 
f 357//357 359//359 358//358 
f 358//358 359//359 360//360 
f 359//359 361//361 360//360 
f 360//360 361//361 362//362 
f 361//361 363//363 362//362 
f 362//362 363//363 364//364 
f 363//363 365//365 364//364 
f 364//364 365//365 366//366 
f 365//365 367//367 366//366 
f 366//366 367//367 368//368 
f 367//367 369//369 368//368 
f 368//368 369//369 370//370 
f 369//369 371//371 370//370 
f 370//370 371//371 372//372 
f 371//371 373//373 372//372 
f 372//372 373//373 374//374 
f 373//373 375//375 374//374 
f 374//374 375//375 376//376 
f 375//375 377//377 376//376 
f 376//376 377//377 378//378 
f 377//377 379//379 378//378 
f 378//378 379//379 380//380 
f 379//379 381//381 380//380 
f 380//380 381//381 382//382 
f 381//381 383//383 382//382 
f 382//382 383//383 384//384 
f 383//383 385//385 384//384 
f 384//384 385//385 386//386 
f 385//385 387//387 386//386 
f 386//386 387//387 388//388 
f 387//387 389//389 388//388 
f 388//388 389//389 390//390 
f 389//389 391//391 390//390 
f 390//390 391//391 392//392 
f 391//391 393//393 392//392 
f 392//392 393//393 394//394 
f 393//393 395//395 394//394 
f 394//394 395//395 396//396 
f 395//395 397//397 396//396 
f 396//396 397//397 398//398 
f 397//397 399//399 398//398 
f 398//398 399//399 400//400 
f 399//399 401//401 400//400 
f 400//400 401//401 401//401 
f 401//401 402//402 401//401 
f 401//401 402//402 402//402 
f 402//402 403//403 402//402 
f 402//402 403//403 404//404 
f 403//403 405//405 404//404 
f 404//404 405//405 406//406 
f 405//405 407//407 406//406 
f 406//406 407//407 408//408 
f 407//407 409//409 408//408 
f 408//408 409//409 410//410 
f 409//409 411//411 410//410 
f 410//410 411//411 412//412 
f 411//411 413//413 412//412 
f 412//412 413//413 414//414 
f 413//413 415//415 414//414 
f 414//414 415//415 416//416 
f 415//415 417//417 416//416 
f 416//416 417//417 418//418 
f 417//417 419//419 418//418 
f 418//418 419//419 420//420 
f 419//419 421//421 420//420 
f 420//420 421//421 422//422 
f 421//421 423//423 422//422 
f 422//422 423//423 424//424 
f 423//423 425//425 424//424 
f 424//424 425//425 426//426 
f 425//425 427//427 426//426 
f 426//426 427//427 428//428 
f 427//427 429//429 428//428 
f 428//428 429//429 430//430 
f 429//429 431//431 430//430 
f 430//430 431//431 432//432 
f 431//431 433//433 432//432 
f 432//432 433//433 434//434 
f 433//433 435//435 434//434 
f 434//434 435//435 436//436 
f 435//435 437//437 436//436 
f 436//436 437//437 438//438 
f 437//437 439//439 438//438 
f 438//438 439//439 440//440 
f 439//439 441//441 440//440 
f 440//440 441//441 442//442 
f 441//441 443//443 442//442 
f 442//442 443//443 444//444 
f 443//443 445//445 444//444 
f 444//444 445//445 446//446 
f 445//445 447//447 446//446 
f 446//446 447//447 448//448 
f 447//447 449//449 448//448 
f 448//448 449//449 450//450 
f 449//449 451//451 450//450 
f 450//450 451//451 451//451 
f 451//451 295//295 451//451 
f 451//451 295//295 295//295 
f 295//295 452//452 295//295 
f 295//295 452//452 296//296 
f 452//452 453//453 296//296 
f 296//296 453//453 297//297 
f 453//453 454//454 297//297 
f 297//297 454//454 454//454 
f 454//454 452//452 454//454 
f 454//454 452//452 452//452 
f 452//452 455//455 452//452 
f 452//452 455//455 453//453 
f 455//455 456//456 453//453 
f 453//453 456//456 454//454 
f 456//456 457//457 454//454 
f 454//454 457//457 457//457 
f 457//457 455//455 457//457 
f 457//457 455//455 455//455 
f 455//455 458//458 455//455 
f 455//455 458//458 456//456 
f 458//458 459//459 456//456 
f 456//456 459//459 457//457 
f 459//459 460//460 457//457 
f 457//457 460//460 460//460 
f 460//460 458//458 460//460 
f 460//460 458//458 458//458 
f 458//458 461//461 458//458 
f 458//458 461//461 459//459 
f 461//461 462//462 459//459 
f 459//459 462//462 460//460 
f 462//462 463//463 460//460 
f 460//460 463//463 463//463 
f 463//463 461//461 463//463 
f 463//463 461//461 461//461 
f 461//461 464//464 461//461 
f 461//461 464//464 462//462 
f 464//464 465//465 462//462 
f 462//462 465//465 463//463 
f 465//465 466//466 463//463 
f 463//463 466//466 466//466 
f 466//466 464//464 466//466 
f 466//466 464//464 464//464 
f 464//464 467//467 464//464 
f 464//464 467//467 465//465 
f 467//467 468//468 465//465 
f 465//465 468//468 466//466 
f 468//468 469//469 466//466 
f 466//466 469//469 469//469 
f 469//469 467//467 469//469 
f 469//469 467//467 467//467 
f 467//467 470//470 467//467 
f 467//467 470//470 468//468 
f 470//470 471//471 468//468 
f 468//468 471//471 469//469 
f 471//471 472//472 469//469 
f 469//469 472//472 472//472 
f 472//472 470//470 472//472 
f 472//472 470//470 470//470 
f 470//470 473//473 470//470 
f 470//470 473//473 471//471 
f 473//473 474//474 471//471 
f 471//471 474//474 472//472 
f 474//474 475//475 472//472 
f 472//472 475//475 475//475 
f 475//475 473//473 475//475 
f 475//475 473//473 473//473 
f 473//473 476//476 473//473 
f 473//473 476//476 474//474 
f 476//476 477//477 474//474 
f 474//474 477//477 475//475 
f 477//477 478//478 475//475 
f 475//475 478//478 478//478 
f 478//478 476//476 478//478 
f 478//478 476//476 476//476 
f 476//476 479//479 476//476 
f 476//476 479//479 477//477 
f 479//479 480//480 477//477 
f 477//477 480//480 478//478 
f 480//480 481//481 478//478 
f 478//478 481//481 481//481 
f 481//481 479//479 481//481 
f 481//481 479//479 479//479 
f 479//479 328//328 479//479 
f 479//479 328//328 480//480 
f 328//328 332//332 480//480 
f 480//480 332//332 481//481 
f 332//332 334//334 481//481 
f 481//481 334//334 334//334 
f 334//334 482//482 334//334 
f 334//334 482//482 482//482 
f 482//482 483//483 482//482 
f 482//482 483//483 484//484 
f 483//483 485//485 484//484 
f 484//484 485//485 486//486 
f 485//485 487//487 486//486 
f 486//486 487//487 488//488 
f 487//487 489//489 488//488 
f 488//488 489//489 490//490 
f 489//489 491//491 490//490 
f 490//490 491//491 491//491 
f 491//491 483//483 491//491 
f 491//491 483//483 483//483 
f 483//483 492//492 483//483 
f 483//483 492//492 485//485 
f 492//492 493//493 485//485 
f 485//485 493//493 487//487 
f 493//493 494//494 487//487 
f 487//487 494//494 489//489 
f 494//494 495//495 489//489 
f 489//489 495//495 491//491 
f 495//495 496//496 491//491 
f 491//491 496//496 496//496 
f 496//496 492//492 496//496 
f 496//496 492//492 492//492 
f 492//492 497//497 492//492 
f 492//492 497//497 493//493 
f 497//497 498//498 493//493 
f 493//493 498//498 494//494 
f 498//498 499//499 494//494 
f 494//494 499//499 495//495 
f 499//499 500//500 495//495 
f 495//495 500//500 496//496 
f 500//500 501//501 496//496 
f 496//496 501//501 501//501 
f 501//501 497//497 501//501 
f 501//501 497//497 497//497 
f 497//497 502//502 497//497 
f 497//497 502//502 498//498 
f 502//502 503//503 498//498 
f 498//498 503//503 499//499 
f 503//503 504//504 499//499 
f 499//499 504//504 500//500 
f 504//504 505//505 500//500 
f 500//500 505//505 501//501 
f 505//505 506//506 501//501 
f 501//501 506//506 506//506 
f 506//506 504//504 506//506 
f 506//506 504//504 504//504 
f 504//504 507//507 504//504 
f 504//504 507//507 505//505 
f 507//507 508//508 505//505 
f 505//505 508//508 506//506 
f 508//508 509//509 506//506 
f 506//506 509//509 509//509 
f 509//509 507//507 509//509 
f 509//509 507//507 507//507 
f 507//507 510//510 507//507 
f 507//507 510//510 508//508 
f 510//510 511//511 508//508 
f 508//508 511//511 509//509 
f 511//511 512//512 509//509 
f 509//509 512//512 512//512 
f 512//512 510//510 512//512 
f 512//512 510//510 510//510 
f 510//510 513//513 510//510 
f 510//510 513//513 511//511 
f 513//513 514//514 511//511 
f 511//511 514//514 512//512 
f 514//514 515//515 512//512 
f 512//512 515//515 515//515 
f 515//515 513//513 515//515 
f 515//515 513//513 513//513 
f 513//513 516//516 513//513 
f 513//513 516//516 514//514 
f 516//516 517//517 514//514 
f 514//514 517//517 515//515 
f 517//517 518//518 515//515 
f 515//515 518//518 518//518 
f 518//518 516//516 518//518 
f 518//518 516//516 516//516 
f 516//516 519//519 516//516 
f 516//516 519//519 517//517 
f 519//519 520//520 517//517 
f 517//517 520//520 518//518 
f 520//520 521//521 518//518 
f 518//518 521//521 521//521 
f 521//521 519//519 521//521 
f 521//521 519//519 519//519 
f 519//519 522//522 519//519 
f 519//519 522//522 520//520 
f 522//522 523//523 520//520 
f 520//520 523//523 521//521 
f 523//523 524//524 521//521 
f 521//521 524//524 524//524 
f 524//524 522//522 524//524 
f 524//524 522//522 522//522 
f 522//522 525//525 522//522 
f 522//522 525//525 523//523 
f 525//525 526//526 523//523 
f 523//523 526//526 524//524 
f 526//526 527//527 524//524 
f 524//524 527//527 527//527 
f 527//527 525//525 527//527 
f 527//527 525//525 525//525 
f 525//525 528//528 525//525 
f 525//525 528//528 526//526 
f 528//528 529//529 526//526 
f 526//526 529//529 527//527 
f 529//529 530//530 527//527 
f 527//527 530//530 530//530 
f 530//530 528//528 530//530 
f 530//530 528//528 528//528 
f 528//528 531//531 528//528 
f 528//528 531//531 529//529 
f 531//531 532//532 529//529 
f 529//529 532//532 530//530 
f 532//532 533//533 530//530 
f 530//530 533//533 533//533 
f 533//533 531//531 533//533 
f 533//533 531//531 531//531 
f 531//531 534//534 531//531 
f 531//531 534//534 532//532 
f 534//534 535//535 532//532 
f 532//532 535//535 533//533 
f 535//535 536//536 533//533 
f 533//533 536//536 536//536 
f 536//536 534//534 536//536 
f 536//536 534//534 534//534 
f 534//534 537//537 534//534 
f 534//534 537//537 535//535 
f 537//537 538//538 535//535 
f 535//535 538//538 536//536 
f 538//538 539//539 536//536 
f 536//536 539//539 539//539 
f 539//539 537//537 539//539 
f 539//539 537//537 537//537 
f 537//537 540//540 537//537 
f 537//537 540//540 538//538 
f 540//540 541//541 538//538 
f 538//538 541//541 539//539 
f 541//541 542//542 539//539 
f 539//539 542//542 542//542 
f 542//542 540//540 542//542 
f 542//542 540//540 540//540 
f 540//540 543//543 540//540 
f 540//540 543//543 541//541 
f 543//543 544//544 541//541 
f 541//541 544//544 542//542 
f 544//544 545//545 542//542 
f 542//542 545//545 545//545 
f 545//545 543//543 545//545 
f 545//545 543//543 543//543 
f 543//543 546//546 543//543 
f 543//543 546//546 544//544 
f 546//546 547//547 544//544 
f 544//544 547//547 545//545 
f 547//547 548//548 545//545 
f 545//545 548//548 548//548 
f 548//548 546//546 548//548 
f 548//548 546//546 546//546 
f 546//546 549//549 546//546 
f 546//546 549//549 547//547 
f 549//549 550//550 547//547 
f 547//547 550//550 548//548 
f 550//550 551//551 548//548 
f 548//548 551//551 551//551 
f 551//551 549//549 551//551 
f 551//551 549//549 549//549 
f 549//549 552//552 549//549 
f 549//549 552//552 550//550 
f 552//552 553//553 550//550 
f 550//550 553//553 551//551 
f 553//553 554//554 551//551 
f 551//551 554//554 554//554 
f 554//554 552//552 554//554 
f 554//554 552//552 552//552 
f 552//552 549//549 552//552 
f 552//552 549//549 555//555 
f 549//549 556//556 555//555 
f 555//555 556//556 557//557 
f 556//556 558//558 557//557 
f 557//557 558//558 559//559 
f 558//558 560//560 559//559 
f 559//559 560//560 561//561 
f 560//560 562//562 561//561 
f 561//561 562//562 562//562 
f 562//562 549//549 562//562 
f 562//562 549//549 549//549 
f 549//549 546//546 549//549 
f 549//549 546//546 556//556 
f 546//546 563//563 556//556 
f 556//556 563//563 558//558 
f 563//563 564//564 558//558 
f 558//558 564//564 560//560 
f 564//564 565//565 560//560 
f 560//560 565//565 562//562 
f 565//565 566//566 562//562 
f 562//562 566//566 566//566 
f 566//566 546//546 566//566 
f 566//566 546//546 546//546 
f 546//546 543//543 546//546 
f 546//546 543//543 563//563 
f 543//543 567//567 563//563 
f 563//563 567//567 564//564 
f 567//567 568//568 564//564 
f 564//564 568//568 568//568 
f 568//568 543//543 568//568 
f 568//568 543//543 543//543 
f 543//543 540//540 543//543 
f 543//543 540//540 567//567 
f 540//540 569//569 567//567 
f 567//567 569//569 568//568 
f 569//569 570//570 568//568 
f 568//568 570//570 570//570 
f 570//570 540//540 570//570 
f 570//570 540//540 540//540 
f 540//540 571//571 540//540 
f 540//540 571//571 569//569 
f 571//571 572//572 569//569 
f 569//569 572//572 570//570 
f 572//572 573//573 570//570 
f 570//570 573//573 573//573 
f 573//573 571//571 573//573 
f 573//573 571//571 571//571 
f 571//571 574//574 571//571 
f 571//571 574//574 572//572 
f 574//574 575//575 572//572 
f 572//572 575//575 573//573 
f 575//575 576//576 573//573 
f 573//573 576//576 576//576 
f 576//576 574//574 576//576 
f 576//576 574//574 574//574 
f 574//574 577//577 574//574 
f 574//574 577//577 575//575 
f 577//577 578//578 575//575 
f 575//575 578//578 576//576 
f 578//578 579//579 576//576 
f 576//576 579//579 579//579 
f 579//579 577//577 579//579 
f 579//579 577//577 577//577 
f 577//577 580//580 577//577 
f 577//577 580//580 578//578 
f 580//580 581//581 578//578 
f 578//578 581//581 579//579 
f 581//581 582//582 579//579 
f 579//579 582//582 582//582 
f 582//582 580//580 582//582 
f 582//582 580//580 580//580 
f 580//580 583//583 580//580 
f 580//580 583//583 581//581 
f 583//583 584//584 581//581 
f 581//581 584//584 582//582 
f 584//584 585//585 582//582 
f 582//582 585//585 585//585 
f 585//585 583//583 585//585 
f 585//585 583//583 583//583 
f 583//583 586//586 583//583 
f 583//583 586//586 584//584 
f 586//586 587//587 584//584 
f 584//584 587//587 585//585 
f 587//587 588//588 585//585 
f 585//585 588//588 588//588 
f 588//588 586//586 588//588 
f 588//588 586//586 586//586 
f 586//586 589//589 586//586 
f 586//586 589//589 587//587 
f 589//589 590//590 587//587 
f 587//587 590//590 588//588 
f 590//590 591//591 588//588 
f 588//588 591//591 591//591 
f 591//591 589//589 591//591 
f 591//591 589//589 589//589 
f 589//589 592//592 589//589 
f 589//589 592//592 590//590 
f 592//592 593//593 590//590 
f 590//590 593//593 591//591 
f 593//593 594//594 591//591 
f 591//591 594//594 594//594 
f 594//594 592//592 594//594 
f 594//594 592//592 592//592 
f 592//592 595//595 592//592 
f 592//592 595//595 593//593 
f 595//595 596//596 593//593 
f 593//593 596//596 594//594 
f 596//596 597//597 594//594 
f 594//594 597//597 597//597 
f 597//597 595//595 597//597 
f 597//597 595//595 595//595 
f 595//595 598//598 595//595 
f 595//595 598//598 596//596 
f 598//598 599//599 596//596 
f 596//596 599//599 597//597 
f 599//599 600//600 597//597 
f 597//597 600//600 600//600 
f 600//600 598//598 600//600 
f 600//600 598//598 598//598 
f 598//598 601//601 598//598 
f 598//598 601//601 599//599 
f 601//601 602//602 599//599 
f 599//599 602//602 600//600 
f 602//602 603//603 600//600 
f 600//600 603//603 604//604 
f 603//603 605//605 604//604 
f 604//604 605//605 606//606 
f 605//605 607//607 606//606 
f 606//606 607//607 607//607 
f 607//607 601//601 607//607 
f 607//607 601//601 601//601 
f 601//601 504//504 601//601 
f 601//601 504//504 602//602 
f 504//504 503//503 602//602 
f 602//602 503//503 603//603 
f 503//503 502//502 603//603 
f 603//603 502//502 605//605 
f 502//502 608//608 605//605 
f 605//605 608//608 607//607 
f 608//608 609//609 607//607 
f 607//607 609//609 609//609 
f 609//609 502//502 609//609 
f 609//609 502//502 502//502 
f 502//502 497//497 502//502 
f 502//502 497//497 608//608 
f 497//497 610//610 608//608 
f 608//608 610//610 609//609 
f 610//610 611//611 609//609 
f 609//609 611//611 611//611 
f 611//611 497//497 611//611 
f 611//611 497//497 497//497 
f 497//497 492//492 497//497 
f 497//497 492//492 610//610 
f 492//492 612//612 610//610 
f 610//610 612//612 611//611 
f 612//612 613//613 611//611 
f 611//611 613//613 613//613 
f 613//613 490//490 613//613 
f 613//613 490//490 490//490 
f 490//490 614//614 490//490 
f 490//490 614//614 488//488 
f 614//614 615//615 488//488 
f 488//488 615//615 486//486 
f 615//615 616//616 486//486 
f 486//486 616//616 616//616 
f 616//616 614//614 616//616 
f 616//616 614//614 614//614 
f 614//614 617//617 614//614 
f 614//614 617//617 615//615 
f 617//617 618//618 615//615 
f 615//615 618//618 616//616 
f 618//618 619//619 616//616 
f 616//616 619//619 619//619 
f 619//619 561//561 619//619 
f 619//619 561//561 561//561 
f 561//561 620//620 561//561 
f 561//561 620//620 559//559 
f 620//620 621//621 559//559 
f 559//559 621//621 557//557 
f 621//621 622//622 557//557 
f 557//557 622//622 555//555 
f 622//622 623//623 555//555 
f 555//555 623//623 552//552 
f 623//623 624//624 552//552 
f 552//552 624//624 624//624 
f 624//624 620//620 624//624 
f 624//624 620//620 620//620 
f 620//620 625//625 620//620 
f 620//620 625//625 621//621 
f 625//625 626//626 621//621 
f 621//621 626//626 622//622 
f 626//626 627//627 622//622 
f 622//622 627//627 623//623 
f 627//627 628//628 623//623 
f 623//623 628//628 624//624 
f 628//628 629//629 624//624 
f 624//624 629//629 629//629 
f 629//629 625//625 629//629 
f 629//629 625//625 625//625 
f 625//625 630//630 625//625 
f 625//625 630//630 626//626 
f 630//630 631//631 626//626 
f 626//626 631//631 627//627 
f 631//631 632//632 627//627 
f 627//627 632//632 632//632 
f 632//632 630//630 632//632 
f 632//632 630//630 630//630 
f 630//630 633//633 630//630 
f 630//630 633//633 631//631 
f 633//633 634//634 631//631 
f 631//631 634//634 632//632 
f 634//634 635//635 632//632 
f 632//632 635//635 635//635 
f 635//635 606//606 635//635 
f 635//635 606//606 606//606 
f 606//606 636//636 606//606 
f 606//606 636//636 604//604 
f 636//636 637//637 604//604 
f 604//604 637//637 600//600 
f 637//637 638//638 600//600 
f 600//600 638//638 638//638 
f 638//638 636//636 638//638 
f 638//638 636//636 636//636 
f 636//636 639//639 636//636 
f 636//636 639//639 637//637 
f 639//639 640//640 637//637 
f 637//637 640//640 638//638 
f 640//640 641//641 638//638 
f 638//638 641//641 641//641 
f 641//641 639//639 641//641 
f 641//641 639//639 639//639 
f 639//639 642//642 639//639 
f 639//639 642//642 640//640 
f 642//642 643//643 640//640 
f 640//640 643//643 641//641 
f 643//643 644//644 641//641 
f 641//641 644//644 644//644 
f 644//644 642//642 644//644 
f 644//644 642//642 642//642 
f 642//642 645//645 642//642 
f 642//642 645//645 643//643 
f 645//645 646//646 643//643 
f 643//643 646//646 644//644 
f 646//646 647//647 644//644 
f 644//644 647//647 647//647 
f 647//647 645//645 647//647 
f 647//647 645//645 645//645 
f 645//645 648//648 645//645 
f 645//645 648//648 646//646 
f 648//648 649//649 646//646 
f 646//646 649//649 647//647 
f 649//649 650//650 647//647 
f 647//647 650//650 650//650 
f 650//650 648//648 650//650 
f 650//650 648//648 648//648 
f 648//648 651//651 648//648 
f 648//648 651//651 649//649 
f 651//651 652//652 649//649 
f 649//649 652//652 650//650 
f 652//652 653//653 650//650 
f 650//650 653//653 653//653 
f 653//653 651//651 653//653 
f 653//653 651//651 651//651 
f 651//651 654//654 651//651 
f 651//651 654//654 652//652 
f 654//654 655//655 652//652 
f 652//652 655//655 653//653 
f 655//655 656//656 653//653 
f 653//653 656//656 656//656 
f 656//656 654//654 656//656 
f 656//656 654//654 654//654 
f 654//654 657//657 654//654 
f 654//654 657//657 655//655 
f 657//657 658//658 655//655 
f 655//655 658//658 656//656 
f 658//658 659//659 656//656 
f 656//656 659//659 659//659 
f 659//659 657//657 659//659 
f 659//659 657//657 657//657 
f 657//657 660//660 657//657 
f 657//657 660//660 658//658 
f 660//660 661//661 658//658 
f 658//658 661//661 659//659 
f 661//661 662//662 659//659 
f 659//659 662//662 662//662 
f 662//662 660//660 662//662 
f 662//662 660//660 660//660 
f 660//660 663//663 660//660 
f 660//660 663//663 661//661 
f 663//663 664//664 661//661 
f 661//661 664//664 662//662 
f 664//664 665//665 662//662 
f 662//662 665//665 665//665 
f 665//665 663//663 665//665 
f 665//665 663//663 663//663 
f 663//663 666//666 663//663 
f 663//663 666//666 664//664 
f 666//666 667//667 664//664 
f 664//664 667//667 665//665 
f 667//667 668//668 665//665 
f 665//665 668//668 668//668 
f 668//668 666//666 668//668 
f 668//668 666//666 666//666 
f 666//666 566//566 666//666 
f 666//666 566//566 667//667 
f 566//566 565//565 667//667 
f 667//667 565//565 668//668 
f 565//565 564//564 668//668 
f 668//668 564//564 564//564 
f 564//564 669//669 564//564 
f 564//564 669//669 669//669 
f 669//669 670//670 669//669 
f 669//669 670//670 671//671 
f 670//670 672//672 671//671 
f 671//671 672//672 673//673 
f 672//672 674//674 673//673 
f 673//673 674//674 674//674 
f 674//674 672//672 674//674 
f 674//674 672//672 675//675 
f 672//672 676//676 675//675 
f 675//675 676//676 677//677 
f 676//676 678//678 677//677 
f 677//677 678//678 282//282 
f 678//678 279//279 282//282 
f 282//282 279//279 279//279 
f 279//279 282//282 279//279 
f 279//279 282//282 282//282 
f 282//282 284//284 282//282 
f 282//282 284//284 677//677 
f 284//284 679//679 677//677 
f 677//677 679//679 675//675 
f 679//679 680//680 675//675 
f 675//675 680//680 674//674 
f 680//680 674//674 674//674 
f 674//674 674//674 680//680 
f 674//674 680//680 680//680 
f 680//680 680//680 680//680 
f 680//680 679//679 680//680 
f 680//680 679//679 681//681 
f 679//679 286//286 681//681 
f 681//681 286//286 288//288 
f 286//286 288//288 288//288 
f 288//288 288//288 279//279 
f 288//288 279//279 279//279 
f 279//279 279//279 279//279 
f 279//279 678//678 279//279 
f 279//279 678//678 682//682 
f 678//678 683//683 682//682 
f 682//682 683//683 684//684 
f 683//683 684//684 684//684 
f 684//684 684//684 685//685 
f 684//684 685//685 685//685 
f 685//685 685//685 685//685 
f 685//685 686//686 685//685 
f 685//685 686//686 687//687 
f 686//686 688//688 687//687 
f 687//687 688//688 689//689 
f 688//688 690//690 689//689 
f 689//689 690//690 691//691 
f 690//690 692//692 691//691 
f 691//691 692//692 693//693 
f 692//692 694//694 693//693 
f 693//693 694//694 695//695 
f 694//694 696//696 695//695 
f 695//695 696//696 696//696 
f 696//696 686//686 696//696 
f 696//696 686//686 686//686 
f 686//686 697//697 686//686 
f 686//686 697//697 688//688 
f 697//697 698//698 688//688 
f 688//688 698//698 690//690 
f 698//698 699//699 690//690 
f 690//690 699//699 692//692 
f 699//699 700//700 692//692 
f 692//692 700//700 694//694 
f 700//700 701//701 694//694 
f 694//694 701//701 696//696 
f 701//701 702//702 696//696 
f 696//696 702//702 702//702 
f 702//702 697//697 702//702 
f 702//702 697//697 697//697 
f 697//697 703//703 697//697 
f 697//697 703//703 698//698 
f 703//703 704//704 698//698 
f 698//698 704//704 699//699 
f 704//704 705//705 699//699 
f 699//699 705//705 700//700 
f 705//705 706//706 700//700 
f 700//700 706//706 701//701 
f 706//706 707//707 701//701 
f 701//701 707//707 702//702 
f 707//707 708//708 702//702 
f 702//702 708//708 708//708 
f 708//708 703//703 708//708 
f 708//708 703//703 703//703 
f 703//703 709//709 703//703 
f 703//703 709//709 704//704 
f 709//709 710//710 704//704 
f 704//704 710//710 705//705 
f 710//710 711//711 705//705 
f 705//705 711//711 706//706 
f 711//711 712//712 706//706 
f 706//706 712//712 707//707 
f 712//712 713//713 707//707 
f 707//707 713//713 708//708 
f 713//713 714//714 708//708 
f 708//708 714//714 714//714 
f 714//714 709//709 714//714 
f 714//714 709//709 709//709 
f 709//709 715//715 709//709 
f 709//709 715//715 710//710 
f 715//715 716//716 710//710 
f 710//710 716//716 711//711 
f 716//716 717//717 711//711 
f 711//711 717//717 712//712 
f 717//717 718//718 712//712 
f 712//712 718//718 713//713 
f 718//718 719//719 713//713 
f 713//713 719//719 714//714 
f 719//719 720//720 714//714 
f 714//714 720//720 720//720 
f 720//720 721//721 720//720 
f 720//720 721//721 721//721 
f 721//721 722//722 721//721 
f 721//721 722//722 723//723 
f 722//722 724//724 723//723 
f 723//723 724//724 725//725 
f 724//724 726//726 725//725 
f 725//725 726//726 727//727 
f 726//726 728//728 727//727 
f 727//727 728//728 729//729 
f 728//728 730//730 729//729 
f 729//729 730//730 731//731 
f 730//730 732//732 731//731 
f 731//731 732//732 732//732 
f 732//732 722//722 732//732 
f 732//732 722//722 722//722 
f 722//722 733//733 722//722 
f 722//722 733//733 724//724 
f 733//733 734//734 724//724 
f 724//724 734//734 726//726 
f 734//734 735//735 726//726 
f 726//726 735//735 728//728 
f 735//735 736//736 728//728 
f 728//728 736//736 730//730 
f 736//736 737//737 730//730 
f 730//730 737//737 732//732 
f 737//737 738//738 732//732 
f 732//732 738//738 738//738 
f 738//738 733//733 738//738 
f 738//738 733//733 733//733 
f 733//733 739//739 733//733 
f 733//733 739//739 734//734 
f 739//739 740//740 734//734 
f 734//734 740//740 735//735 
f 740//740 741//741 735//735 
f 735//735 741//741 736//736 
f 741//741 742//742 736//736 
f 736//736 742//742 737//737 
f 742//742 743//743 737//737 
f 737//737 743//743 738//738 
f 743//743 744//744 738//738 
f 738//738 744//744 744//744 
f 744//744 739//739 744//744 
f 744//744 739//739 739//739 
f 739//739 745//745 739//739 
f 739//739 745//745 740//740 
f 745//745 746//746 740//740 
f 740//740 746//746 741//741 
f 746//746 747//747 741//741 
f 741//741 747//747 742//742 
f 747//747 748//748 742//742 
f 742//742 748//748 743//743 
f 748//748 749//749 743//743 
f 743//743 749//749 744//744 
f 749//749 750//750 744//744 
f 744//744 750//750 750//750 
f 750//750 745//745 750//750 
f 750//750 745//745 745//745 
f 745//745 751//751 745//745 
f 745//745 751//751 746//746 
f 751//751 752//752 746//746 
f 746//746 752//752 747//747 
f 752//752 753//753 747//747 
f 747//747 753//753 748//748 
f 753//753 754//754 748//748 
f 748//748 754//754 749//749 
f 754//754 755//755 749//749 
f 749//749 755//755 750//750 
f 755//755 756//756 750//750 
f 750//750 756//756 756//756 
f 756//756 757//757 756//756 
f 756//756 757//757 757//757 
f 757//757 758//758 757//757 
f 757//757 758//758 759//759 
f 758//758 760//760 759//759 
f 759//759 760//760 761//761 
f 760//760 762//762 761//761 
f 761//761 762//762 763//763 
f 762//762 764//764 763//763 
f 763//763 764//764 765//765 
f 764//764 766//766 765//765 
f 765//765 766//766 767//767 
f 766//766 768//768 767//767 
f 767//767 768//768 768//768 
f 768//768 758//758 768//768 
f 768//768 758//758 758//758 
f 758//758 769//769 758//758 
f 758//758 769//769 760//760 
f 769//769 770//770 760//760 
f 760//760 770//770 762//762 
f 770//770 771//771 762//762 
f 762//762 771//771 764//764 
f 771//771 772//772 764//764 
f 764//764 772//772 766//766 
f 772//772 773//773 766//766 
f 766//766 773//773 768//768 
f 773//773 774//774 768//768 
f 768//768 774//774 774//774 
f 774//774 769//769 774//774 
f 774//774 769//769 769//769 
f 769//769 775//775 769//769 
f 769//769 775//775 770//770 
f 775//775 776//776 770//770 
f 770//770 776//776 771//771 
f 776//776 777//777 771//771 
f 771//771 777//777 772//772 
f 777//777 778//778 772//772 
f 772//772 778//778 773//773 
f 778//778 779//779 773//773 
f 773//773 779//779 774//774 
f 779//779 780//780 774//774 
f 774//774 780//780 780//780 
f 780//780 775//775 780//780 
f 780//780 775//775 775//775 
f 775//775 781//781 775//775 
f 775//775 781//781 776//776 
f 781//781 782//782 776//776 
f 776//776 782//782 777//777 
f 782//782 783//783 777//777 
f 777//777 783//783 778//778 
f 783//783 784//784 778//778 
f 778//778 784//784 779//779 
f 784//784 785//785 779//779 
f 779//779 785//785 780//780 
f 785//785 786//786 780//780 
f 780//780 786//786 786//786 
f 786//786 781//781 786//786 
f 786//786 781//781 781//781 
f 781//781 787//787 781//781 
f 781//781 787//787 782//782 
f 787//787 788//788 782//782 
f 782//782 788//788 783//783 
f 788//788 789//789 783//783 
f 783//783 789//789 784//784 
f 789//789 790//790 784//784 
f 784//784 790//790 785//785 
f 790//790 791//791 785//785 
f 785//785 791//791 786//786 
f 791//791 721//721 786//786 
f 786//786 721//721 721//721 
f 721//721 792//792 721//721 
f 721//721 792//792 792//792 
f 792//792 793//793 792//792 
f 792//792 793//793 794//794 
f 793//793 795//795 794//794 
f 794//794 795//795 796//796 
f 795//795 797//797 796//796 
f 796//796 797//797 798//798 
f 797//797 799//799 798//798 
f 798//798 799//799 800//800 
f 799//799 801//801 800//800 
f 800//800 801//801 802//802 
f 801//801 803//803 802//802 
f 802//802 803//803 803//803 
f 803//803 793//793 803//803 
f 803//803 793//793 793//793 
f 793//793 804//804 793//793 
f 793//793 804//804 795//795 
f 804//804 805//805 795//795 
f 795//795 805//805 797//797 
f 805//805 806//806 797//797 
f 797//797 806//806 799//799 
f 806//806 807//807 799//799 
f 799//799 807//807 801//801 
f 807//807 808//808 801//801 
f 801//801 808//808 803//803 
f 808//808 809//809 803//803 
f 803//803 809//809 809//809 
f 809//809 804//804 809//809 
f 809//809 804//804 804//804 
f 804//804 810//810 804//804 
f 804//804 810//810 805//805 
f 810//810 811//811 805//805 
f 805//805 811//811 806//806 
f 811//811 812//812 806//806 
f 806//806 812//812 807//807 
f 812//812 813//813 807//807 
f 807//807 813//813 808//808 
f 813//813 814//814 808//808 
f 808//808 814//814 809//809 
f 814//814 815//815 809//809 
f 809//809 815//815 815//815 
f 815//815 810//810 815//815 
f 815//815 810//810 810//810 
f 810//810 816//816 810//810 
f 810//810 816//816 811//811 
f 816//816 817//817 811//811 
f 811//811 817//817 812//812 
f 817//817 818//818 812//812 
f 812//812 818//818 813//813 
f 818//818 819//819 813//813 
f 813//813 819//819 814//814 
f 819//819 820//820 814//814 
f 814//814 820//820 815//815 
f 820//820 821//821 815//815 
f 815//815 821//821 821//821 
f 821//821 816//816 821//821 
f 821//821 816//816 816//816 
f 816//816 822//822 816//816 
f 816//816 822//822 817//817 
f 822//822 823//823 817//817 
f 817//817 823//823 818//818 
f 823//823 824//824 818//818 
f 818//818 824//824 819//819 
f 824//824 825//825 819//819 
f 819//819 825//825 820//820 
f 825//825 826//826 820//820 
f 820//820 826//826 821//821 
f 826//826 827//827 821//821 
f 821//821 827//827 827//827 
f 827//827 828//828 827//827 
f 827//827 828//828 828//828 
f 828//828 829//829 828//828 
f 828//828 829//829 830//830 
f 829//829 831//831 830//830 
f 830//830 831//831 832//832 
f 831//831 833//833 832//832 
f 832//832 833//833 834//834 
f 833//833 835//835 834//834 
f 834//834 835//835 836//836 
f 835//835 837//837 836//836 
f 836//836 837//837 767//767 
f 837//837 838//838 767//767 
f 767//767 838//838 838//838 
f 838//838 829//829 838//838 
f 838//838 829//829 829//829 
f 829//829 839//839 829//829 
f 829//829 839//839 831//831 
f 839//839 840//840 831//831 
f 831//831 840//840 833//833 
f 840//840 841//841 833//833 
f 833//833 841//841 835//835 
f 841//841 842//842 835//835 
f 835//835 842//842 837//837 
f 842//842 843//843 837//837 
f 837//837 843//843 838//838 
f 843//843 844//844 838//838 
f 838//838 844//844 844//844 
f 844//844 839//839 844//844 
f 844//844 839//839 839//839 
f 839//839 845//845 839//839 
f 839//839 845//845 840//840 
f 845//845 846//846 840//840 
f 840//840 846//846 841//841 
f 846//846 847//847 841//841 
f 841//841 847//847 842//842 
f 847//847 848//848 842//842 
f 842//842 848//848 843//843 
f 848//848 849//849 843//843 
f 843//843 849//849 844//844 
f 849//849 850//850 844//844 
f 844//844 850//850 850//850 
f 850//850 845//845 850//850 
f 850//850 845//845 845//845 
f 845//845 851//851 845//845 
f 845//845 851//851 846//846 
f 851//851 852//852 846//846 
f 846//846 852//852 847//847 
f 852//852 853//853 847//847 
f 847//847 853//853 848//848 
f 853//853 854//854 848//848 
f 848//848 854//854 849//849 
f 854//854 855//855 849//849 
f 849//849 855//855 850//850 
f 855//855 856//856 850//850 
f 850//850 856//856 856//856 
f 856//856 851//851 856//856 
f 856//856 851//851 851//851 
f 851//851 857//857 851//851 
f 851//851 857//857 852//852 
f 857//857 858//858 852//852 
f 852//852 858//858 853//853 
f 858//858 859//859 853//853 
f 853//853 859//859 854//854 
f 859//859 860//860 854//854 
f 854//854 860//860 855//855 
f 860//860 861//861 855//855 
f 855//855 861//861 856//856 
f 861//861 862//862 856//856 
f 856//856 862//862 862//862 
f 862//862 863//863 862//862 
f 862//862 863//863 863//863 
f 863//863 864//864 863//863 
f 863//863 864//864 865//865 
f 864//864 866//866 865//865 
f 865//865 866//866 867//867 
f 866//866 868//868 867//867 
f 867//867 868//868 869//869 
f 868//868 870//870 869//869 
f 869//869 870//870 871//871 
f 870//870 872//872 871//871 
f 871//871 872//872 731//731 
f 872//872 873//873 731//731 
f 731//731 873//873 873//873 
f 873//873 864//864 873//873 
f 873//873 864//864 864//864 
f 864//864 874//874 864//864 
f 864//864 874//874 866//866 
f 874//874 875//875 866//866 
f 866//866 875//875 868//868 
f 875//875 876//876 868//868 
f 868//868 876//876 870//870 
f 876//876 877//877 870//870 
f 870//870 877//877 872//872 
f 877//877 878//878 872//872 
f 872//872 878//878 873//873 
f 878//878 879//879 873//873 
f 873//873 879//879 879//879 
f 879//879 874//874 879//879 
f 879//879 874//874 874//874 
f 874//874 880//880 874//874 
f 874//874 880//880 875//875 
f 880//880 881//881 875//875 
f 875//875 881//881 876//876 
f 881//881 882//882 876//876 
f 876//876 882//882 877//877 
f 882//882 883//883 877//877 
f 877//877 883//883 878//878 
f 883//883 884//884 878//878 
f 878//878 884//884 879//879 
f 884//884 885//885 879//879 
f 879//879 885//885 885//885 
f 885//885 880//880 885//885 
f 885//885 880//880 880//880 
f 880//880 886//886 880//880 
f 880//880 886//886 881//881 
f 886//886 887//887 881//881 
f 881//881 887//887 882//882 
f 887//887 888//888 882//882 
f 882//882 888//888 883//883 
f 888//888 889//889 883//883 
f 883//883 889//889 884//884 
f 889//889 890//890 884//884 
f 884//884 890//890 885//885 
f 890//890 891//891 885//885 
f 885//885 891//891 891//891 
f 891//891 886//886 891//891 
f 891//891 886//886 886//886 
f 886//886 892//892 886//886 
f 886//886 892//892 887//887 
f 892//892 893//893 887//887 
f 887//887 893//893 888//888 
f 893//893 894//894 888//888 
f 888//888 894//894 889//889 
f 894//894 895//895 889//889 
f 889//889 895//895 890//890 
f 895//895 896//896 890//890 
f 890//890 896//896 891//891 
f 896//896 828//828 891//891 
f 891//891 828//828 828//828 
f 828//828 897//897 828//828 
f 828//828 897//897 897//897 
f 897//897 898//898 897//897 
f 897//897 898//898 899//899 
f 898//898 900//900 899//899 
f 899//899 900//900 901//901 
f 900//900 902//902 901//901 
f 901//901 902//902 903//903 
f 902//902 904//904 903//903 
f 903//903 904//904 905//905 
f 904//904 906//906 905//905 
f 905//905 906//906 907//907 
f 906//906 908//908 907//907 
f 907//907 908//908 908//908 
f 908//908 898//898 908//908 
f 908//908 898//898 898//898 
f 898//898 909//909 898//898 
f 898//898 909//909 900//900 
f 909//909 910//910 900//900 
f 900//900 910//910 902//902 
f 910//910 911//911 902//902 
f 902//902 911//911 904//904 
f 911//911 912//912 904//904 
f 904//904 912//912 906//906 
f 912//912 913//913 906//906 
f 906//906 913//913 908//908 
f 913//913 914//914 908//908 
f 908//908 914//914 914//914 
f 914//914 909//909 914//914 
f 914//914 909//909 909//909 
f 909//909 915//915 909//909 
f 909//909 915//915 910//910 
f 915//915 916//916 910//910 
f 910//910 916//916 911//911 
f 916//916 917//917 911//911 
f 911//911 917//917 912//912 
f 917//917 918//918 912//912 
f 912//912 918//918 913//913 
f 918//918 919//919 913//913 
f 913//913 919//919 914//914 
f 919//919 920//920 914//914 
f 914//914 920//920 920//920 
f 920//920 915//915 920//920 
f 920//920 915//915 915//915 
f 915//915 921//921 915//915 
f 915//915 921//921 916//916 
f 921//921 922//922 916//916 
f 916//916 922//922 917//917 
f 922//922 923//923 917//917 
f 917//917 923//923 918//918 
f 923//923 924//924 918//918 
f 918//918 924//924 919//919 
f 924//924 925//925 919//919 
f 919//919 925//925 920//920 
f 925//925 926//926 920//920 
f 920//920 926//926 926//926 
f 926//926 921//921 926//926 
f 926//926 921//921 921//921 
f 921//921 927//927 921//921 
f 921//921 927//927 922//922 
f 927//927 928//928 922//922 
f 922//922 928//928 923//923 
f 928//928 929//929 923//923 
f 923//923 929//929 924//924 
f 929//929 930//930 924//924 
f 924//924 930//930 925//925 
f 930//930 931//931 925//925 
f 925//925 931//931 926//926 
f 931//931 932//932 926//926 
f 926//926 932//932 932//932 
f 932//932 933//933 932//932 
f 932//932 933//933 933//933 
f 933//933 934//934 933//933 
f 933//933 934//934 935//935 
f 934//934 936//936 935//935 
f 935//935 936//936 937//937 
f 936//936 938//938 937//937 
f 937//937 938//938 939//939 
f 938//938 940//940 939//939 
f 939//939 940//940 941//941 
f 940//940 942//942 941//941 
f 941//941 942//942 943//943 
f 942//942 944//944 943//943 
f 943//943 944//944 944//944 
f 944//944 934//934 944//944 
f 944//944 934//934 934//934 
f 934//934 945//945 934//934 
f 934//934 945//945 936//936 
f 945//945 946//946 936//936 
f 936//936 946//946 938//938 
f 946//946 947//947 938//938 
f 938//938 947//947 940//940 
f 947//947 948//948 940//940 
f 940//940 948//948 942//942 
f 948//948 949//949 942//942 
f 942//942 949//949 944//944 
f 949//949 950//950 944//944 
f 944//944 950//950 950//950 
f 950//950 945//945 950//950 
f 950//950 945//945 945//945 
f 945//945 951//951 945//945 
f 945//945 951//951 946//946 
f 951//951 952//952 946//946 
f 946//946 952//952 947//947 
f 952//952 953//953 947//947 
f 947//947 953//953 948//948 
f 953//953 954//954 948//948 
f 948//948 954//954 949//949 
f 954//954 955//955 949//949 
f 949//949 955//955 950//950 
f 955//955 956//956 950//950 
f 950//950 956//956 956//956 
f 956//956 951//951 956//956 
f 956//956 951//951 951//951 
f 951//951 957//957 951//951 
f 951//951 957//957 952//952 
f 957//957 958//958 952//952 
f 952//952 958//958 953//953 
f 958//958 959//959 953//953 
f 953//953 959//959 954//954 
f 959//959 960//960 954//954 
f 954//954 960//960 955//955 
f 960//960 961//961 955//955 
f 955//955 961//961 956//956 
f 961//961 962//962 956//956 
f 956//956 962//962 962//962 
f 962//962 957//957 962//962 
f 962//962 957//957 957//957 
f 957//957 963//963 957//957 
f 957//957 963//963 958//958 
f 963//963 964//964 958//958 
f 958//958 964//964 959//959 
f 964//964 965//965 959//959 
f 959//959 965//965 960//960 
f 965//965 966//966 960//960 
f 960//960 966//966 961//961 
f 966//966 967//967 961//961 
f 961//961 967//967 962//962 
f 967//967 968//968 962//962 
f 962//962 968//968 968//968 
f 968//968 969//969 968//968 
f 968//968 969//969 969//969 
f 969//969 970//970 969//969 
f 969//969 970//970 971//971 
f 970//970 972//972 971//971 
f 971//971 972//972 973//973 
f 972//972 974//974 973//973 
f 973//973 974//974 975//975 
f 974//974 976//976 975//975 
f 975//975 976//976 977//977 
f 976//976 978//978 977//977 
f 977//977 978//978 979//979 
f 978//978 980//980 979//979 
f 979//979 980//980 980//980 
f 980//980 970//970 980//980 
f 980//980 970//970 970//970 
f 970//970 981//981 970//970 
f 970//970 981//981 972//972 
f 981//981 982//982 972//972 
f 972//972 982//982 974//974 
f 982//982 983//983 974//974 
f 974//974 983//983 976//976 
f 983//983 984//984 976//976 
f 976//976 984//984 978//978 
f 984//984 985//985 978//978 
f 978//978 985//985 980//980 
f 985//985 986//986 980//980 
f 980//980 986//986 986//986 
f 986//986 981//981 986//986 
f 986//986 981//981 981//981 
f 981//981 987//987 981//981 
f 981//981 987//987 982//982 
f 987//987 988//988 982//982 
f 982//982 988//988 983//983 
f 988//988 989//989 983//983 
f 983//983 989//989 984//984 
f 989//989 990//990 984//984 
f 984//984 990//990 985//985 
f 990//990 991//991 985//985 
f 985//985 991//991 986//986 
f 991//991 992//992 986//986 
f 986//986 992//992 992//992 
f 992//992 987//987 992//992 
f 992//992 987//987 987//987 
f 987//987 993//993 987//987 
f 987//987 993//993 988//988 
f 993//993 994//994 988//988 
f 988//988 994//994 989//989 
f 994//994 995//995 989//989 
f 989//989 995//995 990//990 
f 995//995 996//996 990//990 
f 990//990 996//996 991//991 
f 996//996 997//997 991//991 
f 991//991 997//997 992//992 
f 997//997 998//998 992//992 
f 992//992 998//998 998//998 
f 998//998 993//993 998//998 
f 998//998 993//993 993//993 
f 993//993 999//999 993//993 
f 993//993 999//999 994//994 
f 999//999 1000//1000 994//994 
f 994//994 1000//1000 995//995 
f 1000//1000 1001//1001 995//995 
f 995//995 1001//1001 996//996 
f 1001//1001 1002//1002 996//996 
f 996//996 1002//1002 997//997 
f 1002//1002 1003//1003 997//997 
f 997//997 1003//1003 998//998 
f 1003//1003 933//933 998//998 
f 998//998 933//933 933//933 
f 933//933 1004//1004 933//933 
f 933//933 1004//1004 1004//1004 
f 1004//1004 1005//1005 1004//1004 
f 1004//1004 1005//1005 1006//1006 
f 1005//1005 1007//1007 1006//1006 
f 1006//1006 1007//1007 1008//1008 
f 1007//1007 1009//1009 1008//1008 
f 1008//1008 1009//1009 1010//1010 
f 1009//1009 1011//1011 1010//1010 
f 1010//1010 1011//1011 1012//1012 
f 1011//1011 1013//1013 1012//1012 
f 1012//1012 1013//1013 1014//1014 
f 1013//1013 1015//1015 1014//1014 
f 1014//1014 1015//1015 1015//1015 
f 1015//1015 1005//1005 1015//1015 
f 1015//1015 1005//1005 1005//1005 
f 1005//1005 1016//1016 1005//1005 
f 1005//1005 1016//1016 1007//1007 
f 1016//1016 1017//1017 1007//1007 
f 1007//1007 1017//1017 1009//1009 
f 1017//1017 1018//1018 1009//1009 
f 1009//1009 1018//1018 1011//1011 
f 1018//1018 1019//1019 1011//1011 
f 1011//1011 1019//1019 1013//1013 
f 1019//1019 1020//1020 1013//1013 
f 1013//1013 1020//1020 1015//1015 
f 1020//1020 1021//1021 1015//1015 
f 1015//1015 1021//1021 1021//1021 
f 1021//1021 1016//1016 1021//1021 
f 1021//1021 1016//1016 1016//1016 
f 1016//1016 1022//1022 1016//1016 
f 1016//1016 1022//1022 1017//1017 
f 1022//1022 1023//1023 1017//1017 
f 1017//1017 1023//1023 1018//1018 
f 1023//1023 1024//1024 1018//1018 
f 1018//1018 1024//1024 1019//1019 
f 1024//1024 1025//1025 1019//1019 
f 1019//1019 1025//1025 1020//1020 
f 1025//1025 1026//1026 1020//1020 
f 1020//1020 1026//1026 1021//1021 
f 1026//1026 1027//1027 1021//1021 
f 1021//1021 1027//1027 1027//1027 
f 1027//1027 1022//1022 1027//1027 
f 1027//1027 1022//1022 1022//1022 
f 1022//1022 1028//1028 1022//1022 
f 1022//1022 1028//1028 1023//1023 
f 1028//1028 1029//1029 1023//1023 
f 1023//1023 1029//1029 1024//1024 
f 1029//1029 1030//1030 1024//1024 
f 1024//1024 1030//1030 1025//1025 
f 1030//1030 1031//1031 1025//1025 
f 1025//1025 1031//1031 1026//1026 
f 1031//1031 1032//1032 1026//1026 
f 1026//1026 1032//1032 1027//1027 
f 1032//1032 1033//1033 1027//1027 
f 1027//1027 1033//1033 1033//1033 
f 1033//1033 1028//1028 1033//1033 
f 1033//1033 1028//1028 1028//1028 
f 1028//1028 1034//1034 1028//1028 
f 1028//1028 1034//1034 1029//1029 
f 1034//1034 1035//1035 1029//1029 
f 1029//1029 1035//1035 1030//1030 
f 1035//1035 1036//1036 1030//1030 
f 1030//1030 1036//1036 1031//1031 
f 1036//1036 1037//1037 1031//1031 
f 1031//1031 1037//1037 1032//1032 
f 1037//1037 1038//1038 1032//1032 
f 1032//1032 1038//1038 1033//1033 
f 1038//1038 1039//1039 1033//1033 
f 1033//1033 1039//1039 1039//1039 
f 1039//1039 1040//1040 1039//1039 
f 1039//1039 1040//1040 1040//1040 
f 1040//1040 1041//1041 1040//1040 
f 1040//1040 1041//1041 1042//1042 
f 1041//1041 1043//1043 1042//1042 
f 1042//1042 1043//1043 1044//1044 
f 1043//1043 1045//1045 1044//1044 
f 1044//1044 1045//1045 1046//1046 
f 1045//1045 1047//1047 1046//1046 
f 1046//1046 1047//1047 1048//1048 
f 1047//1047 1049//1049 1048//1048 
f 1048//1048 1049//1049 979//979 
f 1049//1049 1050//1050 979//979 
f 979//979 1050//1050 1050//1050 
f 1050//1050 1041//1041 1050//1050 
f 1050//1050 1041//1041 1041//1041 
f 1041//1041 1051//1051 1041//1041 
f 1041//1041 1051//1051 1043//1043 
f 1051//1051 1052//1052 1043//1043 
f 1043//1043 1052//1052 1045//1045 
f 1052//1052 1053//1053 1045//1045 
f 1045//1045 1053//1053 1047//1047 
f 1053//1053 1054//1054 1047//1047 
f 1047//1047 1054//1054 1049//1049 
f 1054//1054 1055//1055 1049//1049 
f 1049//1049 1055//1055 1050//1050 
f 1055//1055 1056//1056 1050//1050 
f 1050//1050 1056//1056 1056//1056 
f 1056//1056 1051//1051 1056//1056 
f 1056//1056 1051//1051 1051//1051 
f 1051//1051 1057//1057 1051//1051 
f 1051//1051 1057//1057 1052//1052 
f 1057//1057 1058//1058 1052//1052 
f 1052//1052 1058//1058 1053//1053 
f 1058//1058 1059//1059 1053//1053 
f 1053//1053 1059//1059 1054//1054 
f 1059//1059 1060//1060 1054//1054 
f 1054//1054 1060//1060 1055//1055 
f 1060//1060 1061//1061 1055//1055 
f 1055//1055 1061//1061 1056//1056 
f 1061//1061 1062//1062 1056//1056 
f 1056//1056 1062//1062 1062//1062 
f 1062//1062 1057//1057 1062//1062 
f 1062//1062 1057//1057 1057//1057 
f 1057//1057 1063//1063 1057//1057 
f 1057//1057 1063//1063 1058//1058 
f 1063//1063 1064//1064 1058//1058 
f 1058//1058 1064//1064 1059//1059 
f 1064//1064 1065//1065 1059//1059 
f 1059//1059 1065//1065 1060//1060 
f 1065//1065 1066//1066 1060//1060 
f 1060//1060 1066//1066 1061//1061 
f 1066//1066 1067//1067 1061//1061 
f 1061//1061 1067//1067 1062//1062 
f 1067//1067 1068//1068 1062//1062 
f 1062//1062 1068//1068 1068//1068 
f 1068//1068 1063//1063 1068//1068 
f 1068//1068 1063//1063 1063//1063 
f 1063//1063 1069//1069 1063//1063 
f 1063//1063 1069//1069 1064//1064 
f 1069//1069 1070//1070 1064//1064 
f 1064//1064 1070//1070 1065//1065 
f 1070//1070 1071//1071 1065//1065 
f 1065//1065 1071//1071 1066//1066 
f 1071//1071 1072//1072 1066//1066 
f 1066//1066 1072//1072 1067//1067 
f 1072//1072 1073//1073 1067//1067 
f 1067//1067 1073//1073 1068//1068 
f 1073//1073 1074//1074 1068//1068 
f 1068//1068 1074//1074 1074//1074 
f 1074//1074 1075//1075 1074//1074 
f 1074//1074 1075//1075 1075//1075 
f 1075//1075 1076//1076 1075//1075 
f 1075//1075 1076//1076 1077//1077 
f 1076//1076 1078//1078 1077//1077 
f 1077//1077 1078//1078 1079//1079 
f 1078//1078 1080//1080 1079//1079 
f 1079//1079 1080//1080 1081//1081 
f 1080//1080 1082//1082 1081//1081 
f 1081//1081 1082//1082 1083//1083 
f 1082//1082 1084//1084 1083//1083 
f 1083//1083 1084//1084 943//943 
f 1084//1084 1085//1085 943//943 
f 943//943 1085//1085 1085//1085 
f 1085//1085 1076//1076 1085//1085 
f 1085//1085 1076//1076 1076//1076 
f 1076//1076 1086//1086 1076//1076 
f 1076//1076 1086//1086 1078//1078 
f 1086//1086 1087//1087 1078//1078 
f 1078//1078 1087//1087 1080//1080 
f 1087//1087 1088//1088 1080//1080 
f 1080//1080 1088//1088 1082//1082 
f 1088//1088 1089//1089 1082//1082 
f 1082//1082 1089//1089 1084//1084 
f 1089//1089 1090//1090 1084//1084 
f 1084//1084 1090//1090 1085//1085 
f 1090//1090 1091//1091 1085//1085 
f 1085//1085 1091//1091 1091//1091 
f 1091//1091 1086//1086 1091//1091 
f 1091//1091 1086//1086 1086//1086 
f 1086//1086 1092//1092 1086//1086 
f 1086//1086 1092//1092 1087//1087 
f 1092//1092 1093//1093 1087//1087 
f 1087//1087 1093//1093 1088//1088 
f 1093//1093 1094//1094 1088//1088 
f 1088//1088 1094//1094 1089//1089 
f 1094//1094 1095//1095 1089//1089 
f 1089//1089 1095//1095 1090//1090 
f 1095//1095 1096//1096 1090//1090 
f 1090//1090 1096//1096 1091//1091 
f 1096//1096 1097//1097 1091//1091 
f 1091//1091 1097//1097 1097//1097 
f 1097//1097 1092//1092 1097//1097 
f 1097//1097 1092//1092 1092//1092 
f 1092//1092 1098//1098 1092//1092 
f 1092//1092 1098//1098 1093//1093 
f 1098//1098 1099//1099 1093//1093 
f 1093//1093 1099//1099 1094//1094 
f 1099//1099 1100//1100 1094//1094 
f 1094//1094 1100//1100 1095//1095 
f 1100//1100 1101//1101 1095//1095 
f 1095//1095 1101//1101 1096//1096 
f 1101//1101 1102//1102 1096//1096 
f 1096//1096 1102//1102 1097//1097 
f 1102//1102 1103//1103 1097//1097 
f 1097//1097 1103//1103 1103//1103 
f 1103//1103 1098//1098 1103//1103 
f 1103//1103 1098//1098 1098//1098 
f 1098//1098 1104//1104 1098//1098 
f 1098//1098 1104//1104 1099//1099 
f 1104//1104 1105//1105 1099//1099 
f 1099//1099 1105//1105 1100//1100 
f 1105//1105 1106//1106 1100//1100 
f 1100//1100 1106//1106 1101//1101 
f 1106//1106 1107//1107 1101//1101 
f 1101//1101 1107//1107 1102//1102 
f 1107//1107 1108//1108 1102//1102 
f 1102//1102 1108//1108 1103//1103 
f 1108//1108 1040//1040 1103//1103 
f 1103//1103 1040//1040 1040//1040 
f 1040//1040 1109//1109 1040//1040 
f 1040//1040 1109//1109 1109//1109 
f 1109//1109 1110//1110 1109//1109 
f 1109//1109 1110//1110 1111//1111 
f 1110//1110 1112//1112 1111//1111 
f 1111//1111 1112//1112 1113//1113 
f 1112//1112 1114//1114 1113//1113 
f 1113//1113 1114//1114 1115//1115 
f 1114//1114 1116//1116 1115//1115 
f 1115//1115 1116//1116 1117//1117 
f 1116//1116 1118//1118 1117//1117 
f 1117//1117 1118//1118 1119//1119 
f 1118//1118 1120//1120 1119//1119 
f 1119//1119 1120//1120 1120//1120 
f 1120//1120 1110//1110 1120//1120 
f 1120//1120 1110//1110 1110//1110 
f 1110//1110 1121//1121 1110//1110 
f 1110//1110 1121//1121 1112//1112 
f 1121//1121 1122//1122 1112//1112 
f 1112//1112 1122//1122 1114//1114 
f 1122//1122 1123//1123 1114//1114 
f 1114//1114 1123//1123 1116//1116 
f 1123//1123 1124//1124 1116//1116 
f 1116//1116 1124//1124 1118//1118 
f 1124//1124 1125//1125 1118//1118 
f 1118//1118 1125//1125 1120//1120 
f 1125//1125 1126//1126 1120//1120 
f 1120//1120 1126//1126 1126//1126 
f 1126//1126 1121//1121 1126//1126 
f 1126//1126 1121//1121 1121//1121 
f 1121//1121 1127//1127 1121//1121 
f 1121//1121 1127//1127 1122//1122 
f 1127//1127 1128//1128 1122//1122 
f 1122//1122 1128//1128 1123//1123 
f 1128//1128 1129//1129 1123//1123 
f 1123//1123 1129//1129 1124//1124 
f 1129//1129 1130//1130 1124//1124 
f 1124//1124 1130//1130 1125//1125 
f 1130//1130 1131//1131 1125//1125 
f 1125//1125 1131//1131 1126//1126 
f 1131//1131 1132//1132 1126//1126 
f 1126//1126 1132//1132 1132//1132 
f 1132//1132 1127//1127 1132//1132 
f 1132//1132 1127//1127 1127//1127 
f 1127//1127 1133//1133 1127//1127 
f 1127//1127 1133//1133 1128//1128 
f 1133//1133 1134//1134 1128//1128 
f 1128//1128 1134//1134 1129//1129 
f 1134//1134 1135//1135 1129//1129 
f 1129//1129 1135//1135 1130//1130 
f 1135//1135 1136//1136 1130//1130 
f 1130//1130 1136//1136 1131//1131 
f 1136//1136 1137//1137 1131//1131 
f 1131//1131 1137//1137 1132//1132 
f 1137//1137 1138//1138 1132//1132 
f 1132//1132 1138//1138 1138//1138 
f 1138//1138 1133//1133 1138//1138 
f 1138//1138 1133//1133 1133//1133 
f 1133//1133 1139//1139 1133//1133 
f 1133//1133 1139//1139 1134//1134 
f 1139//1139 1140//1140 1134//1134 
f 1134//1134 1140//1140 1135//1135 
f 1140//1140 1141//1141 1135//1135 
f 1135//1135 1141//1141 1136//1136 
f 1141//1141 1142//1142 1136//1136 
f 1136//1136 1142//1142 1137//1137 
f 1142//1142 1143//1143 1137//1137 
f 1137//1137 1143//1143 1138//1138 
f 1143//1143 1144//1144 1138//1138 
f 1138//1138 1144//1144 1144//1144 
f 1144//1144 1145//1145 1144//1144 
f 1144//1144 1145//1145 1145//1145 
f 1145//1145 1146//1146 1145//1145 
f 1145//1145 1146//1146 1147//1147 
f 1146//1146 1148//1148 1147//1147 
f 1147//1147 1148//1148 1149//1149 
f 1148//1148 1150//1150 1149//1149 
f 1149//1149 1150//1150 1151//1151 
f 1150//1150 1152//1152 1151//1151 
f 1151//1151 1152//1152 1153//1153 
f 1152//1152 1154//1154 1153//1153 
f 1153//1153 1154//1154 1155//1155 
f 1154//1154 1156//1156 1155//1155 
f 1155//1155 1156//1156 1156//1156 
f 1156//1156 1146//1146 1156//1156 
f 1156//1156 1146//1146 1146//1146 
f 1146//1146 1157//1157 1146//1146 
f 1146//1146 1157//1157 1148//1148 
f 1157//1157 1158//1158 1148//1148 
f 1148//1148 1158//1158 1150//1150 
f 1158//1158 1159//1159 1150//1150 
f 1150//1150 1159//1159 1152//1152 
f 1159//1159 1160//1160 1152//1152 
f 1152//1152 1160//1160 1154//1154 
f 1160//1160 1161//1161 1154//1154 
f 1154//1154 1161//1161 1156//1156 
f 1161//1161 1162//1162 1156//1156 
f 1156//1156 1162//1162 1162//1162 
f 1162//1162 1157//1157 1162//1162 
f 1162//1162 1157//1157 1157//1157 
f 1157//1157 1163//1163 1157//1157 
f 1157//1157 1163//1163 1158//1158 
f 1163//1163 1164//1164 1158//1158 
f 1158//1158 1164//1164 1159//1159 
f 1164//1164 1165//1165 1159//1159 
f 1159//1159 1165//1165 1160//1160 
f 1165//1165 1166//1166 1160//1160 
f 1160//1160 1166//1166 1161//1161 
f 1166//1166 1167//1167 1161//1161 
f 1161//1161 1167//1167 1162//1162 
f 1167//1167 1168//1168 1162//1162 
f 1162//1162 1168//1168 1168//1168 
f 1168//1168 1163//1163 1168//1168 
f 1168//1168 1163//1163 1163//1163 
f 1163//1163 1169//1169 1163//1163 
f 1163//1163 1169//1169 1164//1164 
f 1169//1169 1170//1170 1164//1164 
f 1164//1164 1170//1170 1165//1165 
f 1170//1170 1171//1171 1165//1165 
f 1165//1165 1171//1171 1166//1166 
f 1171//1171 1172//1172 1166//1166 
f 1166//1166 1172//1172 1167//1167 
f 1172//1172 1173//1173 1167//1167 
f 1167//1167 1173//1173 1168//1168 
f 1173//1173 1174//1174 1168//1168 
f 1168//1168 1174//1174 1174//1174 
f 1174//1174 1169//1169 1174//1174 
f 1174//1174 1169//1169 1169//1169 
f 1169//1169 1175//1175 1169//1169 
f 1169//1169 1175//1175 1170//1170 
f 1175//1175 1176//1176 1170//1170 
f 1170//1170 1176//1176 1171//1171 
f 1176//1176 1177//1177 1171//1171 
f 1171//1171 1177//1177 1172//1172 
f 1177//1177 1178//1178 1172//1172 
f 1172//1172 1178//1178 1173//1173 
f 1178//1178 1179//1179 1173//1173 
f 1173//1173 1179//1179 1174//1174 
f 1179//1179 1180//1180 1174//1174 
f 1174//1174 1180//1180 1180//1180 
f 1180//1180 1181//1181 1180//1180 
f 1180//1180 1181//1181 1181//1181 
f 1181//1181 1182//1182 1181//1181 
f 1181//1181 1182//1182 1183//1183 
f 1182//1182 1184//1184 1183//1183 
f 1183//1183 1184//1184 1185//1185 
f 1184//1184 1186//1186 1185//1185 
f 1185//1185 1186//1186 1187//1187 
f 1186//1186 1188//1188 1187//1187 
f 1187//1187 1188//1188 1189//1189 
f 1188//1188 1190//1190 1189//1189 
f 1189//1189 1190//1190 1191//1191 
f 1190//1190 1192//1192 1191//1191 
f 1191//1191 1192//1192 1192//1192 
f 1192//1192 1182//1182 1192//1192 
f 1192//1192 1182//1182 1182//1182 
f 1182//1182 1193//1193 1182//1182 
f 1182//1182 1193//1193 1184//1184 
f 1193//1193 1194//1194 1184//1184 
f 1184//1184 1194//1194 1186//1186 
f 1194//1194 1195//1195 1186//1186 
f 1186//1186 1195//1195 1188//1188 
f 1195//1195 1196//1196 1188//1188 
f 1188//1188 1196//1196 1190//1190 
f 1196//1196 1197//1197 1190//1190 
f 1190//1190 1197//1197 1192//1192 
f 1197//1197 1198//1198 1192//1192 
f 1192//1192 1198//1198 1198//1198 
f 1198//1198 1193//1193 1198//1198 
f 1198//1198 1193//1193 1193//1193 
f 1193//1193 1199//1199 1193//1193 
f 1193//1193 1199//1199 1194//1194 
f 1199//1199 1200//1200 1194//1194 
f 1194//1194 1200//1200 1195//1195 
f 1200//1200 1201//1201 1195//1195 
f 1195//1195 1201//1201 1196//1196 
f 1201//1201 1202//1202 1196//1196 
f 1196//1196 1202//1202 1197//1197 
f 1202//1202 1203//1203 1197//1197 
f 1197//1197 1203//1203 1198//1198 
f 1203//1203 1204//1204 1198//1198 
f 1198//1198 1204//1204 1204//1204 
f 1204//1204 1199//1199 1204//1204 
f 1204//1204 1199//1199 1199//1199 
f 1199//1199 1205//1205 1199//1199 
f 1199//1199 1205//1205 1200//1200 
f 1205//1205 1206//1206 1200//1200 
f 1200//1200 1206//1206 1201//1201 
f 1206//1206 1207//1207 1201//1201 
f 1201//1201 1207//1207 1202//1202 
f 1207//1207 1208//1208 1202//1202 
f 1202//1202 1208//1208 1203//1203 
f 1208//1208 1209//1209 1203//1203 
f 1203//1203 1209//1209 1204//1204 
f 1209//1209 1210//1210 1204//1204 
f 1204//1204 1210//1210 1210//1210 
f 1210//1210 1205//1205 1210//1210 
f 1210//1210 1205//1205 1205//1205 
f 1205//1205 1211//1211 1205//1205 
f 1205//1205 1211//1211 1206//1206 
f 1211//1211 1212//1212 1206//1206 
f 1206//1206 1212//1212 1207//1207 
f 1212//1212 1213//1213 1207//1207 
f 1207//1207 1213//1213 1208//1208 
f 1213//1213 1214//1214 1208//1208 
f 1208//1208 1214//1214 1209//1209 
f 1214//1214 1215//1215 1209//1209 
f 1209//1209 1215//1215 1210//1210 
f 1215//1215 1145//1145 1210//1210 
f 1210//1210 1145//1145 1145//1145 
f 1145//1145 1216//1216 1145//1145 
f 1145//1145 1216//1216 1216//1216 
f 1216//1216 1217//1217 1216//1216 
f 1216//1216 1217//1217 1218//1218 
f 1217//1217 1219//1219 1218//1218 
f 1218//1218 1219//1219 1220//1220 
f 1219//1219 1221//1221 1220//1220 
f 1220//1220 1221//1221 1222//1222 
f 1221//1221 1223//1223 1222//1222 
f 1222//1222 1223//1223 1224//1224 
f 1223//1223 1225//1225 1224//1224 
f 1224//1224 1225//1225 1226//1226 
f 1225//1225 1227//1227 1226//1226 
f 1226//1226 1227//1227 1227//1227 
f 1227//1227 1217//1217 1227//1227 
f 1227//1227 1217//1217 1217//1217 
f 1217//1217 1228//1228 1217//1217 
f 1217//1217 1228//1228 1219//1219 
f 1228//1228 1229//1229 1219//1219 
f 1219//1219 1229//1229 1221//1221 
f 1229//1229 1230//1230 1221//1221 
f 1221//1221 1230//1230 1223//1223 
f 1230//1230 1231//1231 1223//1223 
f 1223//1223 1231//1231 1225//1225 
f 1231//1231 1232//1232 1225//1225 
f 1225//1225 1232//1232 1227//1227 
f 1232//1232 1233//1233 1227//1227 
f 1227//1227 1233//1233 1233//1233 
f 1233//1233 1228//1228 1233//1233 
f 1233//1233 1228//1228 1228//1228 
f 1228//1228 1234//1234 1228//1228 
f 1228//1228 1234//1234 1229//1229 
f 1234//1234 1235//1235 1229//1229 
f 1229//1229 1235//1235 1230//1230 
f 1235//1235 1236//1236 1230//1230 
f 1230//1230 1236//1236 1231//1231 
f 1236//1236 1237//1237 1231//1231 
f 1231//1231 1237//1237 1232//1232 
f 1237//1237 1238//1238 1232//1232 
f 1232//1232 1238//1238 1233//1233 
f 1238//1238 1239//1239 1233//1233 
f 1233//1233 1239//1239 1239//1239 
f 1239//1239 1234//1234 1239//1239 
f 1239//1239 1234//1234 1234//1234 
f 1234//1234 1240//1240 1234//1234 
f 1234//1234 1240//1240 1235//1235 
f 1240//1240 1241//1241 1235//1235 
f 1235//1235 1241//1241 1236//1236 
f 1241//1241 1242//1242 1236//1236 
f 1236//1236 1242//1242 1237//1237 
f 1242//1242 1243//1243 1237//1237 
f 1237//1237 1243//1243 1238//1238 
f 1243//1243 1244//1244 1238//1238 
f 1238//1238 1244//1244 1239//1239 
f 1244//1244 1245//1245 1239//1239 
f 1239//1239 1245//1245 1245//1245 
f 1245//1245 1240//1240 1245//1245 
f 1245//1245 1240//1240 1240//1240 
f 1240//1240 1246//1246 1240//1240 
f 1240//1240 1246//1246 1241//1241 
f 1246//1246 1247//1247 1241//1241 
f 1241//1241 1247//1247 1242//1242 
f 1247//1247 1248//1248 1242//1242 
f 1242//1242 1248//1248 1243//1243 
f 1248//1248 1249//1249 1243//1243 
f 1243//1243 1249//1249 1244//1244 
f 1249//1249 1250//1250 1244//1244 
f 1244//1244 1250//1250 1245//1245 
f 1250//1250 1251//1251 1245//1245 
f 1245//1245 1251//1251 1251//1251 
f 1251//1251 1252//1252 1251//1251 
f 1251//1251 1252//1252 1252//1252 
f 1252//1252 1253//1253 1252//1252 
f 1252//1252 1253//1253 1254//1254 
f 1253//1253 1255//1255 1254//1254 
f 1254//1254 1255//1255 1256//1256 
f 1255//1255 1257//1257 1256//1256 
f 1256//1256 1257//1257 1258//1258 
f 1257//1257 1259//1259 1258//1258 
f 1258//1258 1259//1259 1260//1260 
f 1259//1259 1261//1261 1260//1260 
f 1260//1260 1261//1261 1191//1191 
f 1261//1261 1262//1262 1191//1191 
f 1191//1191 1262//1262 1262//1262 
f 1262//1262 1253//1253 1262//1262 
f 1262//1262 1253//1253 1253//1253 
f 1253//1253 1263//1263 1253//1253 
f 1253//1253 1263//1263 1255//1255 
f 1263//1263 1264//1264 1255//1255 
f 1255//1255 1264//1264 1257//1257 
f 1264//1264 1265//1265 1257//1257 
f 1257//1257 1265//1265 1259//1259 
f 1265//1265 1266//1266 1259//1259 
f 1259//1259 1266//1266 1261//1261 
f 1266//1266 1267//1267 1261//1261 
f 1261//1261 1267//1267 1262//1262 
f 1267//1267 1268//1268 1262//1262 
f 1262//1262 1268//1268 1268//1268 
f 1268//1268 1263//1263 1268//1268 
f 1268//1268 1263//1263 1263//1263 
f 1263//1263 1269//1269 1263//1263 
f 1263//1263 1269//1269 1264//1264 
f 1269//1269 1270//1270 1264//1264 
f 1264//1264 1270//1270 1265//1265 
f 1270//1270 1271//1271 1265//1265 
f 1265//1265 1271//1271 1266//1266 
f 1271//1271 1272//1272 1266//1266 
f 1266//1266 1272//1272 1267//1267 
f 1272//1272 1273//1273 1267//1267 
f 1267//1267 1273//1273 1268//1268 
f 1273//1273 1274//1274 1268//1268 
f 1268//1268 1274//1274 1274//1274 
f 1274//1274 1269//1269 1274//1274 
f 1274//1274 1269//1269 1269//1269 
f 1269//1269 1275//1275 1269//1269 
f 1269//1269 1275//1275 1270//1270 
f 1275//1275 1276//1276 1270//1270 
f 1270//1270 1276//1276 1271//1271 
f 1276//1276 1277//1277 1271//1271 
f 1271//1271 1277//1277 1272//1272 
f 1277//1277 1278//1278 1272//1272 
f 1272//1272 1278//1278 1273//1273 
f 1278//1278 1279//1279 1273//1273 
f 1273//1273 1279//1279 1274//1274 
f 1279//1279 1280//1280 1274//1274 
f 1274//1274 1280//1280 1280//1280 
f 1280//1280 1275//1275 1280//1280 
f 1280//1280 1275//1275 1275//1275 
f 1275//1275 1281//1281 1275//1275 
f 1275//1275 1281//1281 1276//1276 
f 1281//1281 1282//1282 1276//1276 
f 1276//1276 1282//1282 1277//1277 
f 1282//1282 1283//1283 1277//1277 
f 1277//1277 1283//1283 1278//1278 
f 1283//1283 1284//1284 1278//1278 
f 1278//1278 1284//1284 1279//1279 
f 1284//1284 1285//1285 1279//1279 
f 1279//1279 1285//1285 1280//1280 
f 1285//1285 1286//1286 1280//1280 
f 1280//1280 1286//1286 1286//1286 
f 1286//1286 1287//1287 1286//1286 
f 1286//1286 1287//1287 1287//1287 
f 1287//1287 1288//1288 1287//1287 
f 1287//1287 1288//1288 1289//1289 
f 1288//1288 1290//1290 1289//1289 
f 1289//1289 1290//1290 1291//1291 
f 1290//1290 1292//1292 1291//1291 
f 1291//1291 1292//1292 1293//1293 
f 1292//1292 1294//1294 1293//1293 
f 1293//1293 1294//1294 1295//1295 
f 1294//1294 1296//1296 1295//1295 
f 1295//1295 1296//1296 1155//1155 
f 1296//1296 1297//1297 1155//1155 
f 1155//1155 1297//1297 1297//1297 
f 1297//1297 1288//1288 1297//1297 
f 1297//1297 1288//1288 1288//1288 
f 1288//1288 1298//1298 1288//1288 
f 1288//1288 1298//1298 1290//1290 
f 1298//1298 1299//1299 1290//1290 
f 1290//1290 1299//1299 1292//1292 
f 1299//1299 1300//1300 1292//1292 
f 1292//1292 1300//1300 1294//1294 
f 1300//1300 1301//1301 1294//1294 
f 1294//1294 1301//1301 1296//1296 
f 1301//1301 1302//1302 1296//1296 
f 1296//1296 1302//1302 1297//1297 
f 1302//1302 1303//1303 1297//1297 
f 1297//1297 1303//1303 1303//1303 
f 1303//1303 1298//1298 1303//1303 
f 1303//1303 1298//1298 1298//1298 
f 1298//1298 1304//1304 1298//1298 
f 1298//1298 1304//1304 1299//1299 
f 1304//1304 1305//1305 1299//1299 
f 1299//1299 1305//1305 1300//1300 
f 1305//1305 1306//1306 1300//1300 
f 1300//1300 1306//1306 1301//1301 
f 1306//1306 1307//1307 1301//1301 
f 1301//1301 1307//1307 1302//1302 
f 1307//1307 1308//1308 1302//1302 
f 1302//1302 1308//1308 1303//1303 
f 1308//1308 1309//1309 1303//1303 
f 1303//1303 1309//1309 1309//1309 
f 1309//1309 1304//1304 1309//1309 
f 1309//1309 1304//1304 1304//1304 
f 1304//1304 1310//1310 1304//1304 
f 1304//1304 1310//1310 1305//1305 
f 1310//1310 1311//1311 1305//1305 
f 1305//1305 1311//1311 1306//1306 
f 1311//1311 1312//1312 1306//1306 
f 1306//1306 1312//1312 1307//1307 
f 1312//1312 1313//1313 1307//1307 
f 1307//1307 1313//1313 1308//1308 
f 1313//1313 1314//1314 1308//1308 
f 1308//1308 1314//1314 1309//1309 
f 1314//1314 1315//1315 1309//1309 
f 1309//1309 1315//1315 1315//1315 
f 1315//1315 1310//1310 1315//1315 
f 1315//1315 1310//1310 1310//1310 
f 1310//1310 1316//1316 1310//1310 
f 1310//1310 1316//1316 1311//1311 
f 1316//1316 1317//1317 1311//1311 
f 1311//1311 1317//1317 1312//1312 
f 1317//1317 1318//1318 1312//1312 
f 1312//1312 1318//1318 1313//1313 
f 1318//1318 1319//1319 1313//1313 
f 1313//1313 1319//1319 1314//1314 
f 1319//1319 1320//1320 1314//1314 
f 1314//1314 1320//1320 1315//1315 
f 1320//1320 1252//1252 1315//1315 
f 676//676 683//683 678//678 
f 672//672 670//670 676//676 
f 286//286 679//679 284//284 

