mtllib model_5.mtl
o model_5
v -47.24154281616211 523.6679077148438 -134.43716430664062 
v -44.26436996459961 542.1842651367188 -132.56698608398438 
v -40.72953796386719 541.2896728515625 -133.20663452148438 
v -37.14828109741211 559.3248291015625 -128.59793090820312 
v -33.61344528198242 558.4302368164062 -129.23757934570312 
v -28.264169692993164 570.9871826171875 -124.37942504882812 
v -40.68311309814453 560.2193603515625 -127.95828247070312 
v -32.9772834777832 572.179931640625 -123.52656555175781 
v -22.681072235107422 582.5443725585938 -117.75011444091797 
v -37.80402374267578 573.4140625 -122.65238189697266 
v -28.68609046936035 584.0767211914062 -116.66271209716797 
v -16.79853057861328 594.3845825195312 -108.65974426269531 
v -34.69110870361328 585.6090087890625 -115.5753173828125 
v -23.95986557006836 596.3377685546875 -107.48004913330078 
v -10.868252754211426 604.9007568359375 -98.16096496582031 
v -31.16512107849121 598.0455932617188 -106.05851745605469 
v -19.207868576049805 607.1521606445312 -96.76805877685547 
v -4.438179016113281 615.6270141601562 -83.99193572998047 
v -27.59140396118164 609.158203125 -95.13330841064453 
v -13.842442512512207 618.13525390625 -82.40713500976562 
v 1.829653263092041 624.452392578125 -68.41449737548828 
v -23.290626525878906 620.3981323242188 -80.58049011230469 
v -8.597267150878906 627.332763671875 -66.63780212402344 
v 5.939571857452393 629.4898071289062 -55.575584411621094 
v -19.152095794677734 629.7371215820312 -64.6192626953125 
v -5.055486679077148 632.5769653320312 -53.692283630371094 
v 9.745075225830078 632.54736328125 -41.9328727722168 
v -15.993196487426758 634.989990234375 -51.609779357910156 
v -1.7045000791549683 635.7999877929688 -39.96428680419922 
v 13.203901290893555 634.4244384765625 -26.4337100982666 
v -13.096722602844238 638.37841796875 -37.79649353027344 
v 1.6607342958450317 637.7111206054688 -24.322877883911133 
v 16.236173629760742 634.2354125976562 -10.614429473876953 
v -10.13440227508545 640.3055419921875 -22.212045669555664 
v 4.465750694274902 637.6048583984375 -8.460954666137695 
v 18.64206886291504 631.6610717773438 7.907749176025391 
v -7.329385757446289 640.1992797851562 -6.350121974945068 
v 7.098903656005859 634.9478149414062 10.01858139038086 
v 20.521230697631836 627.05712890625 26.145444869995117 
v -4.540611743927002 637.6162109375 12.108092308044434 
v 9.318947792053223 630.2197875976562 28.192312240600586 
v 20.931718826293945 621.6810913085938 39.46803665161133 
v -2.0933077335357666 632.8054809570312 30.239181518554688 
v 10.203985214233398 624.6710205078125 41.550537109375 
v 20.839353561401367 614.528076171875 52.14337921142578 
v -0.6181712746620178 627.172607421875 43.369876861572266 
v 10.679764747619629 617.3112182617188 54.1192741394043 
v 19.719900131225586 605.1355590820312 65.10320281982422 
v 0.4677441120147705 619.721435546875 55.83200454711914 
v 10.511330604553223 607.7031860351562 66.90853118896484 
v 18.12340545654297 594.3486938476562 76.81119537353516 
v 1.1367043256759644 609.9392700195312 68.47200775146484 
v 9.823861122131348 596.58544921875 78.4459457397461 
v 15.079863548278809 580.1685180664062 88.80365753173828 
v 1.400254487991333 598.6060791015625 79.83885192871094 
v 8.143860816955566 581.9089965820312 90.18254089355469 
v 11.499173164367676 564.6158447265625 99.18151092529297 
v 1.1677860021591187 583.6640625 91.3196029663086 
v 5.990663051605225 566.0980834960938 100.1836166381836 
v 7.935831546783447 552.0621948242188 105.24885559082031 
v 0.4401576519012451 567.4649658203125 101.18572998046875 
v 3.7392637729644775 553.1975708007812 106.13735961914062 
v 3.985208749771118 538.7348022460938 109.3388442993164 
v -0.5393725633621216 554.2322387695312 106.78401184082031 
v 0.9669186472892761 539.572021484375 110.01412200927734 
v -1.0029215812683105 523.8250732421875 112.3831787109375 
v -2.0198094844818115 540.26708984375 110.42623901367188 
v -3.9696145057678223 524.5128784179688 112.91622161865234 
v -6.228463649749756 508.7403869628906 113.0873794555664 
v -4.916277885437012 554.5186157226562 107.65118408203125 
v -5.19901704788208 567.8187866210938 102.26612091064453 
v -10.80663013458252 568.030517578125 103.0833511352539 
v -13.10004997253418 584.4144897460938 93.72893524169922 
v -20.21615219116211 583.4765625 95.10081481933594 
v -24.237354278564453 598.3988037109375 84.32367706298828 
v -32.792213439941406 596.9391479492188 85.40377044677734 
v -37.12417984008789 608.0545043945312 74.6978988647461 
v -46.30045700073242 604.9917602539062 76.28299713134766 
v -51.369117736816406 614.4152221679688 64.2256851196289 
v -61.21071243286133 610.4186401367188 65.49066162109375 
v -66.108154296875 617.297119140625 53.62553787231445 
v -75.96871185302734 612.0007934570312 55.18931198120117 
v -80.66526794433594 616.9768676757812 42.4280891418457 
v -90.50938415527344 610.49853515625 43.543819427490234 
v -95.66156005859375 614.5950927734375 25.817842483520508 
v -105.00616455078125 606.8895874023438 27.026159286499023 
v -109.089599609375 609.1598510742188 8.638919830322266 
v -117.79718017578125 600.4385375976562 9.555745124816895 
v -119.86608123779297 600.799560546875 -6.41278600692749 
v -127.52136993408203 591.4338989257812 -5.709176063537598 
v -127.78649139404297 590.61572265625 -21.7983341217041 
v -134.4830780029297 580.6397705078125 -21.165695190429688 
v -133.177734375 579.25 -35.55466079711914 
v -138.69412231445312 569.1058959960938 -35.37708282470703 
v -135.25286865234375 567.2000122070312 -49.402984619140625 
v -139.59014892578125 557.280029296875 -49.0332145690918 
v -132.516357421875 554.7053833007812 -66.44430541992188 
v -135.25624084472656 545.11865234375 -66.69316101074219 
v -125.9512939453125 543.0386352539062 -83.07262420654297 
v -127.87023162841797 534.4597778320312 -83.02267456054688 
v -118.02074432373047 533.3574829101562 -95.56832122802734 
v -118.60685729980469 525.8615112304688 -96.17262268066406 
v -107.19756317138672 525.759521484375 -107.2955551147461 
v -107.375244140625 519.55224609375 -107.51577758789062 
v -95.88908386230469 520.5982666015625 -116.21327209472656 
v -95.30400848388672 515.5506591796875 -116.73930358886719 
v -82.83770751953125 517.9385986328125 -123.52340698242188 
v -82.38078308105469 514.2443237304688 -123.82190704345703 
v -65.1571273803711 518.9513549804688 -130.2569580078125 
v -5.94088077545166 584.1607666015625 92.77676391601562 
v -15.661369323730469 599.4586791992188 82.71725463867188 
v -27.605939865112305 609.6861572265625 73.46855926513672 
v -41.36505126953125 617.5686645507812 62.633575439453125 
v -55.73765182495117 621.6239013671875 52.417510986328125 
v -70.38943481445312 622.6447143554688 40.94259262084961 
v -85.57782745361328 621.378173828125 24.680789947509766 
v -99.68296813964844 616.973388671875 7.551521301269531 
v -111.15849304199219 609.5208740234375 -7.329612731933594 
v -120.30878448486328 599.78466796875 -22.35970115661621 
v -126.72074127197266 588.921142578125 -36.165977478027344 
v -130.11167907714844 576.9580688476562 -49.4170036315918 
v -128.4949951171875 563.6950073242188 -66.69316101074219 
v -123.4977035522461 551.4228515625 -82.72417449951172 
v -116.29450225830078 540.6998291015625 -95.6609115600586 
v -106.71055603027344 531.9849243164062 -106.87612915039062 
v -95.67684173583984 525.486328125 -116.07833862304688 
v -83.33663177490234 521.5175170898438 -123.22489929199219 
v -65.61405181884766 522.6456909179688 -129.9584503173828 
v -47.24154281616211 523.6679077148438 -134.43716430664062 
v -7.084306240081787 599.2115478515625 81.53054809570312 
v -18.06657600402832 610.9180908203125 71.71288299560547 
v -30.975099563598633 619.536376953125 61.1553840637207 
v -45.059486389160156 624.9240112304688 50.597877502441406 
v -59.500465393066406 627.0440673828125 39.528358459472656 
v -74.91912078857422 627.037353515625 23.13132667541504 
v -89.4636459350586 623.8378295898438 6.272228240966797 
v -101.79385375976562 617.2190551757812 -8.417011260986328 
v -111.86084747314453 608.20849609375 -23.376129150390625 
v -119.48265075683594 597.7853393554688 -36.706024169921875 
v -124.04033660888672 585.985595703125 -50.1279182434082 
v -123.97905731201172 572.504638671875 -66.78545379638672 
v -120.02996063232422 559.307373046875 -83.07262420654297 
v -114.21886444091797 548.045654296875 -95.31246185302734 
v -105.15697479248047 538.0834350585938 -106.89044189453125 
v -95.38253021240234 530.4751586914062 -115.7015609741211 
v -83.14141845703125 525.2357788085938 -123.03300476074219 
v -65.61405181884766 522.6456909179688 -129.9584503173828 
v -8.340872764587402 610.6448364257812 70.33428955078125 
v -20.53630828857422 620.7022705078125 59.37137985229492 
v -33.955379486083984 627.0237426757812 49.133995056152344 
v -48.33539962768555 630.5589599609375 37.765682220458984 
v -63.790531158447266 631.7415161132812 21.695775985717773 
v -78.6292724609375 629.5637817382812 4.822363376617432 
v -91.61653137207031 623.9680786132812 -9.696304321289062 
v -102.63179779052734 615.8253784179688 -24.3212833404541 
v -111.27433013916016 605.9043579101562 -37.70112991333008 
v -117.17744445800781 594.463623046875 -50.50440216064453 
v -118.33726501464844 580.6431884765625 -67.3541259765625 
v -115.9855728149414 567.1126098632812 -83.02267456054688 
v -111.12908172607422 554.8917236328125 -95.6609115600586 
v -103.56331634521484 544.1673583984375 -106.66291046142578 
v -94.13526916503906 535.3785400390625 -115.73719024658203 
v -82.87458038330078 528.7973022460938 -122.86243438720703 
v -65.4608383178711 526.24853515625 -129.7665557861328 
v -47.24154281616211 523.6679077148438 -134.43716430664062 
v -10.022887229919434 620.5343627929688 57.743934631347656 
v -22.884492874145508 628.220947265625 47.122467041015625 
v -36.82645034790039 632.772705078125 36.116912841796875 
v -52.242591857910156 635.2477416992188 19.86913299560547 
v -67.36510467529297 634.3492431640625 3.24457049369812 
v -80.89578247070312 629.7353515625 -11.124846458435059 
v -92.78575897216797 622.4336547851562 -25.67885398864746 
v -102.39851379394531 613.2578125 -38.603641510009766 
v -109.4263916015625 602.0958251953125 -51.577781677246094 
v -112.12926483154297 588.4449462890625 -67.78756713867188 
v -111.12466430664062 574.2286987304688 -83.64830780029297 
v -107.73190307617188 561.6258544921875 -95.56832122802734 
v -100.91545104980469 549.7369384765625 -106.89044189453125 
v -92.84793853759766 540.2672729492188 -115.5309829711914 
v -81.95560455322266 532.3828125 -122.79846954345703 
v -65.4608383178711 526.24853515625 -129.7665557861328 
v -11.656906127929688 628.18505859375 45.509334564208984 
v -25.352643966674805 633.9539184570312 34.1623420715332 
v -40.42238998413086 637.6094970703125 18.17772102355957 
v -55.64149856567383 637.9221801757812 1.5175249576568604 
v -69.67361450195312 634.4054565429688 -12.70263957977295 
v -82.31422424316406 628.1609497070312 -26.943832397460938 
v -92.90572357177734 619.6026611328125 -39.9185676574707 
v -101.03941345214844 609.1044921875 -52.29541015625 
v -105.03501892089844 595.2708129882812 -68.67606353759766 
v -105.65745544433594 580.993408203125 -83.89685821533203 
v -103.36257934570312 567.744873046875 -96.17262268066406 
v -98.18551635742188 555.4072875976562 -106.87612915039062 
v -90.73365020751953 544.724365234375 -115.73719024658203 
v -81.03662872314453 535.9683227539062 -122.73450469970703 
v -64.54186248779297 529.8340454101562 -129.7025909423828 
v -47.24154281616211 523.6679077148438 -134.43716430664062 
v -13.648591995239258 633.8753051757812 32.34300231933594 
v -28.45207977294922 638.7406616210938 16.137863159179688 
v -43.72771072387695 640.2498779296875 -0.31612685322761536 
v -58.063636779785156 638.019775390625 -14.408363342285156 
v -71.3097152709961 632.6489868164062 -28.621227264404297 
v -82.78743743896484 625.0665893554688 -41.14090347290039 
v -91.9618911743164 615.0778198242188 -53.68861389160156 
v -97.53018951416016 601.6859130859375 -69.40800476074219 
v -99.37371826171875 587.0689697265625 -84.82099151611328 
v -98.72783660888672 573.6365966796875 -96.33589935302734 
v -94.5569839477539 560.4892578125 -107.2955551147461 
v -88.53730010986328 549.2822875976562 -115.7015609741211 
v -79.4778823852539 539.1903076171875 -122.79846954345703 
v -64.54186248779297 529.8340454101562 -129.7025909423828 
v -16.43677520751953 638.8101196289062 14.275879859924316 
v -31.58173942565918 641.44775390625 -2.2563869953155518 
v -46.26347351074219 640.3887939453125 -16.220693588256836 
v -59.99094772338867 636.10791015625 -30.16338348388672 
v -72.20779418945312 629.4478759765625 -42.75433349609375 
v -82.40406799316406 620.3536987304688 -54.70474624633789 
v -89.29473876953125 607.0510864257812 -70.57367706298828 
v -92.7529525756836 592.760498046875 -85.32540130615234 
v -93.39021301269531 578.8804931640625 -97.1534194946289 
v -90.703125 565.3585205078125 -107.51577758789062 
v -85.55597686767578 553.2931518554688 -116.07833862304688 
v -77.87714385986328 542.5276489257812 -122.86243438720703 
v -62.94112014770508 533.1714477539062 -129.7665557861328 
v -47.24154281616211 523.6679077148438 -134.43716430664062 
v -19.47284698486328 641.483154296875 -4.260611057281494 
v -34.11750411987305 641.586669921875 -18.160953521728516 
v -48.3664436340332 638.4102172851562 -32.0753173828125 
v -61.313899993896484 632.8001098632812 -44.23252868652344 
v -72.35332489013672 624.4048461914062 -56.37512969970703 
v -80.6906967163086 611.89013671875 -71.58280181884766 
v -85.5552749633789 597.4580688476562 -86.48406982421875 
v -87.67353820800781 583.8557739257812 -97.55122375488281 
v -86.21992492675781 569.6067504882812 -108.12709045410156 
v -82.57658386230469 557.174072265625 -116.21327209472656 
v -75.79224395751953 545.427490234375 -123.03300476074219 
v -62.94112014770508 533.1714477539062 -129.7665557861328 
v -22.164228439331055 641.5480346679688 -20.143857955932617 
v -36.583316802978516 639.6094970703125 -33.8306884765625 
v -50.11427688598633 634.9957275390625 -46.08049392700195 
v -61.977901458740234 627.6844482421875 -57.647117614746094 
v -71.55364990234375 615.4898071289062 -73.00433349609375 
v -77.94892883300781 601.6149291992188 -87.24433898925781 
v -81.37996673583984 587.8370971679688 -98.60327911376953 
v -81.46939086914062 573.7576904296875 -108.5392074584961 
v -78.88385772705078 560.6646728515625 -116.73930358886719 
v -73.55172729492188 548.4013061523438 -123.22489929199219 
v -60.814231872558594 536.1866455078125 -129.9371337890625 
v -47.24154281616211 523.6679077148438 -134.43716430664062 
v -24.919330596923828 639.5454711914062 -35.89187240600586 
v -38.71403121948242 636.2037353515625 -47.77190017700195 
v -51.378807067871094 629.7067260742188 -59.53071594238281 
v -62.203643798828125 618.4893188476562 -74.24799346923828 
v -69.992919921875 604.8604736328125 -88.61622619628906 
v -74.82099151611328 591.5911254882812 -99.21430206298828 
v -76.17351531982422 577.0568237304688 -109.34242248535156 
v -75.23505401611328 563.909912109375 -117.02349090576172 
v -70.86905670166016 550.8222045898438 -123.52340698242188 
v -60.814231872558594 536.1866455078125 -129.9371337890625 
v -27.432926177978516 636.1483764648438 -49.76911926269531 
v -40.610660552978516 630.8834228515625 -60.994598388671875 
v -52.58988952636719 620.2168579101562 -75.86141967773438 
v -61.783870697021484 607.4912719726562 -89.56838989257812 
v -67.8407211303711 594.2771606445312 -100.458251953125 
v -70.87956237792969 580.2259521484375 -109.9037857055664 
v -70.95690155029297 566.5341186523438 -117.69877624511719 
v -68.1443862915039 553.3585205078125 -123.82190704345703 
v -57.9959716796875 538.6888427734375 -130.3778839111328 
v -47.24154281616211 523.6679077148438 -134.43716430664062 
v -29.888093948364258 630.77001953125 -63.02744674682617 
v -42.87678527832031 621.3855590820312 -77.27565002441406 
v -53.30915451049805 608.9800415039062 -91.13216400146484 
v -60.75067138671875 596.6619262695312 -101.23985290527344 
v -65.1242446899414 582.3125 -110.85624694824219 
v -66.68067932128906 569.0283813476562 -118.13220977783203 
v -65.01956176757812 555.2265014648438 -124.22701263427734 
v -57.9959716796875 538.6888427734375 -130.3778839111328 
v -33.05556869506836 621.208251953125 -79.038330078125 
v -44.65302658081055 610.0108032226562 -92.25489807128906 
v -53.39495849609375 597.9046630859375 -102.63304901123047 
v -59.21522521972656 584.3430786132812 -111.58818817138672 
v -62.086360931396484 570.7534790039062 -118.91410064697266 
v -61.89473342895508 557.094482421875 -124.63212585449219 
v -54.87114334106445 540.5568237304688 -130.78298950195312 
v -47.24154281616211 523.6679077148438 -134.43716430664062 
v -36.11410903930664 609.908203125 -93.92528533935547 
v -45.971458435058594 598.730712890625 -103.56389617919922 
v -53.07210922241211 585.3738403320312 -112.6685791015625 
v -57.338340759277344 572.4226684570312 -119.47547149658203 
v -58.48337173461914 558.3355102539062 -125.12252044677734 
v -54.87114334106445 540.5568237304688 -130.78298950195312 
v -38.6231803894043 598.538818359375 -105.04238891601562 
v -46.97290802001953 586.1592407226562 -113.50712585449219 
v -52.58348083496094 573.1747436523438 -120.34264373779297 
v -55.0720100402832 559.5765380859375 -125.6129150390625 
v -51.459781646728516 541.7978515625 -131.2733917236328 
v -47.24154281616211 523.6679077148438 -134.43716430664062 
v -40.86686325073242 586.0274658203125 -114.65148162841797 
v -47.56128692626953 573.8294677734375 -121.0106201171875 
v -51.416114807128906 560.0751953125 -126.1885986328125 
v -51.459781646728516 541.7978515625 -131.2733917236328 
v -42.75950622558594 573.6497192382812 -121.94175720214844 
v -47.873844146728516 560.615234375 -126.74295806884766 
v -47.93754959106445 542.3451538085938 -131.9486541748047 
v -47.24154281616211 523.6679077148438 -134.43716430664062 
v -44.20066833496094 560.454345703125 -127.36128234863281 
v -47.93754959106445 542.3451538085938 -131.9486541748047 
v -44.26436996459961 542.1842651367188 -132.56698608398438 
v -47.24154281616211 523.6679077148438 -134.43716430664062 
v -37.6864013671875 521.3661499023438 -85.41435241699219 
v -47.24154281616211 523.6679077148438 -134.43716430664062 
v -28.940872192382812 517.9216918945312 -86.57243347167969 
v -29.69805335998535 517.1519775390625 -136.49014282226562 
v -16.415416717529297 513.36279296875 -85.930419921875 
v -11.837010383605957 510.78173828125 -135.71932983398438 
v -9.730830192565918 511.4524841308594 -84.78428649902344 
v 1.5351617336273193 505.78399658203125 -133.24917602539062 
v -2.3713371753692627 509.2965087890625 -82.39331817626953 
v 14.496458053588867 501.1971435546875 -128.8159942626953 
v 6.494681358337402 506.33087158203125 -78.18123626708984 
v 28.1153621673584 496.109619140625 -122.02835083007812 
v 14.007594108581543 504.11907958984375 -73.45013427734375 
v 40.92241287231445 491.5788879394531 -113.5764389038086 
v 23.441200256347656 500.9468688964844 -65.10542297363281 
v 54.58741760253906 486.4745788574219 -101.56088256835938 
v 31.880693435668945 498.2671203613281 -55.942901611328125 
v 66.87242126464844 482.1338806152344 -87.77445220947266 
v 35.671592712402344 497.0180358886719 -50.28766632080078 
v 74.63562774658203 479.1776428222656 -76.02294158935547 
v 39.0431022644043 496.05224609375 -43.174373626708984 
v 80.80502319335938 477.0628356933594 -63.083839416503906 
v 42.484046936035156 494.7998352050781 -33.720943450927734 
v 86.05467224121094 475.0214538574219 -48.117713928222656 
v 44.46319580078125 494.21014404296875 -24.858104705810547 
v 89.51673889160156 473.89202880859375 -32.42636489868164 
v 45.46030044555664 493.5859069824219 -11.96954345703125 
v 91.06304168701172 473.19854736328125 -13.648324966430664 
v 45.25141143798828 493.66192626953125 0.9117116928100586 
v 90.7215805053711 473.4534912109375 5.250338077545166 
v 43.91667938232422 493.8863830566406 7.505095481872559 
v 88.33837890625 474.19024658203125 19.40446662902832 
v 41.607872009277344 494.5960693359375 15.037216186523438 
v 84.23456573486328 475.8145751953125 33.27381896972656 
v 37.39015579223633 495.73919677734375 24.283254623413086 
v 77.81427001953125 478.0207214355469 47.811439514160156 
v 32.74674606323242 497.16790771484375 32.120887756347656 
v 69.91407012939453 481.02679443359375 61.395721435546875 
v 24.872892379760742 499.6417541503906 41.92829132080078 
v 58.56109619140625 485.0282897949219 75.86148834228516 
v 15.83613109588623 502.53887939453125 51.08115005493164 
v 45.66811752319336 489.8515930175781 89.0111312866211 
v 10.427520751953125 503.9847717285156 54.80747604370117 
v 34.58331298828125 493.7554626464844 97.31724548339844 
v 3.6688222885131836 505.9220886230469 58.16374206542969 
v 22.466524124145508 498.2962951660156 103.83788299560547 
v -5.876229286193848 509.3962097167969 62.074371337890625 
v 8.381002426147461 503.2923278808594 109.59005737304688 
v -13.29362964630127 512.2265625 63.723426818847656 
v -6.228463649749756 508.7403869628906 113.0873794555664 
v -13.29362964630127 512.2265625 63.723426818847656 
v -23.573190689086914 513.2240600585938 64.98811340332031 
v -23.655014038085938 511.2938232421875 64.76058197021484 
v -35.13562774658203 512.8590698242188 64.88703155517578 
v -34.5872802734375 510.8302001953125 64.67382049560547 
v -41.967674255371094 510.64178466796875 63.89045333862305 
v -41.629302978515625 508.03594970703125 63.6772346496582 
v -47.9639892578125 507.2055969238281 61.933815002441406 
v -47.58637619018555 504.0628356933594 61.55703353881836 
v -59.234745025634766 501.8998718261719 56.00050735473633 
v -57.77712631225586 497.710693359375 55.63103485107422 
v -68.41985321044922 494.92034912109375 48.87260818481445 
v -66.6441421508789 489.9620666503906 48.15468215942383 
v -73.23300170898438 487.7868957519531 42.008460998535156 
v -70.4461669921875 482.59124755859375 41.482730865478516 
v -76.7292709350586 480.17413330078125 33.8997688293457 
v -73.38279724121094 474.64410400390625 32.76242446899414 
v -77.48635864257812 472.87103271484375 26.353336334228516 
v -73.18803405761719 467.6479187011719 25.450820922851562 
v -75.96646118164062 466.4378662109375 19.354843139648438 
v -71.1277084350586 461.4100646972656 18.125202178955078 
v -74.87828826904297 460.29248046875 5.961869716644287 
v -69.33497619628906 455.66156005859375 4.888783931732178 
v -72.00193786621094 455.5869445800781 -7.765239715576172 
v -66.06146240234375 451.46478271484375 -9.122809410095215 
v -67.26249694824219 452.4245910644531 -18.09225845336914 
v -60.84279251098633 448.9120178222656 -19.49247169494629 
v -61.68013381958008 451.30743408203125 -29.30836296081543 
v -55.08201599121094 448.513916015625 -30.44541358947754 
v -55.56831359863281 451.04290771484375 -37.9424934387207 
v -49.05718231201172 449.19573974609375 -39.25741958618164 
v -49.340370178222656 452.3041076660156 -45.38172912597656 
v -42.87040710449219 450.8639221191406 -46.29125213623047 
v -43.58332061767578 458.57135009765625 -56.555484771728516 
v -37.73692321777344 458.1421203613281 -57.799442291259766 
v -38.76902389526367 467.0110778808594 -67.06798553466797 
v -33.63788604736328 466.8421325683594 -67.67900848388672 
v -34.93570327758789 474.1091613769531 -73.13504028320312 
v -30.512121200561523 474.7204284667969 -74.08049011230469 
v -32.641822814941406 483.4662170410156 -79.06015014648438 
v -28.96588706970215 483.9576110839844 -79.5149154663086 
v -31.229286193847656 490.9227294921875 -82.46024322509766 
v -28.532089233398438 492.03167724609375 -82.96495056152344 
v -30.614089965820312 497.6241149902344 -84.40228271484375 
v -28.754287719726562 498.9071960449219 -84.75773620605469 
v -34.32793426513672 511.1278076171875 -85.84019470214844 
v -34.40167236328125 514.8132934570312 65.0079574584961 
v -41.76754379272461 513.3129272460938 64.01837921142578 
v -48.453304290771484 510.5196838378906 62.09007263183594 
v -59.73090744018555 506.131103515625 56.46257400512695 
v -70.08001708984375 499.96722412109375 49.32736587524414 
v -75.31720733642578 493.24945068359375 42.932594299316406 
v -79.88662719726562 485.7659606933594 34.51079177856445 
v -81.03812408447266 478.6064147949219 27.412403106689453 
v -80.4500503540039 471.85906982421875 20.299999237060547 
v -79.90230560302734 465.5184020996094 7.2341532707214355 
v -77.65888214111328 460.25921630859375 -6.670832633972168 
v -73.2430419921875 456.56134033203125 -16.976530075073242 
v -67.9145736694336 454.6219177246094 -27.950794219970703 
v -61.897178649902344 453.8691101074219 -36.848087310791016 
v -55.60420608520508 454.0613098144531 -43.988525390625 
v -49.32952117919922 459.8788146972656 -55.773895263671875 
v -43.84966278076172 467.4229431152344 -65.95195770263672 
v -39.414710998535156 474.3020324707031 -72.63063049316406 
v -36.206050872802734 482.8034973144531 -78.38487243652344 
v -34.211090087890625 490.5706787109375 -82.11209106445312 
v -33.05739212036133 497.33740234375 -84.13941192626953 
v -36.309043884277344 510.2808532714844 -85.5630111694336 
v -37.6864013671875 521.3661499023438 -85.41435241699219 
v -41.7230339050293 515.9100341796875 64.16763305664062 
v -48.17878341674805 513.6864013671875 62.36024475097656 
v -60.380767822265625 510.41827392578125 56.70411682128906 
v -70.73672485351562 505.17156982421875 49.87472152709961 
v -77.05667877197266 498.8478698730469 43.30907440185547 
v -82.03010559082031 491.77276611328125 35.47756576538086 
v -84.27672576904297 484.61981201171875 28.186986923217773 
v -84.18708038330078 477.7925720214844 21.401710510253906 
v -84.45751953125 471.0963439941406 8.200631141662598 
v -82.79652404785156 465.5264892578125 -5.377227306365967 
v -78.85991668701172 461.2190246582031 -15.640280723571777 
v -73.823486328125 458.6019287109375 -26.856386184692383 
v -67.94636535644531 456.9854736328125 -35.53316116333008 
v -61.725852966308594 456.81207275390625 -43.057682037353516 
v -54.91158676147461 461.3878479003906 -54.50861740112305 
v -48.87209701538086 468.5976257324219 -65.29829406738281 
v -43.81357955932617 474.46575927734375 -71.64253234863281 
v -39.85726547241211 483.08709716796875 -77.88746643066406 
v -37.08119201660156 490.04730224609375 -81.54341888427734 
v -35.216087341308594 496.2937927246094 -83.7199935913086 
v -36.309043884277344 510.2808532714844 -85.5630111694336 
v -48.01597213745117 517.0244750976562 62.40989303588867 
v -60.069175720214844 514.7474975585938 57.03825378417969 
v -71.43350219726562 510.3905029296875 50.18022918701172 
v -77.9798812866211 504.671875 44.0626335144043 
v -84.05611419677734 497.9981384277344 35.939334869384766 
v -86.69713592529297 490.98876953125 29.096805572509766 
v -87.497314453125 483.96270751953125 22.197616577148438 
v -88.37981414794922 477.2279357910156 9.344985961914062 
v -87.42337799072266 471.26116943359375 -4.38942813873291 
v -83.92400360107422 466.4595031738281 -14.60983943939209 
v -79.21310424804688 463.1768798828125 -25.562782287597656 
v -73.58602142333984 460.9981384277344 -34.48139572143555 
v -67.52774047851562 459.83843994140625 -41.66447830200195 
v -60.351463317871094 463.8904724121094 -53.70570755004883 
v -53.65876770019531 469.8171691894531 -64.1822738647461 
v -48.07025146484375 475.6230773925781 -71.1167984008789 
v -43.39678192138672 483.1993713378906 -77.16954040527344 
v -39.966651916503906 490.31353759765625 -81.17394256591797 
v -37.718666076660156 496.5513000488281 -83.41448211669922 
v -38.27779769897461 509.8214416503906 -85.26451110839844 
v -37.6864013671875 521.3661499023438 -85.41435241699219 
v -59.95328140258789 519.017333984375 57.15187072753906 
v -71.16883087158203 515.6514892578125 50.578330993652344 
v -78.71398162841797 510.5577087402344 44.28986358642578 
v -85.0385971069336 504.36639404296875 36.73553466796875 
v -88.73274230957031 497.4789733886719 29.700817108154297 
v -89.98934936523438 490.4883728027344 23.128753662109375 
v -91.71968078613281 483.6701965332031 10.162213325500488 
v -91.45929718017578 477.4341125488281 -3.223752021789551 
v -88.51078033447266 472.17962646484375 -13.380197525024414 
v -84.20555877685547 468.2606506347656 -24.553661346435547 
v -78.94599914550781 465.3009948730469 -33.20911407470703 
v -72.8885498046875 463.6189270019531 -40.7975959777832 
v -65.51358032226562 466.5533142089844 -52.4404296875 
v -58.30324172973633 472.0302734375 -63.52861022949219 
v -52.288780212402344 476.6358337402344 -70.10738372802734 
v -46.9516487121582 484.1012268066406 -76.65081787109375 
v -42.896026611328125 490.33441162109375 -80.5626220703125 
v -39.91659927368164 496.0446472167969 -82.83148956298828 
v -38.27779769897461 509.8214416503906 -85.26451110839844 
v -70.90223693847656 521.0424194335938 50.734588623046875 
v -78.33292388916016 516.4296875 44.8302116394043 
v -85.71833801269531 510.7550964355469 36.98408889770508 
v -89.87852478027344 504.16796875 30.41874122619629 
v -92.05459594726562 497.2507019042969 23.754087448120117 
v -94.39698791503906 490.3939514160156 11.135993957519531 
v -94.75717163085938 483.9917297363281 -2.406524896621704 
v -92.51513671875 478.21038818359375 -12.477685928344727 
v -88.60707092285156 473.78265380859375 -23.366662979125977 
v -83.71119689941406 470.3020324707031 -32.24263381958008 
v -78.00123596191406 467.831787109375 -39.44703674316406 
v -70.34823608398438 470.01165771484375 -51.68016052246094 
v -62.825584411621094 474.32958984375 -62.391265869140625 
v -56.365116119384766 478.64215087890625 -69.5603256225586 
v -50.352821350097656 484.9471740722656 -75.91157531738281 
v -45.72713088989258 491.103515625 -80.17182922363281 
v -42.25119400024414 496.7637023925781 -82.52598571777344 
v -40.44141387939453 509.8249206542969 -84.78112030029297 
v -37.6864013671875 521.3661499023438 -85.41435241699219 
v -78.0320053100586 522.330810546875 44.88686752319336 
v -85.51018524169922 517.212646484375 37.58839797973633 
v -90.52587127685547 510.9368896484375 30.809537887573242 
v -93.23001861572266 504.2118225097656 24.493331909179688 
v -96.49186706542969 497.42840576171875 11.782649993896484 
v -97.54810333251953 490.7568664550781 -1.411421298980713 
v -95.77294158935547 484.7534484863281 -11.41861629486084 
v -92.497802734375 479.7720947265625 -22.485471725463867 
v -88.04108428955078 475.66729736328125 -31.07695770263672 
v -82.60120391845703 472.64202880859375 -38.64412307739258 
v -75.01876831054688 473.67156982421875 -50.43620681762695 
v -67.06246948242188 477.30902099609375 -61.7589225769043 
v -60.289676666259766 480.46258544921875 -68.55091094970703 
v -53.65571975708008 486.54132080078125 -75.39285278320312 
v -48.56016159057617 491.7426452636719 -79.53919219970703 
v -44.5704345703125 496.6931457519531 -82.02127075195312 
v -40.44141387939453 509.8249206542969 -84.78112030029297 
v -84.9992904663086 523.690673828125 37.645057678222656 
v -90.32539367675781 517.7892456054688 31.314245223999023 
v -93.9070053100586 511.25286865234375 24.90545082092285 
v -97.73892211914062 504.5462646484375 12.543216705322266 
v -99.60099029541016 497.9067077636719 -0.7647666335105896 
v -98.60395050048828 491.5331726074219 -10.665353775024414 
v -95.839599609375 486.0843811035156 -21.426403045654297 
v -91.74655151367188 481.4586486816406 -30.2384090423584 
v -86.76778411865234 477.6865234375 -37.400169372558594 
v -79.02095794677734 478.0028991699219 -49.76122283935547 
v -71.0215835571289 480.4486999511719 -60.66421890258789 
v -63.844791412353516 483.19384765625 -68.04650115966797 
v -56.91854476928711 488.1208801269531 -74.63227844238281 
v -51.294918060302734 493.1300354003906 -79.1270751953125 
v -46.7370491027832 497.8737487792969 -81.71576690673828 
v -42.57071304321289 510.3385925292969 -84.3973388671875 
v -37.6864013671875 521.3661499023438 -85.41435241699219 
v -89.78211975097656 524.6474609375 31.51314926147461 
v -93.77816772460938 518.261962890625 25.431480407714844 
v -98.44554901123047 511.85943603515625 12.976655960083008 
v -100.91967010498047 505.1813049316406 0.017121652141213417 
v -100.54512786865234 498.51165771484375 -9.798179626464844 
v -98.44334411621094 492.7813720703125 -20.715784072875977 
v -94.90308380126953 487.5728454589844 -29.22198486328125 
v -90.30803680419922 483.28704833984375 -36.72518539428711 
v -82.85901641845703 482.53582763671875 -48.60255432128906 
v -74.4679946899414 484.18572998046875 -60.117164611816406 
v -67.31976318359375 485.8959655761719 -67.05840301513672 
v -59.74221420288086 490.3246154785156 -74.15619659423828 
v -53.91796875 494.3460693359375 -78.49443817138672 
v -49.157562255859375 498.2320556640625 -81.16841125488281 
v -42.57071304321289 510.3385925292969 -84.3973388671875 
v -93.03726196289062 525.3095703125 25.60906219482422 
v -98.34634399414062 519.140625 13.524006843566895 
v -101.58430480957031 512.60986328125 0.4505610466003418 
v -101.90388488769531 505.8008728027344 -9.258132934570312 
v -100.42652130126953 499.6445007324219 -19.848609924316406 
v -97.47718811035156 493.9977111816406 -28.532686233520508 
v -93.4148941040039 489.121826171875 -35.609161376953125 
v -85.95710754394531 487.58343505859375 -48.0341796875 
v -77.7502670288086 488.1243591308594 -59.08642578125 
v -70.39564514160156 489.23681640625 -66.59663391113281 
v -62.68143844604492 492.4397277832031 -73.41695404052734 
v -56.215492248535156 496.2276306152344 -78.12496185302734 
v -51.04256820678711 499.83282470703125 -80.88422393798828 
v -44.46039962768555 511.15704345703125 -84.03486633300781 
v -37.6864013671875 521.3661499023438 -85.41435241699219 
v -97.52144622802734 526.4190063476562 13.701587677001953 
v -101.44310760498047 520.0064086914062 0.9979122877120972 
v -102.57044219970703 513.0994262695312 -8.58285140991211 
v -101.75564575195312 506.66156005859375 -19.329883575439453 
v -99.43073272705078 500.5887145996094 -27.68683433532715 
v -95.82377624511719 495.3559265136719 -35.08342361450195 
v -88.77743530273438 492.791259765625 -47.00343704223633 
v -80.44819641113281 492.503662109375 -58.624656677246094 
v -73.27776336669922 492.50714111328125 -65.67250061035156 
v -65.02587890625 495.2530212402344 -72.98351287841797 
v -58.55693817138672 497.86383056640625 -77.51364135742188 
v -53.13947296142578 500.7266845703125 -80.35819244384766 
v -44.46039962768555 511.15704345703125 -84.03486633300781 
v -100.7318344116211 527.326171875 1.1968145370483398 
v -102.46930694580078 520.5106201171875 -8.277342796325684 
v -102.35057067871094 513.8034057617188 -18.67592430114746 
v -100.68821716308594 507.4490661621094 -27.189428329467773 
v -97.7276382446289 501.6675109863281 -34.13797378540039 
v -90.8997802734375 498.39837646484375 -46.562992095947266 
v -82.91035461425781 496.92779541015625 -57.70052719116211 
v -75.53353118896484 496.33349609375 -65.31734466552734 
v -67.48587036132812 497.97772216796875 -72.28691101074219 
v -60.459224700927734 500.12420654296875 -77.18681335449219 
v -54.78486633300781 502.6322326660156 -80.09532928466797 
v -46.18210220336914 512.43701171875 -83.67240142822266 
v -37.6864013671875 521.3661499023438 -85.41435241699219 
v -101.71797180175781 527.8157958984375 -7.8365983963012695 
v -102.33342742919922 520.9838256835938 -18.37041473388672 
v -101.36713409423828 514.360107421875 -26.535470962524414 
v -98.86190032958984 508.2216491699219 -33.804134368896484 
v -92.67273712158203 504.0090026855469 -45.68150329589844 
v -84.67454528808594 501.751220703125 -57.36668395996094 
v -77.66716766357422 500.2460632324219 -64.47850036621094 
v -69.20781707763672 501.08709716796875 -71.93875885009766 
v -62.4770622253418 502.29595947265625 -76.59681701660156 
v -56.75578308105469 503.87225341796875 -79.56929779052734 
v -46.18210220336914 512.43701171875 -83.67240142822266 
v -101.51045227050781 528.1322631835938 -17.950992584228516 
v -101.16472625732422 521.3424072265625 -26.27260398864746 
v -99.49113464355469 514.8533325195312 -33.050575256347656 
v -93.63409423828125 509.9775390625 -45.41162872314453 
v -86.20296478271484 506.6195068359375 -56.57048416137695 
v -79.2584457397461 504.4839172363281 -64.20862579345703 
v -71.15895080566406 504.1492614746094 -71.30612182617188 
v -63.8704833984375 504.893798828125 -76.33395385742188 
v -57.892311096191406 506.115234375 -79.37039947509766 
v -47.64415740966797 514.0145263671875 -83.21034240722656 
v -37.6864013671875 521.3661499023438 -85.41435241699219 
v -100.53938293457031 528.3014526367188 -25.831859588623047 
v -99.39276123046875 521.6121826171875 -32.908626556396484 
v -94.28804779052734 515.834228515625 -44.70071029663086 
v -87.07540130615234 511.7716979980469 -56.36457061767578 
v -80.65596008300781 508.6512145996094 -63.47638702392578 
v -72.2164077758789 507.6701354980469 -71.04325866699219 
v -65.37945556640625 507.40301513671875 -75.80792236328125 
v -59.58162307739258 507.7754211425781 -78.86568450927734 
v -47.64415740966797 514.0145263671875 -83.21034240722656 
v -98.75973510742188 528.1763916015625 -32.3682861328125 
v -94.05876159667969 521.89208984375 -44.62273406982422 
v -87.64044189453125 516.81201171875 -55.71762466430664 
v -81.28385925292969 513.06103515625 -63.35575866699219 
v -73.43141174316406 510.98699951171875 -70.51722717285156 
v -66.3060073852539 510.222900390625 -75.60902404785156 
v -60.13764953613281 510.1991271972656 -78.7520751953125 
v -48.73101043701172 515.9780883789062 -82.9118423461914 
v -37.6864013671875 521.3661499023438 -85.41435241699219 
v -93.52207946777344 527.8380126953125 -44.10371017456055 
v -87.47787475585938 521.9794921875 -55.682281494140625 
v -81.78962707519531 517.55712890625 -62.7514533996582 
v -73.90837097167969 514.6885986328125 -70.33964538574219 
v -67.34810638427734 512.9541625976562 -75.14695739746094 
v -61.587345123291016 512.1641235351562 -78.26868438720703 
v -48.73101043701172 515.9780883789062 -82.9118423461914 
v -86.96590423583984 527.1504516601562 -55.20590591430664 
v -81.60977172851562 522.0650024414062 -62.758758544921875 
v -74.50088500976562 518.3015747070312 -69.8989028930664 
v -67.69416046142578 515.9547729492188 -75.03334045410156 
v -61.760494232177734 514.5791015625 -78.21903228759766 
v -49.506614685058594 518.0897216796875 -82.6559829711914 
v -37.6864013671875 521.3661499023438 -85.41435241699219 
v -81.34978485107422 526.543701171875 -62.282379150390625 
v -74.21208190917969 521.9857788085938 -69.84925079345703 
v -68.15576171875 518.8668212890625 -74.65655517578125 
v -62.701324462890625 516.8815307617188 -77.79960632324219 
v -49.506614685058594 518.0897216796875 -82.6559829711914 
v -74.03883361816406 525.5813598632812 -69.53643035888672 
v -67.89167785644531 521.7760009765625 -74.64955139160156 
v -62.37796401977539 519.2465209960938 -77.83524322509766 
v -49.76375198364258 520.27392578125 -82.6063232421875 
v -37.6864013671875 521.3661499023438 -85.41435241699219 
v -67.81477355957031 524.7532958984375 -74.3580551147461 
v -62.73829650878906 521.7296142578125 -77.50110626220703 
v -49.76375198364258 520.27392578125 -82.6063232421875 
v -62.07405090332031 523.9705200195312 -77.6007080078125 
v -49.61797332763672 522.4421997070312 -82.49971771240234 
v -37.6864013671875 521.3661499023438 -85.41435241699219 
v -67.0541763305664 527.6124877929688 -74.43633270263672 
v -73.139892578125 529.1741943359375 -69.59339141845703 
v -72.20088958740234 532.7523803710938 -69.40850067138672 
v -79.07952117919922 535.2559814453125 -62.13312911987305 
v -77.15325164794922 539.2588500976562 -62.46025466918945 
v -82.32471466064453 541.79443359375 -55.34113693237305 
v -79.95269775390625 546.4190673828125 -55.20590591430664 
v -85.41699981689453 550.1065673828125 -44.10371017456055 
v -82.0061264038086 555.0064697265625 -44.62273406982422 
v -85.91228485107422 558.6494750976562 -32.908626556396484 
v -81.64314270019531 563.8903198242188 -33.050575256347656 
v -82.76322937011719 565.4739990234375 -26.535470962524414 
v -77.80079650878906 570.331787109375 -27.189428329467773 
v -78.11231231689453 571.6211547851562 -19.329883575439453 
v -72.58366394042969 576.1422119140625 -19.848609924316406 
v -71.94635009765625 577.0862426757812 -9.798179626464844 
v -65.97362518310547 581.184326171875 -10.665353775024414 
v -64.66580963134766 581.1002807617188 -1.411421298980713 
v -58.179290771484375 584.4887084960938 -2.406524896621704 
v -55.645748138427734 582.7825927734375 10.162213325500488 
v -48.946258544921875 585.57080078125 9.344985961914062 
v -46.097373962402344 582.4432373046875 21.401710510253906 
v -39.42066955566406 584.58642578125 20.299999237060547 
v -37.80083084106445 581.90625 26.353336334228516 
v -31.150768280029297 583.1444702148438 25.450820922851562 
v -29.438182830810547 578.9931640625 32.023475646972656 
v -23.171833038330078 579.7177124023438 30.779521942138672 
v -21.56989288330078 573.5159912109375 38.61833572387695 
v -15.714987754821777 573.2142944335938 37.879390716552734 
v -15.017964363098145 566.6886596679688 44.352439880371094 
v -10.21618366241455 566.5089111328125 43.421302795410156 
v -10.37336540222168 556.2435302734375 51.18183898925781 
v -5.909469127655029 555.0108032226562 50.4925422668457 
v -7.4002909660339355 544.0547485351562 57.43497085571289 
v -2.5735511779785156 542.8206787109375 56.560787200927734 
v -4.687043190002441 537.0565795898438 59.30632019042969 
v -80.21891021728516 530.8360595703125 -62.46025466918945 
v -84.4609603881836 537.2146606445312 -55.01401138305664 
v -88.15460968017578 544.8310546875 -44.21762466430664 
v -89.64675903320312 553.214111328125 -32.3682861328125 
v -87.0963134765625 559.9951171875 -26.27260398864746 
v -83.15872955322266 566.5325927734375 -18.67592430114746 
v -77.67261505126953 572.3757934570312 -9.258132934570312 
v -70.834228515625 576.9428100585938 -0.7647666335105896 
v -62.01863479614258 579.3528442382812 11.135993957519531 
v -52.5992431640625 579.8444213867188 22.197616577148438 
v -44.20827865600586 579.7957153320312 27.412403106689453 
v -35.79703140258789 577.9102172851562 32.76242446899414 
v -27.339733123779297 572.7413940429688 39.77700424194336 
v -20.242698669433594 566.8916015625 45.1057014465332 
v -14.182130813598633 556.3231201171875 51.942405700683594 
v -10.799537658691406 545.0306396484375 57.932373046875 
v -8.449132919311523 538.0338745117188 59.988609313964844 
v -7.3626604080200195 530.059814453125 61.447261810302734 
v -85.81031799316406 532.2178344726562 -55.34113693237305 
v -90.58482360839844 539.443603515625 -43.8904914855957 
v -92.7499771118164 547.28759765625 -32.46087646484375 
v -91.09044647216797 554.26220703125 -25.831859588623047 
v -87.76107025146484 561.0210571289062 -18.37041473388672 
v -82.8746566772461 567.2131958007812 -8.58285140991211 
v -76.52042388916016 572.2177734375 0.017121652141213417 
v -68.14505767822266 575.3106689453125 11.782649993896484 
v -58.702877044677734 576.4473266601562 23.128753662109375 
v -50.55452346801758 577.2708740234375 28.186986923217773 
v -41.915191650390625 575.8250732421875 33.8997688293457 
v -33.16007614135742 571.7238159179688 40.430667877197266 
v -25.380443572998047 566.1482543945312 46.036842346191406 
v -18.4854793548584 556.582763671875 52.546417236328125 
v -13.728914260864258 545.051513671875 58.5436897277832 
v -11.26020336151123 538.7957153320312 60.500328063964844 
v -9.798527717590332 531.2077026367188 61.79541015625 
v -10.675641059875488 519.8976440429688 63.50291442871094 
v -92.2281494140625 533.6390380859375 -44.21762466430664 
v -95.43215942382812 541.2078857421875 -32.133750915527344 
v -94.25761413574219 548.09765625 -25.803529739379883 
v -91.72555541992188 555.0160522460938 -17.950992584228516 
v -87.56098937988281 561.4708862304688 -8.277342796325684 
v -81.80453491210938 566.954345703125 0.4505610466003418 
v -73.6756362915039 570.65966796875 12.543216705322266 
v -64.63168334960938 572.5946044921875 23.754087448120117 
v -56.50253677368164 573.9478149414062 29.096805572509766 
v -47.92823028564453 573.5709838867188 34.51079177856445 
v -38.65574645996094 569.9347534179688 41.482730865478516 
v -30.558258056640625 565.4195556640625 46.726139068603516 
v -22.701841354370117 555.8960571289062 53.32830810546875 
v -16.883625030517578 545.2850952148438 58.955806732177734 
v -13.557482719421387 538.8478393554688 60.88411331176758 
v -11.920148849487305 531.3265991210938 62.27880096435547 
v -12.89660930633545 520.5753784179688 63.78710174560547 
v -13.29362964630127 512.2265625 63.723426818847656 
v -97.32746124267578 534.7110595703125 -32.46087646484375 
v -97.0438232421875 541.79443359375 -25.59732437133789 
v -95.09034729003906 548.662109375 -17.90134048461914 
v -91.68110656738281 555.391845703125 -7.8365983963012695 
v -86.45079040527344 561.197509765625 0.9979122877120972 
v -78.9177474975586 565.5116577148438 12.976655960083008 
v -70.00662994384766 568.017578125 24.493331909179688 
v -62.233726501464844 570.2844848632812 29.700817108154297 
v -53.431331634521484 570.3473510742188 35.47756576538086 
v -44.13028335571289 567.7460327148438 42.008460998535156 
v -35.535457611083984 563.7030639648438 47.57199478149414 
v -26.916276931762695 555.3392944335938 53.868350982666016 
v -20.13660430908203 544.7704467773438 59.588443756103516 
v -16.195648193359375 539.0240478515625 61.33186721801758 
v -13.644608497619629 531.9542236328125 62.477699279785156 
v -12.89660930633545 520.5753784179688 63.78710174560547 
v -99.0030746459961 535.0595703125 -25.803529739379883 
v -97.846923828125 542.0867919921875 -17.716455459594727 
v -95.2435073852539 548.8485107421875 -7.765625953674316 
v -90.61097717285156 555.133056640625 1.1968145370483398 
v -83.52201080322266 559.8701782226562 13.524006843566895 
v -75.0511245727539 563.0590209960938 24.90545082092285 
v -67.41105651855469 565.8969116210938 30.41874122619629 
v -58.98493957519531 566.8806762695312 35.939334869384766 
v -49.23814392089844 564.901123046875 42.932594299316406 
v -40.4810905456543 561.844482421875 48.15468215942383 
v -31.043724060058594 553.8362426757812 54.58627700805664 
v -23.27403450012207 544.3443603515625 59.957916259765625 
v -18.774539947509766 538.656005859375 61.736976623535156 
v -15.5933256149292 531.487548828125 62.897125244140625 
v -14.613390922546387 520.8082275390625 64.08560180664062 
v -13.29362964630127 512.2265625 63.723426818847656 
v -100.00379180908203 535.1624755859375 -17.90134048461914 
v -98.04208374023438 542.1577758789062 -7.580739498138428 
v -94.13331604003906 548.5750732421875 1.5096300840377808 
v -87.56856536865234 553.7643432617188 13.701587677001953 
v -79.45777893066406 557.60693359375 25.431480407714844 
v -72.2579345703125 561.127685546875 30.809537887573242 
v -63.83098602294922 562.6338500976562 36.73553466796875 
v -54.16925811767578 561.7305908203125 43.30907440185547 
v -45.02849197387695 559.1876220703125 48.87260818481445 
v -35.05561828613281 552.4218139648438 55.041038513183594 
v -26.240482330322266 543.2027587890625 60.505271911621094 
v -21.467056274414062 538.329345703125 62.16340637207031 
v -17.55739974975586 531.8103637695312 63.117347717285156 
v -14.613390922546387 520.8082275390625 64.08560180664062 
v -100.2409439086914 535.1181640625 -7.765625953674316 
v -97.01395416259766 541.7835693359375 1.4526734352111816 
v -91.04890441894531 547.32177734375 14.01440143585205 
v -83.42034149169922 551.7318725585938 25.60906219482422 
v -76.50894927978516 555.7496337890625 31.314245223999023 
v -68.45828247070312 558.1767578125 36.98408889770508 
v -58.62006759643555 557.8626098632812 44.0626335144043 
v -49.54433059692383 556.3886108398438 49.32736587524414 
v -38.66927719116211 550.2091064453125 55.63103485107422 
v -29.360631942749023 542.1170654296875 60.83209991455078 
v -23.8730411529541 537.375732421875 62.50455093383789 
v -19.362850189208984 531.0302124023438 63.4941291809082 
v -16.384525299072266 520.5382080078125 64.36278533935547 
v -13.29362964630127 512.2265625 63.723426818847656 
v -99.2147445678711 534.6139526367188 1.5096300840377808 
v -93.8875503540039 540.6456909179688 13.957447052001953 
v -86.70306396484375 545.4786987304688 25.900554656982422 
v -80.50115966796875 550.146728515625 31.51314926147461 
v -72.44965362548828 553.09619140625 37.58839797973633 
v -62.965755462646484 553.8256225585938 44.28986358642578 
v -53.39268112182617 552.823974609375 49.87472152709961 
v -42.478633880615234 547.9369506835938 56.00050735473633 
v -32.154178619384766 540.3898315429688 61.31549072265625 
v -26.392656326293945 536.4635009765625 62.86701583862305 
v -21.339282989501953 530.965576171875 63.69302749633789 
v -16.384525299072266 520.5382080078125 64.36278533935547 
v -96.04634094238281 533.5914306640625 14.01440143585205 
v -89.57134246826172 539.07470703125 25.86492156982422 
v -83.58625793457031 544.0829467773438 31.7833194732666 
v -76.22228240966797 547.8052978515625 37.645057678222656 
v -66.4482650756836 549.08251953125 44.8302116394043 
v -57.28110122680664 549.27392578125 50.18022918701172 
v -45.5785026550293 545.0145263671875 56.46257400512695 
v -34.94580078125 538.7926025390625 61.55703353881836 
v -28.697372436523438 535.0809936523438 63.16551971435547 
v -23.04346466064453 529.7564697265625 64.02716827392578 
v -17.97039794921875 520.070068359375 64.59732055664062 
v -13.29362964630127 512.2265625 63.723426818847656 
v -91.53251647949219 532.2098999023438 25.900554656982422 
v -86.37054443359375 537.9097290039062 31.747684478759766 
v -79.04773712158203 542.0390625 38.014827728271484 
v -70.01091003417969 544.3685913085938 44.88686752319336 
v -60.46003723144531 545.0736694335938 50.578330993652344 
v -48.832069396972656 542.1480712890625 56.70411682128906 
v -37.25519561767578 536.6278076171875 61.933815002441406 
v -30.960094451904297 533.8139038085938 63.464019775390625 
v -24.918624877929688 529.2630004882812 64.18342590332031 
v -17.97039794921875 520.070068359375 64.59732055664062 
v -88.24773406982422 531.275634765625 31.7833194732666 
v -81.72606658935547 536.21923828125 37.858272552490234 
v -72.55475616455078 539.0224609375 45.235321044921875 
v -63.72104263305664 540.7725830078125 50.734588623046875 
v -51.376155853271484 538.6314086914062 57.03825378417969 
v -39.760284423828125 534.403564453125 62.09007263183594 
v -32.936279296875 531.9198608398438 63.6772346496582 
v -26.323915481567383 527.8145141601562 64.45359802246094 
v -19.588665008544922 519.2217407226562 64.68961334228516 
v -13.29362964630127 512.2265625 63.723426818847656 
v -83.45723724365234 529.924072265625 38.014827728271484 
v -75.02311706542969 533.7796020507812 45.07876205444336 
v -65.91932678222656 536.084716796875 50.9407958984375 
v -54.03194808959961 535.2860717773438 57.15187072753906 
v -41.58552932739258 531.80126953125 62.36024475097656 
v -34.8704719543457 530.1411743164062 63.89045333862305 
v -28.21143341064453 526.9335327148438 64.58853149414062 
v -19.588665008544922 519.2217407226562 64.68961334228516 
v -76.54430389404297 528.061279296875 45.235321044921875 
v -68.19966888427734 531.2960815429688 50.9051628112793 
v -55.8226318359375 531.364501953125 57.33675765991211 
v -43.606468200683594 529.1395263671875 62.40989303588867 
v -36.43414306640625 527.96630859375 64.01837921142578 
v -29.317834854125977 525.2455444335938 64.79473876953125 
v -21.043630599975586 518.0526733398438 64.86018371582031 
v -13.29362964630127 512.2265625 63.723426818847656 
v -69.57291412353516 526.0465698242188 50.9407958984375 
v -57.65338897705078 527.45751953125 57.27980041503906 
v -45.019195556640625 526.2564086914062 62.59477996826172 
v -38.0694465637207 525.9481811523438 64.16763305664062 
v -30.83483123779297 523.9683837890625 64.84439086914062 
v -21.043630599975586 518.0526733398438 64.86018371582031 
v -58.80429458618164 523.1724243164062 57.33675765991211 
v -46.47199249267578 523.3878173828125 62.53782272338867 
v -39.22060012817383 523.4925537109375 64.21027374267578 
v -31.642343521118164 522.0409545898438 64.98663330078125 
v -22.199705123901367 516.6441040039062 64.96678924560547 
v -13.29362964630127 512.2265625 63.723426818847656 
v -47.24494171142578 520.1411743164062 62.59477996826172 
v -40.32975769042969 521.1522216796875 64.25291442871094 
v -32.97407913208008 520.565673828125 64.99364471435547 
v -22.199705123901367 516.6441040039062 64.96678924560547 
v -41.026397705078125 518.5311279296875 64.21027374267578 
v -33.39870834350586 518.6295776367188 65.0719223022461 
v -23.0568904876709 514.99609375 65.00943756103516 
v -13.29362964630127 512.2265625 63.723426818847656 
v -34.431556701660156 516.914794921875 65.01496124267578 
v -23.0568904876709 514.99609375 65.00943756103516 
v -23.573190689086914 513.2240600585938 64.98811340332031 
v -13.29362964630127 512.2265625 63.723426818847656 
v -6.228463649749756 508.7403869628906 113.0873794555664 
v -22.02504539489746 511.0925598144531 114.84917449951172 
v -22.23753547668457 508.0339050292969 114.69992065429688 
v -38.04536437988281 510.5208435058594 114.72618865966797 
v -38.31988525390625 507.3540954589844 114.45600891113281 
v -52.624237060546875 506.9418029785156 112.56214904785156 
v -52.01636505126953 502.53924560546875 112.32060241699219 
v -65.7989730834961 501.02239990234375 108.27880096435547 
v -64.9273681640625 495.34783935546875 107.66748046875 
v -81.79032897949219 492.2081604003906 99.54971313476562 
v -79.51978302001953 485.2404479980469 99.00265502929688 
v -94.99313354492188 481.0722961425781 88.97177124023438 
v -91.91842651367188 473.02789306640625 87.72782135009766 
v -103.51054382324219 469.1457824707031 77.32044982910156 
v -98.83653259277344 460.6499328613281 76.28299713134766 
v -108.77664947509766 456.689208984375 64.2256851196289 
v -103.14008331298828 447.843017578125 62.633575439453125 
v -110.69808959960938 444.5832824707031 50.597877502441406 
v -103.54154205322266 435.8371887207031 49.133995056152344 
v -109.43626403808594 433.2787170410156 36.116912841796875 
v -101.40607452392578 424.9986572265625 34.1623420715332 
v -106.85724639892578 423.3240661621094 16.137863159179688 
v -97.69761657714844 415.5475769042969 14.275879859924316 
v -101.7415771484375 415.45147705078125 -4.260611057281494 
v -91.6138916015625 408.6293029785156 -6.350121974945068 
v -93.83097076416016 410.3509216308594 -22.212045669555664 
v -83.21170043945312 404.52581787109375 -24.322877883911133 
v -84.56116485595703 408.1529846191406 -39.96428680419922 
v -73.61553192138672 403.5157775878906 -41.9328727722168 
v -74.45172882080078 408.26275634765625 -55.59690475463867 
v -63.694358825683594 405.000732421875 -57.70073318481445 
v -64.26455688476562 411.87225341796875 -70.53263092041016 
v -53.607627868652344 409.5614318847656 -72.18840789794922 
v -54.638309478759766 420.7818603515625 -87.42469787597656 
v -44.91343688964844 419.9862976074219 -89.20870208740234 
v -46.58332061767578 433.00738525390625 -102.85901641845703 
v -37.964263916015625 432.8756103515625 -104.04570770263672 
v -40.132041931152344 445.4245910644531 -113.77691650390625 
v -32.7886848449707 446.2798156738281 -115.19143676757812 
v -36.07681655883789 459.8898620605469 -123.05216979980469 
v -29.893627166748047 460.9060363769531 -123.89071655273438 
v -33.97443771362305 473.62860107421875 -129.30470275878906 
v -29.266490936279297 475.3123779296875 -130.10791015625 
v -34.43226623535156 488.2991943359375 -133.33131408691406 
v -31.020906448364258 489.54022216796875 -133.8217010498047 
v -39.3267822265625 506.5445861816406 -135.40975952148438 
v -37.852909088134766 513.5867919921875 114.7545166015625 
v -52.38427734375 511.42779541015625 112.9176025390625 
v -66.44139862060547 506.74420166015625 108.60562896728516 
v -82.8617172241211 499.3927307128906 100.40987396240234 
v -97.56748962402344 489.32659912109375 89.64675903320312 
v -106.85942840576172 478.20465087890625 78.67101287841797 
v -113.74678802490234 466.0768127441406 65.49066162109375 
v -116.75677490234375 453.97509765625 52.417510986328125 
v -116.82968139648438 442.3723449707031 37.765682220458984 
v -115.2999496459961 431.8849182128906 18.17772102355957 
v -110.99478912353516 423.26202392578125 -2.2563869953155518 
v -103.84502410888672 417.1317138671875 -20.143857955932617 
v -94.86151123046875 413.7313232421875 -37.79649353027344 
v -84.9428482055664 412.73455810546875 -53.71360397338867 
v -74.47574615478516 414.8048095703125 -68.41449737548828 
v -64.1685562133789 422.9439392089844 -85.83989715576172 
v -55.02588653564453 433.72821044921875 -101.16730499267578 
v -47.560462951660156 445.6456298828125 -112.7821044921875 
v -42.13594436645508 459.0898742675781 -121.9717788696289 
v -38.76937484741211 472.89117431640625 -128.6793670654297 
v -37.843624114990234 487.05816650390625 -132.84091186523438 
v -42.73814010620117 505.3035583496094 -134.91937255859375 
v -47.24154281616211 523.6679077148438 -134.43716430664062 
v -52.070762634277344 515.886962890625 113.00989532470703 
v -66.16436767578125 512.3927001953125 109.02505493164062 
v -83.74400329589844 506.6391906738281 100.74372100830078 
v -98.90069580078125 497.91314697265625 90.63484954833984 
v -109.82158660888672 487.5147399902344 79.47392272949219 
v -117.58750915527344 475.968017578125 66.84823608398438 
v -121.91986083984375 463.9555969238281 53.62553787231445 
v -123.12329864501953 452.2416687011719 39.528358459472656 
v -122.83663940429688 441.2920227050781 19.86913299560547 
v -119.52916717529297 431.9869079589844 -0.31612685322761536 
v -113.026611328125 424.7855224609375 -18.160953521728516 
v -104.66834259033203 420.43670654296875 -35.89187240600586 
v -94.90230560302734 418.1888122558594 -51.609779357910156 
v -84.37676239013672 419.1925048828125 -66.75872039794922 
v -73.49075317382812 425.5529479980469 -84.01325225830078 
v -63.51152038574219 435.6407470703125 -99.89531707763672 
v -54.938377380371094 446.1096496582031 -111.28229522705078 
v -48.28206253051758 459.2362365722656 -121.06926727294922 
v -43.751495361328125 472.22186279296875 -127.76954650878906 
v -41.4995231628418 486.5594787597656 -132.26522827148438 
v -42.73814010620117 505.3035583496094 -134.91937255859375 
v -65.77178192138672 518.1297607421875 109.18131256103516 
v -83.39750671386719 513.8303833007812 101.36934661865234 
v -99.8891830444336 506.63555908203125 91.07530212402344 
v -111.31534576416016 497.07440185546875 80.54730987548828 
v -120.61853790283203 486.0871887207031 67.83602905273438 
v -126.0690689086914 474.35107421875 55.18931198120117 
v -128.63687133789062 462.6110534667969 40.94259262084961 
v -129.42913818359375 451.40081787109375 21.695775985717773 
v -127.15943908691406 441.4280700683594 1.5175249576568604 
v -121.56098937988281 433.51043701171875 -16.220693588256836 
v -113.6446304321289 427.8851318359375 -33.8306884765625 
v -104.41024780273438 424.6547546386719 -49.76911926269531 
v -93.94566345214844 424.2432861328125 -64.6192626953125 
v -82.46270751953125 429.6024475097656 -82.40713500976562 
v -71.63540649414062 437.94427490234375 -98.16096496582031 
v -62.203739166259766 447.83935546875 -110.22351837158203 
v -54.417747497558594 459.6401062011719 -119.9035873413086 
v -48.59334945678711 472.4161376953125 -127.08025360107422 
v -45.04179382324219 486.0194396972656 -131.71087646484375 
v -46.41599655151367 504.68218994140625 -134.22276306152344 
v -47.24154281616211 523.6679077148438 -134.43716430664062 
v -82.86190032958984 521.0833740234375 101.4686508178711 
v -99.53524780273438 515.2613525390625 91.78620910644531 
v -112.46437072753906 506.7698974609375 81.07303619384766 
v -122.4485092163086 496.55322265625 68.89510345458984 
v -129.25103759765625 485.17852783203125 56.120155334472656 
v -132.86538696289062 473.5580749511719 42.4280891418457 
v -134.93035888671875 462.15771484375 23.13132667541504 
v -133.84361267089844 451.7008972167969 3.24457049369812 
v -129.07763671875 442.9102478027344 -14.408363342285156 
v -121.90015411376953 436.37786865234375 -32.0753173828125 
v -113.087646484375 431.86370849609375 -47.77190017700195 
v -102.83386993408203 430.35296630859375 -63.02744674682617 
v -91.11298370361328 434.05755615234375 -80.58049011230469 
v -79.53311157226562 441.4721374511719 -96.88898468017578 
v -69.30496978759766 449.7706604003906 -108.68106842041016 
v -60.44280242919922 461.1797180175781 -118.9371109008789 
v -53.508758544921875 472.63720703125 -126.12779235839844 
v -48.714969635009766 486.18035888671875 -131.09254455566406 
v -46.41599655151367 504.68218994140625 -134.22276306152344 
v -98.87857818603516 523.9076538085938 91.9494857788086 
v -112.07337188720703 516.5582275390625 81.8479232788086 
v -123.51078033447266 507.1318054199219 69.58439636230469 
v -131.19187927246094 496.3382263183594 57.36410903930664 
v -136.2422332763672 484.84844970703125 43.543819427490234 
v -139.457763671875 473.34417724609375 24.680789947509766 
v -139.39642333984375 462.60723876953125 4.822363376617432 
v -135.64817810058594 453.1416931152344 -12.70263957977295 
v -129.32513427734375 445.6136474609375 -30.16338348388672 
v -121.04428100585938 440.11700439453125 -46.08049392700195 
v -111.12071228027344 437.158447265625 -60.994598388671875 
v -99.11412811279297 439.7137145996094 -79.038330078125 
v -87.18268585205078 445.4323425292969 -95.13330841064453 
v -76.18001556396484 452.9263000488281 -107.60096740722656 
v -66.31415557861328 462.66339111328125 -117.75011444091797 
v -58.355533599853516 473.8786315917969 -125.37452697753906 
v -52.23252487182617 486.4153137207031 -130.49554443359375 
v -50.04718017578125 504.95849609375 -133.6044464111328 
v -47.24154281616211 523.6679077148438 -134.43716430664062 
v -111.30799102783203 526.2102661132812 82.05382537841797 
v -123.22872924804688 517.7437744140625 70.30232238769531 
v -132.29147338867188 507.583740234375 57.975128173828125 
v -138.3043670654297 496.4443054199219 44.709495544433594 
v -142.82225036621094 485.02203369140625 25.817842483520508 
v -144.0155029296875 473.9577331542969 6.272228240966797 
v -141.24298095703125 463.9326477050781 -11.124846458435059 
v -135.77244567871094 455.5389099121094 -28.621227264404297 
v -128.2123565673828 448.9979553222656 -44.23252868652344 
v -118.61323547363281 444.9814758300781 -59.53071594238281 
v -106.7515869140625 445.8908386230469 -77.27565002441406 
v -94.19356536865234 450.3360595703125 -93.92528533935547 
v -82.77730560302734 456.2421875 -106.05851745605469 
v -71.91925811767578 465.3568115234375 -116.78363800048828 
v -63.04861068725586 475.0641174316406 -124.40074157714844 
v -55.767356872558594 487.30987548828125 -129.85589599609375 
v -50.04718017578125 504.95849609375 -133.6044464111328 
v -122.33460998535156 528.394287109375 70.67179870605469 
v -132.1202850341797 518.889404296875 58.87793731689453 
v -139.37156677246094 508.07000732421875 45.4627571105957 
v -145.02764892578125 496.9313659667969 27.026159286499023 
v -147.43157958984375 485.7850646972656 7.551521301269531 
v -145.74842834472656 475.2417907714844 -9.696304321289062 
v -141.3175811767578 466.05047607421875 -26.943832397460938 
v -134.4027862548828 458.5683898925781 -42.75433349609375 
v -125.43275451660156 453.34356689453125 -57.647117614746094 
v -113.44103240966797 453.02960205078125 -75.86141967773438 
v -100.80069732666016 455.7461853027344 -92.25489807128906 
v -88.80752563476562 460.6583251953125 -105.04238891601562 
v -77.48428344726562 468.03564453125 -115.5753173828125 
v -67.5594253540039 477.22857666015625 -123.6474838256836 
v -59.18856430053711 488.1631164550781 -129.23757934570312 
v -53.58201217651367 505.85308837890625 -132.9647979736328 
v -47.24154281616211 523.6679077148438 -134.43716430664062 
v -131.03623962402344 530.1240844726562 59.12649154663086 
v -139.16607666015625 519.8858642578125 46.26596450805664 
v -146.04049682617188 509.0599670410156 27.800745010375977 
v -149.6150360107422 497.8170471191406 8.638919830322266 
v -149.20651245117188 486.9537353515625 -8.417011260986328 
v -145.65780639648438 477.1687927246094 -25.67885398864746 
v -139.69102478027344 468.72509765625 -41.14090347290039 
v -131.27268981933594 462.52508544921875 -56.37512969970703 
v -119.6951675415039 460.5325622558594 -74.24799346923828 
v -106.76912689208984 462.099853515625 -91.13216400146484 
v -94.55998229980469 465.2347106933594 -103.56389617919922 
v -82.48417663574219 471.6847839355469 -114.65148162841797 
v -72.03016662597656 479.3784484863281 -122.65238189697266 
v -62.47142791748047 489.7499694824219 -128.59793090820312 
v -53.58201217651367 505.85308837890625 -132.9647979736328 
v -138.0076141357422 531.6161499023438 46.65676498413086 
v -145.978271484375 521.1892700195312 28.646596908569336 
v -150.67947387695312 510.0950927734375 9.555745124816895 
v -151.4319610595703 498.870361328125 -7.329612731933594 
v -148.95257568359375 488.5599670410156 -24.3212833404541 
v -143.9299774169922 479.4145812988281 -39.9185676574707 
v -136.36798095703125 472.08892822265625 -54.70474624633789 
v -124.92963409423828 468.84039306640625 -73.00433349609375 
v -112.3041763305664 468.687744140625 -89.56838989257812 
v -99.71573638916016 470.6392517089844 -102.63304901123047 
v -87.24636840820312 475.50872802734375 -113.50712585449219 
v -75.9777603149414 482.38323974609375 -121.94175720214844 
v -65.75428771972656 491.3368225097656 -127.95828247070312 
v -56.86487579345703 507.43994140625 -132.3251495361328 
v -47.24154281616211 523.6679077148438 -134.43716430664062 
v -144.69383239746094 533.2657470703125 29.03739356994629 
v -150.5952911376953 522.3470458984375 10.280677795410156 
v -152.49639892578125 511.1484069824219 -6.41278600692749 
v -151.1264190673828 500.3271484375 -23.376129150390625 
v -147.12347412109375 490.37689208984375 -38.603641510009766 
v -140.29844665527344 482.2741394042969 -53.68861389160156 
v -129.6151885986328 477.4710693359375 -71.58280181884766 
v -116.9016342163086 475.979736328125 -88.61622619628906 
v -104.5517349243164 476.31939697265625 -101.23985290527344 
v -91.41378784179688 480.0308532714844 -112.6685791015625 
v -79.77165985107422 485.3321228027344 -121.0106201171875 
v -68.59991455078125 493.4178771972656 -127.36128234863281 
v -56.86487579345703 507.43994140625 -132.3251495361328 
v -149.2068328857422 534.64697265625 10.792394638061523 
v -152.340576171875 523.24365234375 -5.709176063537598 
v -152.18319702148438 512.2103881835938 -22.35970115661621 
v -149.19606018066406 501.7152099609375 -37.70112991333008 
v -143.41262817382812 492.6849060058594 -52.29541015625 
v -133.09579467773438 486.70855712890625 -70.57367706298828 
v -120.91008758544922 483.5799865722656 -87.24433898925781 
v -108.45014190673828 482.7035827636719 -100.458251953125 
v -95.45714569091797 484.7691650390625 -111.58818817138672 
v -83.19802856445312 489.0618591308594 -120.34264373779297 
v -71.51718139648438 495.6556701660156 -126.74295806884766 
v -59.66851043701172 509.6363830566406 -131.7281494140625 
v -47.24154281616211 523.6679077148438 -134.43716430664062 
v -150.99411010742188 535.4281616210938 -5.197458267211914 
v -152.01776123046875 524.0408325195312 -21.7983341217041 
v -150.2651824951172 513.2109375 -36.706024169921875 
v -145.3323516845703 503.4449157714844 -51.577781677246094 
v -135.9558563232422 496.1121826171875 -69.40800476074219 
v -124.06493377685547 491.653564453125 -86.48406982421875 
v -112.07079315185547 489.248046875 -99.21430206298828 
v -98.67845916748047 490.1229553222656 -110.85624694824219 
v -86.35707092285156 492.6943054199219 -119.47547149658203 
v -73.88358306884766 498.3463134765625 -126.1885986328125 
v -59.66851043701172 509.6363830566406 -131.7281494140625 
v -150.73526000976562 535.9873046875 -21.165695190429688 
v -150.1121063232422 524.6538696289062 -36.165977478027344 
v -146.36415100097656 514.2737426757812 -50.50440216064453 
v -137.58135986328125 505.8504333496094 -68.67606353759766 
v -126.55914306640625 499.8786926269531 -85.32540130615234 
v -114.68221282958984 496.33984375 -98.60327911376953 
v -101.74607849121094 495.4208068847656 -109.9037857055664 
v -88.92133331298828 497.02496337890625 -118.91410064697266 
v -76.36360931396484 501.0782775878906 -125.6129150390625 
v -62.14854049682617 512.3683471679688 -131.1524658203125 
v -47.24154281616211 523.6679077148438 -134.43716430664062 
v -148.8419647216797 536.2128295898438 -35.55466079711914 
v -146.17184448242188 525.1796875 -50.1279182434082 
v -138.62828063964844 515.6394653320312 -67.78756713867188 
v -127.97249603271484 508.4944152832031 -84.82099151611328 
v -116.94424438476562 503.43511962890625 -97.55122375488281 
v -103.764404296875 501.2513732910156 -109.34242248535156 
v -91.33190155029297 501.2996520996094 -118.13220977783203 
v -78.17915344238281 504.22174072265625 -125.12252044677734 
v -62.14854049682617 512.3683471679688 -131.1524658203125 
v -145.02000427246094 535.9977416992188 -49.4170036315918 
v -138.3690185546875 525.6063842773438 -67.3541259765625 
v -128.88084411621094 517.1876220703125 -83.89685821533203 
v -118.12542724609375 510.9210205078125 -97.1534194946289 
v -105.7006607055664 507.1827697753906 -108.5392074584961 
v -93.0044174194336 505.95904541015625 -117.69877624511719 
v -79.99468994140625 507.3652038574219 -124.63212585449219 
v -63.94404602050781 515.5045166015625 -130.54115295410156 
v -47.24154281616211 523.6679077148438 -134.43716430664062 
v -137.45953369140625 535.4673461914062 -66.78545379638672 
v -128.72067260742188 525.8839721679688 -83.64830780029297 
v -118.84357452392578 518.3690185546875 -96.33589935302734 
v -106.67161560058594 513.4161376953125 -108.12709045410156 
v -94.5948715209961 510.71923828125 -117.02349090576172 
v -81.18773651123047 510.80474853515625 -124.22701263427734 
v -63.94404602050781 515.5045166015625 -130.54115295410156 
v -65.1571273803711 518.9513549804688 -130.2569580078125 
v -47.24154281616211 523.6679077148438 -134.43716430664062 
v -142.68603515625 546.777587890625 -49.402984619140625 
v -143.1477813720703 558.5748901367188 -35.14955139160156 
v -140.12545776367188 570.1494750976562 -20.988117218017578 
v -134.32199096679688 581.2344970703125 -5.197458267211914 
v -125.60810089111328 590.9988403320312 10.280677795410156 
v -113.57816314697266 598.2495727539062 27.800745010375977 
v -99.54273223876953 602.9411010742188 44.709495544433594 
v -85.36598205566406 605.7518310546875 56.120155334472656 
v -70.51081085205078 605.310302734375 66.84823608398438 
v -55.341976165771484 601.4879760742188 77.32044982910156 
v -40.921119689941406 594.2791748046875 86.83961486816406 
v -27.382755279541016 582.295654296875 95.96769714355469 
v -16.44088363647461 567.3372192382812 104.09977722167969 
v -9.375251770019531 554.7042236328125 108.27651977539062 
v -5.020819187164307 540.4447021484375 111.05888366699219 
v -3.9696145057678223 524.5128784179688 112.91622161865234 
v -146.54722595214844 547.5296020507812 -35.37708282470703 
v -144.74710083007812 559.1570434570312 -20.760587692260742 
v -140.18394470214844 570.43212890625 -4.877635478973389 
v -132.45071411132812 580.68408203125 10.792394638061523 
v -121.32704162597656 588.9180297851562 28.646596908569336 
v -107.83312225341797 594.7212524414062 45.4627571105957 
v -94.02606201171875 598.4505004882812 57.36410903930664 
v -79.33718872070312 599.5068359375 67.83602905273438 
v -63.730289459228516 596.7010498046875 78.67101287841797 
v -48.957271575927734 591.0628051757812 87.72782135009766 
v -34.237037658691406 579.9557495117188 97.2116470336914 
v -22.085569381713867 566.3863525390625 104.85303497314453 
v -13.705239295959473 554.0588989257812 109.07972717285156 
v -8.175529479980469 540.6782836914062 111.47100067138672 
v -7.124323844909668 524.7463989257812 113.32833099365234 
v -6.228463649749756 508.7403869628906 113.0873794555664 
v -148.31454467773438 547.650146484375 -20.988117218017578 
v -144.9096221923828 559.2161865234375 -4.771027565002441 
v -138.3126678466797 569.8817138671875 11.11221694946289 
v -128.105712890625 578.84130859375 29.03739356994629 
v -115.27075958251953 585.5377197265625 46.26596450805664 
v -102.09687042236328 590.5427856445312 57.975128173828125 
v -87.46644592285156 592.6657104492188 68.89510345458984 
v -71.98385620117188 591.47314453125 79.47392272949219 
v -56.48347473144531 586.8768310546875 88.97177124023438 
v -41.028194427490234 577.3316040039062 97.92927551269531 
v -27.48764419555664 564.563232421875 105.76285552978516 
v -18.075300216674805 553.4281616210938 109.64109802246094 
v -11.159258842468262 540.1962890625 112.06099700927734 
v -7.124323844909668 524.7463989257812 113.32833099365234 
v -148.54100036621094 547.4712524414062 -4.877635478973389 
v -143.08033752441406 558.5503540039062 11.21882438659668 
v -133.79200744628906 568.1056518554688 29.456815719604492 
v -121.92343139648438 575.80712890625 46.65676498413086 
v -109.23286437988281 581.7720947265625 58.87793731689453 
v -95.07998657226562 585.244873046875 69.58439636230469 
v -79.27295684814453 585.1102294921875 80.54730987548828 
v -63.76129913330078 582.2084350585938 89.64675903320312 
v -47.30941390991211 573.73779296875 99.00265502929688 
v -32.786521911621094 562.4412231445312 106.38819122314453 
v -22.202747344970703 551.9251098632812 110.35902404785156 
v -14.183058738708496 539.7288818359375 112.40914154052734 
v -10.128089904785156 524.2716674804688 113.79740905761719 
v -6.228463649749756 508.7403869628906 113.0873794555664 
v -146.75372314453125 546.6900634765625 11.11221694946289 
v -138.53770446777344 556.89697265625 29.442502975463867 
v -127.48374938964844 565.4176025390625 47.07618713378906 
v -115.62397003173828 572.468994140625 59.12649154663086 
v -101.6851577758789 576.934326171875 70.30232238769531 
v -86.38530731201172 578.4215698242188 81.07303619384766 
v -70.30191802978516 576.4877319335938 90.63484954833984 
v -53.52751159667969 569.8596801757812 99.54971313476562 
v -37.75879669189453 559.6776733398438 107.17007446289062 
v -26.412260055541992 550.3212280273438 110.83509826660156 
v -17.107513427734375 538.70263671875 112.95649719238281 
v -10.128089904785156 524.2716674804688 113.79740905761719 
v -142.14906311035156 545.144775390625 29.456815719604492 
v -132.1034698486328 554.5551147460938 47.06187438964844 
v -120.88262939453125 562.4923706054688 59.645511627197266 
v -107.84623718261719 568.2008056640625 70.67179870605469 
v -92.3775863647461 570.6719970703125 81.8479232788086 
v -76.6657943725586 570.4413452148438 91.07530212402344 
v -58.96641159057617 565.0446166992188 100.40987396240234 
v -42.62787628173828 556.615234375 107.66748046875 
v -30.2951717376709 548.0758666992188 111.46774291992188 
v -20.00040626525879 537.5342407226562 113.24068450927734 
v -13.072579383850098 523.2527465820312 114.22383880615234 
v -6.228463649749756 508.7403869628906 113.0873794555664 
v -135.58883666992188 543.1490478515625 47.07618713378906 
v -125.35440826416016 552.0986938476562 59.51028060913086 
v -112.68770599365234 558.7256469726562 71.02725219726562 
v -97.99549102783203 562.7860717773438 82.05382537841797 
v -81.9392318725586 563.6060791015625 91.78620910644531 
v -64.3001937866211 560.0606689453125 100.74372100830078 
v -46.94309616088867 552.8285522460938 108.27880096435547 
v -34.10452651977539 545.8036499023438 111.83721160888672 
v -22.7099609375 536.0377807617188 113.72407531738281 
v -13.072579383850098 523.2527465820312 114.22383880615234 
v -128.65176391601562 541.1468505859375 59.645511627197266 
v -117.00110626220703 549.0582885742188 71.03426361083984 
v -102.40933227539062 554.0699462890625 82.5088882446289 
v -86.9939193725586 556.560546875 91.9494857788086 
v -68.65716552734375 554.3291625976562 101.36934661865234 
v -51.113128662109375 548.8583374023438 108.60562896728516 
v -37.360015869140625 542.8072509765625 112.32060241699219 
v -25.387954711914062 534.399169921875 113.94429779052734 
v -15.730537414550781 521.6068115234375 114.56498718261719 
v -6.228463649749756 508.7403869628906 113.0873794555664 
v -119.95288848876953 538.7647094726562 71.02725219726562 
v -106.33517456054688 545.1762084960938 82.37364959716797 
v -90.95816040039062 548.72607421875 92.38321685791016 
v -72.90901947021484 548.4287109375 101.4686508178711 
v -54.53167724609375 544.353271484375 109.02505493164062 
v -40.65558624267578 539.825439453125 112.56214904785156 
v -27.655353546142578 532.3497314453125 114.32107543945312 
v -15.730537414550781 521.6068115234375 114.56498718261719 
v -109.08657836914062 535.724365234375 82.5088882446289 
v -94.50604248046875 540.8707885742188 92.24798583984375 
v -76.1420669555664 541.8961791992188 101.8597412109375 
v -57.918670654296875 539.7060546875 109.18131256103516 
v -43.35529327392578 536.2347412109375 112.9176025390625 
v -29.962825775146484 530.31494140625 114.45600891113281 
v -18.059967041015625 519.4493408203125 114.82083892822266 
v -6.228463649749756 508.7403869628906 113.0873794555664 
v -96.8794937133789 532.4573364257812 92.38321685791016 
v -79.2280044555664 535.31005859375 101.7245101928711 
v -60.440555572509766 534.4826049804688 109.4088363647461 
v -45.981449127197266 532.6172485351562 113.00989532470703 
v -31.788068771362305 527.712646484375 114.72618865966797 
v -18.059967041015625 519.4493408203125 114.82083892822266 
v -81.1395034790039 528.165771484375 101.8597412109375 
v -62.846885681152344 529.3477783203125 109.37320709228516 
v -47.92775344848633 528.6216430664062 113.21611022949219 
v -33.61138916015625 525.2402954101562 114.7545166015625 
v -19.88328742980957 516.9769897460938 114.84917449951172 
v -6.228463649749756 508.7403869628906 113.0873794555664 
v -64.34611511230469 523.752197265625 109.4088363647461 
v -49.80050277709961 524.5993041992188 113.15914916992188 
v -34.982120513916016 522.4725341796875 114.93939971923828 
v -19.88328742980957 516.9769897460938 114.84917449951172 
v -50.993408203125 520.1988525390625 113.21611022949219 
v -36.279293060302734 519.677978515625 114.86112213134766 
v -21.316049575805664 514.1011352539062 114.91313171386719 
v -6.228463649749756 508.7403869628906 113.0873794555664 
v -37.123878479003906 516.5880737304688 114.93939971923828 
v -21.316049575805664 514.1011352539062 114.91313171386719 
v -22.02504539489746 511.0925598144531 114.84917449951172 
v -6.228463649749756 508.7403869628906 113.0873794555664 
v -13.29362964630127 512.2265625 63.723426818847656 
v -12.138833045959473 502.92095947265625 62.472171783447266 
v -10.448932647705078 503.612548828125 62.358558654785156 
v -8.228134155273438 492.7429504394531 59.21550750732422 
v -6.639505386352539 493.8634033203125 59.144535064697266 
v -3.971524953842163 487.40435791015625 56.19337463378906 
v -1.6668097972869873 488.7868347167969 55.894874572753906 
v 0.9084258675575256 483.79888916015625 52.424407958984375 
v 3.65997576713562 485.41070556640625 51.94102096557617 
v 8.828592300415039 477.1268615722656 43.228904724121094 
v 11.968534469604492 480.03466796875 43.00868225097656 
v 17.097930908203125 473.202392578125 33.39316940307617 
v 20.946279525756836 476.76702880859375 32.84581756591797 
v 24.346864700317383 473.0466613769531 24.951229095458984 
v 27.909513473510742 477.7606201171875 24.894573211669922 
v 31.186054229736328 474.73870849609375 15.691177368164062 
v 34.554935455322266 479.523193359375 15.17215633392334 
v 36.58980941772461 477.9985656738281 7.7609543800354 
v 39.81133270263672 484.6659851074219 7.753945350646973 
v 40.84442138671875 484.0286560058594 1.0609629154205322 
v 45.25141143798828 493.66192626953125 0.9117116928100586 
v 45.46030044555664 493.5859069824219 -11.96954345703125 
v -10.206488609313965 492.54833984375 59.65625 
v -6.4911394119262695 486.4920959472656 56.555843353271484 
v -1.9251900911331177 482.08624267578125 52.665950775146484 
v 5.0593109130859375 474.8401184082031 43.8402214050293 
v 13.209510803222656 469.65234375 33.69868087768555 
v 20.081315994262695 468.9805603027344 25.662147521972656 
v 27.114538192749023 469.68731689453125 15.811802864074707 
v 32.96128463745117 472.9165954589844 8.180376052856445 
v 37.42528533935547 477.17181396484375 1.0892926454544067 
v 41.08294677734375 483.6805114746094 -11.841614723205566 
v 44.46319580078125 494.21014404296875 -24.858104705810547 
v -8.897127151489258 485.5384826660156 56.89698791503906 
v -5.005268096923828 480.9859619140625 53.23462677001953 
v 1.405582308769226 472.6419677734375 44.18837356567383 
v 8.733742713928223 466.8387451171875 34.39528274536133 
v 15.55036735534668 465.1416931152344 25.93202018737793 
v 22.567380905151367 465.2010498046875 16.544038772583008 
v 28.670185089111328 467.5531311035156 8.443243980407715 
v 33.82638931274414 471.8177185058594 1.4873934984207153 
v 37.599849700927734 476.5856018066406 -11.692362785339355 
v 39.866268157958984 483.99267578125 -24.587932586669922 
v 42.484046936035156 494.7998352050781 -33.720943450927734 
v -8.01179027557373 479.8589172363281 53.54013442993164 
v -2.566241502761841 471.2129211425781 44.884979248046875 
v 4.1462721824646 464.19647216796875 34.87136459350586 
v 10.699397087097168 461.9419860839844 26.79218864440918 
v 17.641193389892578 460.9833984375 16.856557846069336 
v 23.86338233947754 462.76934814453125 9.075881004333496 
v 29.379674911499023 466.3802185058594 1.7715821266174316 
v 33.803340911865234 471.0421142578125 -11.272941589355469 
v 36.32114028930664 476.7897033691406 -24.559602737426758 
v 37.90907287597656 484.70501708984375 -33.571693420410156 
v 39.0431022644043 496.05224609375 -43.174373626708984 
v -6.733761310577393 469.7244567871094 45.361061096191406 
v -0.7592915892601013 462.32330322265625 35.69589614868164 
v 5.511390209197998 459.12628173828125 27.232633590698242 
v 12.167730331420898 457.4875793457031 17.80200958251953 
v 18.64598274230957 458.3963317871094 9.551963806152344 
v 24.375247955322266 461.40704345703125 2.4255411624908447 
v 29.159006118774414 465.41522216796875 -10.96743106842041 
v 32.52463150024414 471.2461853027344 -24.140180587768555 
v 34.42598342895508 477.6101379394531 -33.42244338989258 
v 34.645713806152344 486.15411376953125 -43.167362213134766 
v 35.671592712402344 497.0180358886719 -50.28766632080078 
v -5.776564121246338 460.6214294433594 36.29990768432617 
v 0.11699646711349487 456.90838623046875 28.242053985595703 
v 6.584486484527588 454.2930603027344 18.28510093688965 
v 12.954863548278809 454.7184143066406 10.397815704345703 
v 18.960227966308594 456.8446350097656 2.922945737838745 
v 23.95696258544922 460.25262451171875 -10.29215145111084 
v 27.838302612304688 465.50390625 -23.834671020507812 
v 30.58939552307129 472.08123779296875 -33.2448616027832 
v 31.224653244018555 479.1673278808594 -42.897193908691406 
v 31.328554153442383 487.622802734375 -50.259334564208984 
v 31.880693435668945 498.2671203613281 -55.942901611328125 
v -5.4588117599487305 455.1484680175781 28.810428619384766 
v 0.6515895128250122 452.00982666015625 19.379802703857422 
v 6.966780662536621 451.4099426269531 11.06579303741455 
v 13.071492195129395 452.9773254394531 3.7901194095611572 
v 18.386322021484375 455.6162109375 -9.773425102233887 
v 22.594263076782227 460.2259521484375 -23.159391403198242 
v 25.94313621520996 466.3243713378906 -32.697509765625 
v 27.543691635131836 473.7124328613281 -42.74093246459961 
v 28.1051082611084 480.8254089355469 -50.01048278808594 
v 27.797306060791016 489.1694030761719 -55.814971923828125 
v 23.441200256347656 500.9468688964844 -65.10542297363281 
v -5.546714782714844 449.9538269042969 20.03346824645996 
v 0.6606027483940125 448.87054443359375 12.082218170166016 
v 6.9277873039245605 449.59478759765625 4.479417324066162 
v 12.299965858459473 451.5594787597656 -8.884929656982422 
v 16.86799430847168 455.5155029296875 -22.619342803955078 
v 20.701021194458008 461.1763610839844 -32.26407241821289 
v 22.981422424316406 468.18634033203125 -42.193580627441406 
v 24.394514083862305 475.64263916015625 -49.83290481567383 
v 24.699851989746094 482.7181396484375 -55.56612014770508 
v 19.715734481811523 492.8948669433594 -65.09841918945312 
v 14.007594108581543 504.11907958984375 -73.45013427734375 
v -5.786916255950928 446.77459716796875 12.899445533752441 
v 0.46598517894744873 446.98138427734375 5.51716423034668 
v 5.88700532913208 448.144287109375 -8.15298843383789 
v 10.739643096923828 451.3433837890625 -21.730846405029297 
v 15.014830589294434 456.4513244628906 -31.4821834564209 
v 17.89493179321289 463.11236572265625 -41.781463623046875 
v 20.10149383544922 470.1492004394531 -49.32819366455078 
v 21.166837692260742 477.7320861816406 -55.53078079223633 
v 16.983875274658203 487.0945129394531 -64.87088775634766 
v 10.793750762939453 497.0568542480469 -73.34352111816406 
v 6.494681358337402 506.33087158203125 -78.18123626708984 
v -6.2507853507995605 444.852783203125 6.377034664154053 
v -0.7724130749702454 445.3414611816406 -7.0939202308654785 
v 4.213057041168213 447.96954345703125 -20.977584838867188 
v 9.002030372619629 452.3678283691406 -30.85685157775879 
v 12.406354904174805 458.57672119140625 -41.020896911621094 
v 15.098994255065918 465.3059997558594 -48.91607666015625 
v 16.977846145629883 472.46209716796875 -54.9051513671875 
v 13.774468421936035 482.6440124511719 -64.85687255859375 
v 8.427492141723633 491.9074401855469 -73.13732147216797 
v 3.6387598514556885 500.31439208984375 -78.19554901123047 
v -2.3713371753692627 509.2965087890625 -82.39331817626953 
v -7.758433818817139 443.18017578125 -6.191407203674316 
v -2.4883573055267334 445.0513610839844 -19.918516159057617 
v 2.5155158042907715 448.9794006347656 -29.86174774169922 
v 6.435553550720215 454.6086120605469 -40.395565032958984 
v 9.766040802001953 460.8443908691406 -48.17683029174805 
v 12.152926445007324 467.8155822753906 -54.635276794433594 
v 10.13633918762207 477.8268737792969 -64.29520416259766 
v 5.58368444442749 488.1078796386719 -73.14462280273438 
v 1.7001302242279053 495.92401123046875 -77.8897476196289 
v -4.73567533493042 504.277099609375 -82.428955078125 
v -9.730830192565918 511.4524841308594 -84.78428649902344 
v -9.588007926940918 442.9314270019531 -18.99468231201172 
v -4.225971221923828 446.0758056640625 -29.044519424438477 
v 0.17629437148571014 451.1374816894531 -39.4431037902832 
v 3.9928596019744873 457.065673828125 -47.572818756103516 
v 7.151259899139404 463.4947509765625 -53.817752838134766 
v 5.790647029876709 473.7899169921875 -64.06797790527344 
v 2.4667773246765137 484.01568603515625 -72.62560272216797 
v -0.8200717568397522 492.65997314453125 -77.91837310791016 
v -6.442368507385254 500.5862731933594 -82.24407196044922 
v -11.603581428527832 507.43011474609375 -84.84124755859375 
v -16.415416717529297 513.36279296875 -85.930419921875 
v -11.129924774169922 444.01531982421875 -27.900165557861328 
v -6.481201171875 448.4646301269531 -38.625877380371094 
v -2.0687832832336426 453.783935546875 -46.64168167114258 
v 1.5556589365005493 459.9127197265625 -53.35598373413086 
v 1.2978426218032837 469.8065185546875 -63.314414978027344 
v -1.2860571146011353 480.54693603515625 -72.46233367919922 
v -3.499746799468994 489.0619812011719 -77.4419937133789 
v -8.42131233215332 498.0399169921875 -82.19441986083984 
v -12.902678489685059 504.5056457519531 -84.67768096923828 
v -17.146373748779297 510.2315368652344 -85.87346649169922 
v -28.940872192382812 517.9216918945312 -86.57243347167969 
v -13.271530151367188 446.36279296875 -37.50284194946289 
v -8.457023620605469 451.1437683105469 -45.867095947265625 
v -4.21669340133667 456.6563720703125 -52.3465690612793 
v -3.7468960285186768 466.6773376464844 -62.91661071777344 
v -5.186005592346191 477.13177490234375 -71.77274322509766 
v -6.857341289520264 485.9720458984375 -77.32136535644531 
v -10.528165817260742 495.0174255371094 -81.90292358398438 
v -14.600013732910156 502.3794250488281 -84.64935302734375 
v -18.843708038330078 508.1053161621094 -85.84513854980469 
v -30.000354766845703 515.302001953125 -86.43019104003906 
v -37.6864013671875 521.3661499023438 -85.41435241699219 
v -14.978100776672363 449.0745849609375 -44.78670883178711 
v -10.427356719970703 454.212890625 -51.71422576904297 
v -8.89675521850586 463.71710205078125 -61.99247741699219 
v -9.566256523132324 474.4140625 -71.46022033691406 
v -10.092801094055176 482.9683532714844 -76.7170639038086 
v -13.344502449035645 492.6451721191406 -81.70402526855469 
v -16.227638244628906 499.9665222167969 -84.40050506591797 
v -19.5375919342041 506.1365661621094 -85.72421264648438 
v -30.000354766845703 515.302001953125 -86.43019104003906 
v -16.659143447875977 452.1690979003906 -50.55555725097656 
v -14.484918594360352 461.5697021484375 -61.44542694091797 
v -13.937994003295898 471.82391357421875 -70.6427001953125 
v -13.922189712524414 480.7034606933594 -76.468505859375 
v -16.04913330078125 490.1015930175781 -81.28459930419922 
v -18.493114471435547 498.0470886230469 -84.26556396484375 
v -21.40782928466797 504.595947265625 -85.63191986083984 
v -31.084796905517578 513.7366943359375 -86.34490203857422 
v -37.6864013671875 521.3661499023438 -85.41435241699219 
v -20.0225830078125 459.6652526855469 -60.39336395263672 
v -18.748044967651367 470.0466613769531 -70.2022476196289 
v -17.785066604614258 478.4507751464844 -75.71495056152344 
v -19.152002334594727 488.3562927246094 -81.00041198730469 
v -20.64688491821289 495.9563293457031 -83.91010284423828 
v -22.640216827392578 502.56182861328125 -85.42571258544922 
v -31.084796905517578 513.7366943359375 -86.34490203857422 
v -23.54958152770996 468.3969421386719 -69.25679779052734 
v -22.01461410522461 476.854248046875 -75.35978698730469 
v -22.185161590576172 486.32427978515625 -80.4957046508789 
v -23.240888595581055 494.5484924316406 -83.68988037109375 
v -24.767349243164062 501.3760681152344 -85.26945495605469 
v -32.665748596191406 512.2214965820312 -86.17433166503906 
v -37.6864013671875 521.3661499023438 -85.41435241699219 
v -26.122026443481445 475.3438720703125 -74.52094268798828 
v -25.688190460205078 485.2472839355469 -80.10491180419922 
v -25.72318458557129 492.9693298339844 -83.24913787841797 
v -26.37026023864746 499.7381286621094 -84.97795867919922 
v -32.665748596191406 512.2214965820312 -86.17433166503906 
v -34.32793426513672 511.1278076171875 -85.84019470214844 
v -37.6864013671875 521.3661499023438 -85.41435241699219 
v -28.675800323486328 467.51873779296875 -68.7097396850586 
v -31.726396560668945 457.9144592285156 -58.55971145629883 
v -36.413875579833984 450.34326171875 -47.64181137084961 
v -42.380001068115234 447.6800842285156 -40.33050537109375 
v -48.38562774658203 446.4686279296875 -31.8029842376709 
v -54.131046295166016 446.0771484375 -20.650842666625977 
v -59.60169219970703 447.9376220703125 -10.281181335449219 
v -63.352500915527344 451.6548156738281 3.5312142372131348 
v -65.7696533203125 456.97723388671875 17.094758987426758 
v -68.53453826904297 462.8182067871094 24.263824462890625 
v -69.20770263671875 469.7272033691406 32.023475646972656 
v -67.38622283935547 477.6882019042969 40.430667877197266 
v -64.05023956298828 485.3592834472656 47.57199478149414 
v -56.431209564208984 493.69281005859375 55.041038513183594 
v -46.47456359863281 501.04486083984375 61.31549072265625 
v -41.332923889160156 505.31475830078125 63.464019775390625 
v -34.91831970214844 508.8600158691406 64.60985565185547 
v -23.655014038085938 511.2938232421875 64.76058197021484 
v -25.956554412841797 458.6890563964844 -59.718379974365234 
v -29.709217071533203 450.25494384765625 -48.508689880371094 
v -35.52054977416992 447.1434631347656 -41.62411117553711 
v -41.439186096191406 444.9856872558594 -32.9187126159668 
v -47.32102966308594 443.9905090332031 -22.029733657836914 
v -52.81638717651367 445.07598876953125 -11.702714920043945 
v -57.00635528564453 448.16900634765625 2.3941638469696045 
v -60.014442443847656 453.05316162109375 15.77983283996582 
v -63.24811935424805 458.5421142578125 23.254703521728516 
v -64.87313079833984 465.14422607421875 30.779521942138672 
v -63.58164978027344 473.1674499511719 39.77700424194336 
v -61.340789794921875 480.84515380859375 46.726139068603516 
v -54.26710510253906 490.0304870605469 54.58627700805664 
v -45.444820404052734 497.92608642578125 60.83209991455078 
v -40.4140510559082 502.8896789550781 63.16551971435547 
v -34.05872344970703 506.9791564941406 64.35399627685547 
v -23.405555725097656 509.5043640136719 64.61133575439453 
v -13.29362964630127 512.2265625 63.723426818847656 
v -23.173616409301758 451.0121765136719 -49.7952880859375 
v -28.608673095703125 446.979736328125 -42.6545524597168 
v -34.39447784423828 444.2509460449219 -34.25495910644531 
v -40.10533905029297 442.5401916503906 -23.1881046295166 
v -45.85266876220703 442.93341064453125 -12.86108684539795 
v -50.33468246459961 445.3487243652344 0.9939513802528381 
v -53.85355758666992 449.7654724121094 14.685425758361816 
v -57.76216125488281 454.58538818359375 21.982419967651367 
v -59.86556625366211 461.10028076171875 29.955286026000977 
v -59.65959930419922 468.86529541015625 38.61833572387695 
v -57.8427848815918 476.9586486816406 46.036842346191406 
v -52.071441650390625 486.22601318359375 53.868350982666016 
v -43.75251007080078 495.08880615234375 60.505271911621094 
v -39.537174224853516 500.34918212890625 62.86701583862305 
v -34.04887771606445 504.8849182128906 64.22606658935547 
v -23.405555725097656 509.5043640136719 64.61133575439453 
v -21.783784866333008 447.7623291015625 -43.86287307739258 
v -27.284982681274414 444.276611328125 -35.306724548339844 
v -32.905006408691406 441.8794860839844 -24.54567527770996 
v -38.67704772949219 441.4976806640625 -14.261300086975098 
v -43.484588623046875 443.24749755859375 -0.1430991142988205 
v -47.451133728027344 446.9125061035156 13.327856063842773 
v -51.78653335571289 451.49578857421875 20.93065643310547 
v -54.69853210449219 457.39031982421875 28.626047134399414 
v -54.98056411743164 465.33294677734375 37.879390716552734 
v -54.384849548339844 473.0867614746094 45.1057014465332 
v -49.20085525512695 483.0905456542969 53.32830810546875 
v -42.21390151977539 492.3074645996094 59.957916259765625 
v -38.19342803955078 498.03076171875 62.50455093383789 
v -32.83604049682617 503.2674865722656 63.92756652832031 
v -22.886844635009766 507.7475891113281 64.41944122314453 
v -13.29362964630127 512.2265625 63.723426818847656 
v -20.232839584350586 444.97650146484375 -36.55768585205078 
v -25.568254470825195 441.82244873046875 -25.64008140563965 
v -31.436643600463867 440.8223876953125 -15.377028465270996 
v -36.42259979248047 441.8531188964844 -1.521990180015564 
v -40.78630447387695 445.0093688964844 12.23344898223877 
v -45.611366271972656 448.7255554199219 19.61573028564453 
v -49.00176239013672 454.5328674316406 27.75916862487793 
v -50.38166809082031 461.8297424316406 36.65675354003906 
v -50.25199508666992 469.88385009765625 44.352439880371094 
v -46.41233444213867 479.8542785644531 52.546417236328125 
v -40.08435821533203 489.9643859863281 59.588443756103516 
v -36.96331024169922 495.75372314453125 62.16340637207031 
v -32.40131759643555 501.2799377441406 63.73567199707031 
v -22.886844635009766 507.7475891113281 64.41944122314453 
v -18.360485076904297 442.59637451171875 -26.91236686706543 
v -24.139965057373047 440.7799377441406 -16.713275909423828 
v -29.224191665649414 441.06243896484375 -2.63771915435791 
v -33.993568420410156 443.5823669433594 10.897200584411621 
v -39.17379379272461 446.9051208496094 18.56396484375 
v -43.18751525878906 451.89398193359375 26.387285232543945 
v -45.097412109375 459.25311279296875 35.87516403198242 
v -46.04558181762695 466.6541748046875 43.33601379394531 
v -42.94888687133789 477.28704833984375 51.942405700683594 
v -37.92325210571289 487.4791564941406 58.955806732177734 
v -35.11069869995117 493.77276611328125 61.736976623535156 
v -30.83523941040039 499.9259338378906 63.394527435302734 
v -21.901262283325195 506.2128601074219 64.16358184814453 
v -13.29362964630127 512.2265625 63.723426818847656 
v -16.77849578857422 441.4978942871094 -17.76504135131836 
v -22.041139602661133 441.0613708496094 -3.9526455402374268 
v -27.022415161132812 442.8743896484375 9.824114799499512 
v -32.65031051635742 445.4454345703125 17.270360946655273 
v -37.07079315185547 450.19036865234375 25.52040672302246 
v -39.85131072998047 456.8210144042969 34.609886169433594 
v -41.421138763427734 464.4483642578125 42.561431884765625 
v -39.6811408996582 474.66033935546875 51.11787414550781 
v -35.356475830078125 485.6302490234375 58.5436897277832 
v -33.37171173095703 491.8331604003906 61.33186721801758 
v -29.97564125061035 498.0450744628906 63.138668060302734 
v -21.901262283325195 506.2128601074219 64.16358184814453 
v -14.79329776763916 441.8206787109375 -4.983088493347168 
v -20.108612060546875 442.84063720703125 8.551831245422363 
v -25.864418029785156 444.9355773925781 16.239917755126953 
v -30.950220108032227 448.74664306640625 24.169845581054688 
v -34.30272674560547 455.32415771484375 33.84961700439453 
v -36.60951232910156 462.1744079589844 41.50236129760742 
v -35.81010055541992 472.8594055175781 50.4925422668457 
v -32.758140563964844 483.63922119140625 57.868408203125 
v -31.237489700317383 490.2723693847656 60.88411331176758 
v -28.2835750579834 497.0372009277344 62.797523498535156 
v -20.718061447143555 504.8675537109375 63.88640213012695 
v -13.29362964630127 512.2265625 63.723426818847656 
v -13.130026817321777 443.5672912597656 7.564032077789307 
v -19.10624122619629 444.8277893066406 14.9889554977417 
v -24.527175903320312 448.2381896972656 23.32428741455078 
v -28.678665161132812 453.9305114746094 32.5843391418457 
v -31.535478591918945 460.85028076171875 40.706459045410156 
v -31.865503311157227 471.0317077636719 49.60404586791992 
v -29.90975570678711 482.2104797363281 57.43497085571289 
v -29.258892059326172 488.6375732421875 60.45768356323242 
v -27.11273193359375 495.30438232421875 62.4990234375 
v -20.718061447143555 504.8675537109375 63.88640213012695 
v -12.396903991699219 445.52178955078125 14.04379940032959 
v -18.171913146972656 448.1463623046875 22.01637077331543 
v -22.823760986328125 453.6288146972656 31.845394134521484 
v -26.61514663696289 459.58209228515625 39.690032958984375 
v -27.74249267578125 469.92303466796875 48.97871398925781 
v -26.98781394958496 480.7549743652344 56.738365173339844 
v -26.843061447143555 487.4969482421875 59.988609313964844 
v -25.161014556884766 494.5940246582031 62.257476806640625 
v -19.203577041625977 503.6629943847656 63.6875 
v -13.29362964630127 512.2265625 63.723426818847656 
v -11.825422286987305 448.8417663574219 21.2560977935791 
v -17.048995971679688 453.3563232421875 30.622758865356445 
v -21.276784896850586 459.3377380371094 38.91545104980469 
v -23.65955352783203 468.8289794921875 48.11153793334961 
v -23.8874568939209 480.0185546875 56.304927825927734 
v -24.427228927612305 486.3563232421875 59.519535064697266 
v -23.614971160888672 493.247314453125 61.79541015625 
v -19.203577041625977 503.6629943847656 63.6875 
v -11.199015617370605 454.10174560546875 29.947776794433594 
v -16.09212303161621 459.14935302734375 37.920345306396484 
v -19.42783546447754 468.72607421875 47.52885055541992 
v -20.827171325683594 479.29669189453125 55.62964630126953 
v -21.95704460144043 485.71856689453125 59.07178497314453 
v -21.650896072387695 492.9244384765625 61.57518768310547 
v -17.541149139404297 502.92724609375 63.36767578125 
v -13.29362964630127 512.2265625 63.723426818847656 
v -10.914306640625 459.87811279296875 37.231048583984375 
v -15.164557456970215 468.4810485839844 46.6829948425293 
v -17.51683807373047 479.1371765136719 55.19620895385742 
v -19.373231887817383 485.03948974609375 58.60271072387695 
v -19.936870574951172 492.0392761230469 61.113121032714844 
v -17.541149139404297 502.92724609375 63.36767578125 
v -10.908126831054688 469.15313720703125 46.142948150634766 
v -14.402200698852539 478.9181823730469 54.5422477722168 
v -16.806699752807617 485.0199890136719 58.1762809753418 
v -17.960439682006836 492.1039123535156 60.914222717285156 
v -15.752734184265137 502.53765869140625 63.0478515625 
v -13.29362964630127 512.2265625 63.723426818847656 
v -11.109147071838379 479.41827392578125 54.151451110839844 
v -14.168534278869629 484.8437805175781 57.7285270690918 
v -16.006799697875977 491.52349853515625 60.43083190917969 
v -15.752734184265137 502.53765869140625 63.0478515625 
v -11.589644432067871 485.2118225097656 57.32341766357422 
v -14.060005187988281 491.8602600097656 60.25325393676758 
v -13.9519624710083 502.5355529785156 62.749351501464844 
v -13.29362964630127 512.2265625 63.723426818847656 
v -12.09400749206543 491.6673583984375 59.79118728637695 
v -13.9519624710083 502.5355529785156 62.749351501464844 
v -12.138833045959473 502.92095947265625 62.472171783447266 
v -13.29362964630127 512.2265625 63.723426818847656 
v -6.228463649749756 508.7403869628906 113.0873794555664 
v -21.839887619018555 504.88385009765625 114.44406127929688 
v -20.861740112304688 501.9145202636719 114.10292053222656 
v -36.442413330078125 498.30810546875 113.72407531738281 
v -35.328678131103516 495.42010498046875 113.24068450927734 
v -48.45977783203125 489.7461242675781 110.83509826660156 
v -46.26603698730469 485.8116760253906 110.35902404785156 
v -58.43815612792969 479.52734375 105.76285552978516 
v -55.47180938720703 474.6583557128906 104.85303497314453 
v -69.7559814453125 465.8760986328125 95.96769714355469 
v -65.02510070800781 460.3648681640625 95.10081481933594 
v -77.69732666015625 451.5185852050781 84.32367706298828 
v -71.80904388427734 445.194091796875 82.71725463867188 
v -81.0174789428711 437.96173095703125 71.71288299560547 
v -73.39154815673828 431.9194641113281 70.33428955078125 
v -81.0368881225586 425.4248352050781 57.743934631347656 
v -72.47803497314453 419.3043518066406 55.83200454711914 
v -78.09944152832031 414.2944030761719 43.369876861572266 
v -68.26513671875 409.016357421875 41.67145538330078 
v -72.62342071533203 405.3760070800781 28.334552764892578 
v -61.83148956298828 400.79473876953125 26.145444869995117 
v -66.11673736572266 398.4344482421875 7.886427879333496 
v -54.63752746582031 394.9096984863281 5.896515846252441 
v -58.15533447265625 394.49139404296875 -12.746583938598633 
v -46.276206970214844 392.12774658203125 -14.857415199279785 
v -48.72054672241211 393.93206787109375 -30.67669677734375 
v -36.69071578979492 392.6895751953125 -32.7448844909668 
v -39.104827880859375 396.57354736328125 -48.194400787353516 
v -27.40077018737793 396.49493408203125 -50.013736724853516 
v -29.79812240600586 401.548828125 -63.40058898925781 
v -18.437950134277344 402.7713928222656 -65.3338394165039 
v -21.461057662963867 409.6210021972656 -77.76062774658203 
v -10.781822204589844 411.61407470703125 -79.1605453491211 
v -15.725293159484863 422.6906433105469 -93.75719451904297 
v -6.415347576141357 425.7047424316406 -95.2426986694336 
v -12.704506874084473 438.05511474609375 -108.16807556152344 
v -4.668362140655518 441.271484375 -109.0562744140625 
v -11.282510757446289 452.56414794921875 -118.12651062011719 
v -4.803674221038818 456.34735107421875 -119.22120666503906 
v -12.975412368774414 468.2069091796875 -126.37832641601562 
v -7.639462471008301 471.491455078125 -126.939697265625 
v -16.077730178833008 482.141357421875 -131.75668334960938 
v -12.468996047973633 485.4012145996094 -132.28269958496094 
v -22.046581268310547 495.8124694824219 -134.930419921875 
v -19.363910675048828 498.2333679199219 -135.2289276123047 
v -33.53931427001953 510.84075927734375 -136.23428344726562 
v -37.44059753417969 501.2847595214844 113.94429779052734 
v -49.99095153808594 493.96209716796875 111.46774291992188 
v -61.13332748413086 484.5589599609375 106.38819122314453 
v -73.50260925292969 472.07440185546875 97.2116470336914 
v -83.3125228881836 458.1356506347656 85.40377044677734 
v -87.53318786621094 445.0372314453125 73.46855926513672 
v -89.19857025146484 432.0541076660156 59.37137985229492 
v -87.20639038085938 420.6143798828125 45.509334564208984 
v -82.85020446777344 410.9275817871094 30.239181518554688 
v -77.24955749511719 403.1398010253906 10.139501571655273 
v -69.72814178466797 398.05023193359375 -10.614429473876953 
v -60.599674224853516 396.2957458496094 -28.56586456298828 
v -50.88736343383789 397.72607421875 -46.04793167114258 
v -41.119300842285156 401.6187438964844 -61.64521789550781 
v -32.14906311035156 408.4151611328125 -75.81306457519531 
v -25.379117965698242 420.9776916503906 -92.38561248779297 
v -20.83341407775879 435.3951416015625 -106.73222351074219 
v -18.34292221069336 449.90728759765625 -117.3662338256836 
v -18.229297637939453 465.023193359375 -125.57511901855469 
v -20.39594841003418 479.53173828125 -131.3232421875 
v -24.77124786376953 493.27618408203125 -134.63192749023438 
v -36.20195388793945 508.4125671386719 -135.81488037109375 
v -47.24154281616211 523.6679077148438 -134.43716430664062 
v -51.448570251464844 498.1512756347656 111.83721160888672 
v -63.165931701660156 489.8720703125 107.17007446289062 
v -77.01814270019531 478.4499206542969 97.92927551269531 
v -87.829833984375 465.3984680175781 86.83961486816406 
v -93.77579498291016 452.40533447265625 74.6978988647461 
v -96.44572448730469 439.65716552734375 61.1553840637207 
v -95.83027648925781 427.8038635253906 47.122467041015625 
v -92.38971710205078 417.53564453125 32.34300231933594 
v -87.81723022460938 408.8154296875 12.108092308044434 
v -80.99462127685547 402.8042297363281 -8.460954666137695 
v -72.05885314941406 399.8132019042969 -26.455032348632812 
v -62.403648376464844 400.08831787109375 -44.121986389160156 
v -52.518959045410156 402.7625427246094 -59.562713623046875 
v -42.95177459716797 408.55767822265625 -74.26390075683594 
v -35.052146911621094 419.7944030761719 -90.72953796386719 
v -29.388273239135742 433.935546875 -105.65213775634766 
v -25.352825164794922 447.4933776855469 -116.10096740722656 
v -24.02468490600586 462.95123291015625 -124.864501953125 
v -24.63210105895996 477.0229187011719 -130.64794921875 
v -27.89607810974121 491.408203125 -134.22682189941406 
v -36.20195388793945 508.4125671386719 -135.81488037109375 
v -39.3267822265625 506.5445861816406 -135.40975952148438 
v -47.24154281616211 523.6679077148438 -134.43716430664062 
v -37.86020278930664 504.3121337890625 114.32107543945312 
v -22.23753547668457 508.0339050292969 114.69992065429688 
v -21.839887619018555 504.88385009765625 114.44406127929688 
v -6.228463649749756 508.7403869628906 113.0873794555664 
v -13.29362964630127 512.2265625 63.723426818847656 
v -6.807804107666016 507.2525939941406 61.974769592285156 
v -5.876229286193848 509.3962097167969 62.074371337890625 
v 2.952147960662842 503.30828857421875 58.000179290771484 
v 3.6688222885131836 505.9220886230469 58.16374206542969 
v 10.427520751953125 503.9847717285156 54.80747604370117 
v 8.742789268493652 500.4166564941406 54.87144088745117 
v 1.6901230812072754 501.5462951660156 58.22770690917969 
v 7.507645130157471 497.730224609375 54.914085388183594 
v 1.0401582717895508 499.8228759765625 58.10678482055664 
v 6.069961071014404 495.9015197753906 55.042015075683594 
v -0.5503939986228943 498.57244873046875 58.41960144042969 
v 4.506289958953857 493.7266540527344 55.16994094848633 
v -1.5832396745681763 496.85772705078125 58.36264419555664 
v 2.5720973014831543 491.9479675292969 55.38315963745117 
v -3.317056894302368 495.9207763671875 58.718101501464844 
v 0.5959096550941467 490.0539245605469 55.59637451171875 
v -4.648792743682861 494.44549560546875 58.7251091003418 
v 6.0094428062438965 487.5609130859375 51.80608367919922 
v 8.47446060180664 489.7997131347656 51.407981872558594 
v 10.339776039123535 492.3874206542969 51.37965393066406 
v 12.194659233093262 494.7176208496094 51.088157653808594 
v 13.65981388092041 497.97369384765625 51.16643524169922 
v 15.83613109588623 502.53887939453125 51.08115005493164 
v 15.182034492492676 482.9156799316406 42.52529525756836 
v 17.766191482543945 486.41778564453125 42.43300247192383 
v 20.142295837402344 489.4729309082031 42.0988655090332 
v 22.099037170410156 493.72607421875 42.15582275390625 
v 24.872892379760742 499.6417541503906 41.92829132080078 
v 24.16529083251953 480.9527282714844 32.68955993652344 
v 27.104612350463867 484.84820556640625 32.31277847290039 
v 29.552940368652344 490.098388671875 32.34841537475586 
v 32.74674606323242 497.16790771484375 32.120887756347656 
v 31.13044548034668 482.0762634277344 24.496471405029297 
v 33.74675369262695 487.7879943847656 24.532106399536133 
v 37.39015579223633 495.73919677734375 24.283254623413086 
v 37.67050552368164 485.8371887207031 15.286067962646484 
v 41.607872009277344 494.5960693359375 15.037216186523438 
v 43.91667938232422 493.8863830566406 7.505095481872559 
v -6.228463649749756 508.7403869628906 113.0873794555664 
v 5.12492036819458 497.9441223144531 109.6823501586914 
v 6.990235805511475 500.5318603515625 109.65402221679688 
v 17.97337532043457 490.1316833496094 104.21466827392578 
v 19.75662612915039 492.6186218261719 103.94449615478516 
v 30.764251708984375 485.737548828125 97.46649932861328 
v 32.750633239746094 489.7185363769531 97.50213623046875 
v 43.23982620239258 484.5941162109375 89.09642028808594 
v 45.66811752319336 489.8515930175781 89.0111312866211 
v 58.56109619140625 485.0282897949219 75.86148834228516 
v 16.10805892944336 487.5439758300781 104.24299621582031 
v 28.178171157836914 482.10546875 97.8006362915039 
v 40.697906494140625 479.37799072265625 89.2030258178711 
v 55.42164611816406 478.4616394042969 76.1103286743164 
v 69.91407012939453 481.02679443359375 61.395721435546875 
v 25.43838882446289 478.52935791015625 97.91425323486328 
v 37.350990295410156 474.7161865234375 89.60112762451172 
v 52.242122650146484 471.90960693359375 76.11734008789062 
v 66.27067565917969 473.0755920410156 61.64457321166992 
v 77.81427001953125 478.0207214355469 47.811439514160156 
v 33.89236831665039 470.2257080078125 89.7787094116211 
v 48.07040786743164 465.9800109863281 76.70032501220703 
v 62.35994338989258 465.2216796875 61.69422149658203 
v 73.83490753173828 469.1464538574219 48.0602912902832 
v 84.23456573486328 475.8145751953125 33.27381896972656 
v 43.6332893371582 460.2776794433594 76.84227752685547 
v 57.385398864746094 458.14697265625 62.34116744995117 
v 69.47459411621094 460.4108581542969 48.13125991821289 
v 79.80561828613281 466.0586242675781 33.54399108886719 
v 88.33837890625 474.19024658203125 19.40446662902832 
v 52.031822204589844 451.34088134765625 62.56840515136719 
v 63.936832427978516 452.49578857421875 48.820858001708984 
v 75.03770446777344 456.55670166015625 33.63628387451172 
v 83.69944763183594 463.8573913574219 19.674640655517578 
v 90.7215805053711 473.4534912109375 5.250338077545166 
v 57.86441421508789 444.77532958984375 49.11205291748047 
v 68.91668701171875 447.8086242675781 34.24760055541992 
v 78.6079330444336 453.8199157714844 19.78825569152832 
v 85.8946304321289 462.6664123535156 5.399589538574219 
v 91.06304168701172 473.19854736328125 -13.648324966430664 
v 62.27145004272461 439.5126647949219 34.72368240356445 
v 72.29698181152344 444.4876403808594 20.520490646362305 
v 80.49954986572266 452.08612060546875 5.655447006225586 
v 86.11011505126953 462.0653076171875 -13.499074935913086 
v 89.51673889160156 473.89202880859375 -32.42636489868164 
v 65.08084106445312 435.7461242675781 20.939619064331055 
v 73.8869400024414 442.3409423828125 6.288083076477051 
v 80.63103485107422 451.2542419433594 -13.243216514587402 
v 84.47982025146484 462.5280456542969 -32.2771110534668 
v 86.05467224121094 475.0214538574219 -48.117713928222656 
v 66.40924072265625 433.1719970703125 6.849452972412109 
v 73.89244842529297 441.1629333496094 -12.610579490661621 
v 78.84512329101562 451.6429443359375 -31.99993324279785 
v 81.10173797607422 463.8882141113281 -47.96846389770508 
v 80.80502319335938 477.0628356933594 -63.083839416503906 
v 66.10348510742188 431.845947265625 -12.006567001342773 
v 72.00250244140625 441.3281555175781 -31.48821449279785 
v 75.467041015625 453.00311279296875 -47.6912841796875 
v 75.8740463256836 466.0522766113281 -63.055511474609375 
v 74.63562774658203 479.1776428222656 -76.02294158935547 
v 64.19158935546875 431.88848876953125 -30.763282775878906 
v 68.66642761230469 442.8037414550781 -47.179569244384766 
v 70.49899291992188 455.4646911621094 -62.67873001098633 
v 69.87264251708984 468.62860107421875 -75.99461364746094 
v 66.87242126464844 482.1338806152344 -87.77445220947266 
v 61.011131286621094 433.4380798339844 -46.475955963134766 
v 63.762332916259766 445.5033264160156 -62.28793716430664 
v 64.66557312011719 458.5025329589844 -75.61782836914062 
v 62.31940841674805 472.1617431640625 -87.74612426757812 
v 54.58741760253906 486.4745788574219 -101.56088256835938 
v 56.32469177246094 436.3197937011719 -61.48472213745117 
v 58.168514251708984 448.8459777832031 -75.24835968017578 
v 57.35195541381836 462.3404541015625 -87.39066314697266 
v 50.4123649597168 477.5408935546875 -101.53255462646484 
v 40.92241287231445 491.5788879394531 -113.5764389038086 
v 50.97049331665039 439.96722412109375 -74.46646881103516 
v 51.20047378540039 453.3421325683594 -87.1634292602539 
v 46.05012130737305 468.6753234863281 -101.21973419189453 
v 37.23894119262695 483.64227294921875 -113.5694351196289 
v 28.1153621673584 496.109619140625 -122.02835083007812 
v 44.41771697998047 444.83489990234375 -86.30326080322266 
v 40.36826705932617 460.5513916015625 -100.89290618896484 
v 33.3682861328125 475.7737731933594 -113.27793884277344 
v 24.96547508239746 489.2854309082031 -122.04265594482422 
v 14.496458053588867 501.1971435546875 -128.8159942626953 
v 34.20033264160156 452.7350158691406 -100.2176284790039 
v 28.427228927612305 468.6868896484375 -113.13599395751953 
v 21.628406524658203 482.5293884277344 -121.77249145507812 
v 11.786558151245117 495.5195007324219 -128.70938110351562 
v 1.5351617336273193 505.78399658203125 -133.24917602539062 
v 23.040164947509766 461.8929748535156 -112.40375518798828 
v 17.178932189941406 476.4395751953125 -121.65186309814453 
v 9.076658248901367 489.84185791015625 -128.60276794433594 
v -0.5991639494895935 501.3341979980469 -133.1638946533203 
v -11.837010383605957 510.78173828125 -135.71932983398438 
v 12.62434196472168 470.5186767578125 -121.00492095947266 
v 5.408060550689697 484.77447509765625 -128.42520141601562 
v -2.7754814624786377 496.76898193359375 -133.07861328125 
v -13.437753677368164 507.4443664550781 -135.65536499023438 
v -29.69805335998535 517.1519775390625 -136.49014282226562 
v 1.5942704677581787 479.8905944824219 -127.96312713623047 
v -5.796874523162842 492.772705078125 -132.9436798095703 
v -15.038496971130371 504.1070251464844 -135.59140014648438 
v -31.298797607421875 513.8145751953125 -136.42617797851562 
v -47.24154281616211 523.6679077148438 -134.43716430664062 
v 7.206566333770752 465.3039245605469 -120.67107391357422 
v -2.929002285003662 475.6569519042969 -127.59365844726562 
v -8.736196517944336 488.8772277832031 -132.56689453125 
v 1.5700455904006958 460.29949951171875 -119.78958892822266 
v 2.85784912109375 445.4574890136719 -110.30023193359375 
v 2.761759042739868 429.28985595703125 -96.42239379882812 
v -0.48654434084892273 414.9228820800781 -80.91622161865234 
v -7.198248863220215 404.95245361328125 -66.9399642944336 
v -15.657719612121582 397.70880126953125 -52.01095199584961 
v -24.737443923950195 392.6509094238281 -34.72779083251953 
v -34.13275146484375 390.8438720703125 -16.94692611694336 
v -42.934059143066406 392.47930908203125 3.686084747314453 
v -50.69316482543945 397.39404296875 24.21949577331543 
v -57.947750091552734 404.6078186035156 39.446712493896484 
v -63.14791488647461 414.4711608886719 54.1192741394043 
v -65.67776489257812 426.3678894042969 68.47200775146484 
v -65.07977294921875 439.87017822265625 81.53054809570312 
v -60.17674255371094 455.0722351074219 93.72893524169922 
v -51.75890350341797 470.3016662597656 104.09977722167969 
v -44.07037353515625 482.0072021484375 109.64109802246094 
v -33.863624572753906 492.66552734375 112.95649719238281 
v -20.861740112304688 501.9145202636719 114.10292053222656 
v 10.135666847229004 450.1258850097656 -110.97521209716797 
v 11.325736999511719 434.1434631347656 -97.67335510253906 
v 9.644343376159668 418.94482421875 -82.10292053222656 
v 3.655567169189453 408.31927490234375 -68.66000366210938 
v -3.9931437969207764 399.9965515136719 -53.6810417175293 
v -12.591472625732422 393.8487854003906 -36.66804885864258 
v -22.02385139465332 390.8792724609375 -18.95115089416504 
v -30.997819900512695 391.2708740234375 1.7601372003555298 
v -39.3305778503418 395.0877380371094 22.07303237915039 
v -47.24390411376953 401.3652648925781 37.72697448730469 
v -53.534263610839844 410.1880798339844 52.14337921142578 
v -57.081016540527344 421.9322814941406 67.02944946289062 
v -58.1910285949707 434.8802490234375 79.83885192871094 
v -54.52940368652344 450.664794921875 92.77676391601562 
v -47.888450622558594 466.1489562988281 103.0833511352539 
v -41.12814712524414 478.7149963378906 109.07972717285156 
v -32.28302001953125 489.99957275390625 112.40914154052734 
v -19.261098861694336 499.24127197265625 113.67648315429688 
v -6.228463649749756 508.7403869628906 113.0873794555664 
v 16.67629623413086 455.8465881347656 -111.96331024169922 
v 19.60124969482422 439.4940490722656 -98.5971908569336 
v 19.122026443481445 424.2498779296875 -83.60272979736328 
v 14.275288581848145 412.6860046386719 -70.03158569335938 
v 7.285552501678467 403.4700927734375 -55.46504211425781 
v -0.7913151383399963 396.2178649902344 -38.480377197265625 
v -9.877882957458496 392.0771484375 -20.89141082763672 
v -19.0225887298584 391.3548889160156 -0.34368598461151123 
v -27.7352294921875 394.00335693359375 20.21104621887207 
v -36.39786148071289 399.1163024902344 35.54487228393555 
v -43.49022674560547 407.31634521484375 50.43064880371094 
v -48.24080276489258 418.0613708496094 65.0818862915039 
v -50.461307525634766 430.890869140625 78.56685638427734 
v -48.76458740234375 446.4759216308594 91.3196029663086 
v -43.456703186035156 462.70660400390625 102.26612091064453 
v -38.22600173950195 475.4373779296875 108.27651977539062 
v -30.267105102539062 487.6978454589844 112.06099700927734 
v -19.261098861694336 499.24127197265625 113.67648315429688 
v 27.06601905822754 445.9237365722656 -99.57096862792969 
v 36.586524963378906 437.2319030761719 -85.71356201171875 
v 42.72209930419922 431.8627624511719 -73.71320343017578 
v 47.83668518066406 427.9105529785156 -60.710140228271484 
v 52.30354309082031 424.7167663574219 -45.55913162231445 
v 55.484004974365234 423.16717529296875 -29.84645652770996 
v 57.57155990600586 423.19134521484375 -10.990141868591309 
v 58.15891647338867 424.93756103515625 7.844555377960205 
v 57.090171813964844 427.8092041015625 22.034320831298828 
v 54.69797897338867 432.07720947265625 35.654823303222656 
v 50.83220291137695 438.05755615234375 50.1214714050293 
v 45.74809646606445 445.2653503417969 63.492530822753906 
v 38.37964630126953 455.2645263671875 77.6597900390625 
v 29.762407302856445 466.24090576171875 90.34738159179688 
v 22.182897567749023 475.5329284667969 98.39763641357422 
v 13.840662002563477 485.49456787109375 104.6197738647461 
v 5.12492036819458 497.9441223144531 109.6823501586914 
v 28.27968978881836 430.1940612792969 -84.51225280761719 
v 24.353496551513672 418.1644592285156 -71.49576568603516 
v 18.33014678955078 407.9435119628906 -56.90059280395508 
v 10.8186674118042 399.8321533203125 -40.18610382080078 
v 2.0359079837799072 394.40484619140625 -22.72506332397461 
v -7.012207508087158 392.471435546875 -2.1417040824890137 
v -16.07124137878418 393.9393310546875 18.14986801147461 
v -25.27898406982422 398.0746765136719 33.889095306396484 
v -33.27627944946289 405.0361022949219 48.47607421875 
v -39.01411819458008 415.3564758300781 63.63932800292969 
v -42.64374542236328 427.3921813964844 76.81119537353516 
v -42.314414978027344 443.21356201171875 90.303466796875 
v -38.90940856933594 459.35284423828125 101.18572998046875 
v -34.690921783447266 472.71337890625 107.65118408203125 
v -28.291261672973633 485.41070556640625 111.47100067138672 
v -17.15159034729004 496.9054870605469 113.18608856201172 
v -6.228463649749756 508.7403869628906 113.0873794555664 
v 33.88636779785156 424.4947509765625 -72.56884765625 
v 28.761598587036133 413.6853942871094 -58.407413482666016 
v 22.04084587097168 404.50225830078125 -41.76389694213867 
v 13.759513854980469 397.977783203125 -24.45210838317871 
v 4.767918109893799 394.8478088378906 -4.074954986572266 
v -4.55736780166626 395.10595703125 16.4371337890625 
v -14.131542205810547 398.0679931640625 31.792282104492188 
v -22.745580673217773 404.20855712890625 46.80598831176758 
v -29.657602310180664 413.25762939453125 61.71308135986328 
v -34.439720153808594 425.0594787597656 75.5605239868164 
v -35.74676513671875 440.1698303222656 88.78233337402344 
v -33.758819580078125 456.8248596191406 100.3045425415039 
v -31.15392303466797 470.119384765625 106.78401184082031 
v -25.724485397338867 483.56182861328125 111.05888366699219 
v -17.15159034729004 496.9054870605469 113.18608856201172 
v 38.647705078125 420.27911376953125 -59.52314376831055 
v 32.76158905029297 410.26953125 -43.192440032958984 
v 25.0236873626709 402.7632751464844 -26.0299015045166 
v 16.355941772460938 398.33941650390625 -5.659758567810059 
v 6.911507606506348 397.3342590332031 14.546528816223145 
v -2.98051381111145 399.2359924316406 30.264434814453125 
v -12.27223014831543 404.05523681640625 44.93669891357422 
v -20.099884033203125 412.5229187011719 60.33448791503906 
v -26.03422737121582 423.1761169433594 73.80485534667969 
v -28.792652130126953 438.29205322265625 87.76620483398438 
v -28.606307983398438 454.4268493652344 99.18151092529297 
v -27.21124839782715 468.16168212890625 106.13735961914062 
v -23.311410903930664 481.7688903808594 110.42623901367188 
v -14.71847915649414 495.1052551269531 112.67437744140625 
v -6.228463649749756 508.7403869628906 113.0873794555664 
v 42.93890380859375 417.0185852050781 -44.47173309326172 
v 35.85805892944336 408.4891662597656 -27.479766845703125 
v 27.444446563720703 403.05816650390625 -7.337149620056152 
v 18.11664581298828 400.8345642089844 13.025689125061035 
v 8.043457984924316 401.36492919921875 28.316869735717773 
v -1.7933695316314697 405.20654296875 43.3945426940918 
v -10.454322814941406 412.27886962890625 58.47220993041992 
v -17.469524383544922 422.54150390625 72.5968246459961 
v -21.834686279296875 436.6742248535156 86.26639556884766 
v -23.191390991210938 452.9786376953125 98.32164001464844 
v -23.153024673461914 466.2926330566406 105.2275390625 
v -20.5766544342041 480.3815002441406 110.01412200927734 
v -14.71847915649414 495.1052551269531 112.67437744140625 
v 46.077369689941406 415.3536071777344 -28.759057998657227 
v 38.14323806762695 408.7027587890625 -8.644773483276367 
v 28.965551376342773 405.24853515625 11.369619369506836 
v 18.801755905151367 404.6358642578125 26.98091697692871 
v 8.55650806427002 407.1888122558594 41.674503326416016 
v -0.8348124027252197 413.48162841796875 57.20022201538086 
v -8.97260570526123 422.3235168457031 70.92644500732422 
v -14.645878791809082 436.14837646484375 85.29290008544922 
v -17.660919189453125 451.6190490722656 97.1986083984375 
v -18.916383743286133 465.1426086425781 104.58088684082031 
v -17.72634506225586 479.082763671875 109.3388442993164 
v -12.003758430480957 493.72515869140625 112.1413345336914 
v -6.228463649749756 508.7403869628906 113.0873794555664 
v 48.186885833740234 415.5004577636719 -10.023664474487305 
v 39.28144836425781 410.9018249511719 10.125959396362305 
v 29.09211540222168 408.99176025390625 25.289213180541992 
v 18.600648880004883 410.32769775390625 40.324241638183594 
v 8.603280067443848 415.1424255371094 55.4871940612793 
v -0.31647324562072754 423.3542785644531 69.80370330810547 
v -7.566852569580078 435.923828125 83.85706329345703 
v -11.981672286987305 451.2506408691406 96.36006164550781 
v -14.67782211303711 464.12255859375 103.69239044189453 
v -14.781611442565918 478.27227783203125 108.92672729492188 
v -12.003758430480957 493.72515869140625 112.1413345336914 
v 49.08549118041992 417.39471435546875 8.768391609191895 
v 39.03281784057617 414.25897216796875 24.209117889404297 
v 28.402179718017578 414.3388671875 38.81741714477539 
v 17.859703063964844 418.176025390625 54.385780334472656 
v 8.158243179321289 424.8430480957031 68.23993682861328 
v -0.37061214447021484 436.83258056640625 82.96885681152344 
v -6.414133071899414 451.05352783203125 95.30098724365234 
v -10.260844230651855 463.8215637207031 103.06705474853516 
v -11.834955215454102 477.591796875 108.27276611328125 
v -8.923437118530273 492.99603271484375 111.58697509765625 
v -6.228463649749756 508.7403869628906 113.0873794555664 
v 48.34995651245117 420.537109375 22.794591903686523 
v 37.742340087890625 419.4326477050781 37.701690673828125 
v 26.821083068847656 421.708984375 52.86464309692383 
v 16.367292404174805 427.4738464355469 67.28776550292969 
v 6.715849876403809 438.0426330566406 81.61830139160156 
v -0.7398077249526978 451.73223876953125 94.52640533447266 
v -5.841943264007568 463.65057373046875 102.19988250732422 
v -8.79387378692627 477.39959716796875 107.88197326660156 
v -8.923437118530273 492.99603271484375 111.58697509765625 
v 46.528648376464844 425.2506408691406 36.472049713134766 
v 35.2895393371582 426.4667053222656 51.99776840209961 
v 24.32329559326172 430.7193908691406 65.91588592529297 
v 13.650275230407715 440.3533630371094 80.85802459716797 
v 4.864808082580566 452.6976623535156 93.53130340576172 
v -1.4718806743621826 464.28131103515625 101.63851165771484 
v -5.679235935211182 477.1806335449219 107.22801208496094 
v -5.8823561668396 492.8038330078125 111.19618225097656 
v -6.228463649749756 508.7403869628906 113.0873794555664 
v 43.46295166015625 431.7237854003906 50.7111701965332 
v 31.929649353027344 434.876220703125 65.15560913085938 
v 20.36129379272461 443.0067443847656 79.6567153930664 
v 10.306950569152832 454.5061950683594 92.86332702636719 
v 2.858106851577759 464.9266662597656 100.8353042602539 
v -2.6554343700408936 477.6480407714844 106.8798599243164 
v -5.8823561668396 492.8038330078125 111.19618225097656 
v 39.127323150634766 439.57379150390625 63.9969482421875 
v 26.722652435302734 446.5713806152344 79.0670166015625 
v 15.565759658813477 456.6427917480469 91.99614715576172 
v 7.025624752044678 466.4151306152344 100.35922241210938 
v 0.32829537987709045 478.1300354003906 106.28986358642578 
v -2.764962673187256 493.2371826171875 110.7057876586914 
v -6.228463649749756 508.7403869628906 113.0873794555664 
v 32.86060333251953 450.4786682128906 78.0362777709961 
v 20.578105926513672 459.3917541503906 91.45610046386719 
v 11.195068359375 468.0335693359375 99.64129638671875 
v 3.292820453643799 479.1417236328125 105.9843521118164 
v -2.764962673187256 493.2371826171875 110.7057876586914 
v 25.407115936279297 462.46881103515625 90.71685791015625 
v 15.118051528930664 470.2643737792969 99.25049591064453 
v 6.145640850067139 480.32470703125 105.45832061767578 
v 0.1795269250869751 494.2561340332031 110.27935791015625 
v -6.228463649749756 508.7403869628906 113.0873794555664 
v 18.887332916259766 472.5511169433594 98.6391830444336 
v 8.895267486572266 481.80657958984375 105.21678161621094 
v 0.1795269250869751 494.2561340332031 110.27935791015625 
v 11.533190727233887 483.45977783203125 104.75471496582031 
v 2.837484359741211 495.90203857421875 109.9382095336914 
v -6.228463649749756 508.7403869628906 113.0873794555664 
v 2.837484359741211 495.90203857421875 109.9382095336914 
v -6.228463649749756 508.7403869628906 113.0873794555664 
v -10.448932647705078 503.612548828125 62.358558654785156 
v -9.077959060668945 504.5508728027344 62.187984466552734 
v -13.29362964630127 512.2265625 63.723426818847656 
v -7.736622333526611 505.7613525390625 62.038734436035156 
v -6.807804107666016 507.2525939941406 61.974769592285156 
v -13.29362964630127 512.2265625 63.723426818847656 
v -37.6864013671875 521.3661499023438 -85.41435241699219 
v -49.61797332763672 522.4421997070312 -82.49971771240234 
v -49.01768493652344 524.445068359375 -82.4783935546875 
v -62.0515022277832 526.4450073242188 -77.33053588867188 
v -60.77711868286133 528.594482421875 -77.5367431640625 
v -66.32514953613281 530.61376953125 -74.25144958496094 
v -64.99641418457031 533.2661743164062 -74.43633270263672 
v -70.66217803955078 535.9816284179688 -69.59339141845703 
v -69.04139709472656 539.3117065429688 -69.53643035888672 
v -75.26046752929688 543.27392578125 -62.282379150390625 
v -72.58079528808594 546.8719482421875 -62.758758544921875 
v -77.02104949951172 550.7093505859375 -55.682281494140625 
v -73.82400512695312 554.7723999023438 -55.71762466430664 
v -78.28784942626953 559.79443359375 -44.70071029663086 
v -74.02230072021484 563.8605346679688 -45.41162872314453 
v -76.89837646484375 568.5659790039062 -33.804134368896484 
v -71.81655883789062 572.857666015625 -34.13797378540039 
v -72.42777252197266 574.77880859375 -27.68683433532715 
v -66.69465637207031 578.5720825195312 -28.532686233520508 
v -66.65292358398438 580.1248779296875 -20.715784072875977 
v -60.35359573364258 583.5814208984375 -21.426403045654297 
v -59.4470329284668 584.5581665039062 -11.41861629486084 
v -52.74562072753906 587.476318359375 -12.477685928344727 
v -51.43780517578125 587.392333984375 -3.223752021789551 
v -44.37822723388672 589.52685546875 -4.38942813873291 
v -42.00030517578125 587.7467041015625 8.200631141662598 
v -34.92536926269531 589.0916137695312 7.2341532707214355 
v -32.50136184692383 585.8573608398438 19.354843139648438 
v -25.562843322753906 586.5985717773438 18.125202178955078 
v -24.481504440307617 583.85302734375 24.263824462890625 
v -17.68325424194336 583.7306518554688 23.254703521728516 
v -16.736427307128906 579.5967407226562 29.955286026000977 
v -11.003660202026367 579.2088012695312 28.732654571533203 
v -10.41669750213623 572.9845581054688 36.86296081542969 
v -4.433637619018555 571.32958984375 35.896484375 
v -4.6876373291015625 565.0193481445312 42.54011154174805 
v 2.660884380340576 562.998046875 41.075931549072266 
v 0.30277019739151 553.403076171875 49.2415771484375 
v 3.865906000137329 569.0927734375 34.26173400878906 
v -4.234805107116699 577.5291748046875 27.75916862487793 
v -11.547571182250977 583.3267822265625 22.089027404785156 
v -18.608970642089844 586.5502319335938 17.094758987426758 
v -27.717599868774414 589.8655395507812 5.961869716644287 
v -37.147666931152344 590.94580078125 -5.377227306365967 
v -45.80159378051758 589.522216796875 -13.380197525024414 
v -53.73617172241211 586.2688598632812 -22.485471725463867 
v -60.59294891357422 581.8392333984375 -29.22198486328125 
v -66.30110168457031 576.4688720703125 -35.08342361450195 
v -69.44935607910156 567.8147583007812 -45.68150329589844 
v -70.15131378173828 558.2703247070312 -56.36457061767578 
v -69.82097625732422 550.4407348632812 -62.7514533996582 
v -66.8629150390625 542.177490234375 -69.84925079345703 
v -63.741233825683594 535.9453125 -74.3580551147461 
v -60.25806427001953 531.0188598632812 -77.35186004638672 
v -49.01768493652344 524.445068359375 -82.4783935546875 
v 4.86013650894165 575.0028686523438 25.97516632080078 
v -4.457867622375488 581.5303344726562 20.93065643310547 
v -12.28802490234375 585.9483032226562 15.88644027709961 
v -20.494478225708008 589.849853515625 4.888783931732178 
v -29.826271057128906 591.6783447265625 -6.670832633972168 
v -38.611106872558594 590.9557495117188 -14.60983943939209 
v -46.9057731628418 588.3561401367188 -23.366662979125977 
v -54.24477767944336 584.4940185546875 -30.2384090423584 
v -60.448604583740234 579.696044921875 -35.609161376953125 
v -64.48475646972656 570.97314453125 -46.562992095947266 
v -66.17121887207031 561.6563110351562 -56.57048416137695 
v -66.54352569580078 553.5598754882812 -63.35575866699219 
v -64.71598815917969 545.1853637695312 -69.8989028930664 
v -61.8863525390625 538.2755126953125 -74.64955139160156 
v -58.72678756713867 532.8135375976562 -77.62203216552734 
v -48.03451156616211 526.439208984375 -82.52104187011719 
v -37.6864013671875 521.3661499023438 -85.41435241699219 
v 5.091587543487549 578.838623046875 19.061368942260742 
v -4.929070949554443 584.1845092773438 14.685425758361816 
v -13.904281616210938 589.280517578125 3.637822151184082 
v -22.489519119262695 591.6212768554688 -7.765239715576172 
v -31.36326789855957 591.715087890625 -15.640280723571777 
v -39.98453903198242 589.7570190429688 -24.553661346435547 
v -47.68362808227539 586.548583984375 -31.07695770263672 
v -54.31808853149414 582.168701171875 -36.72518539428711 
v -59.2547607421875 573.9041748046875 -47.00343704223633 
v -61.87111282348633 564.4031982421875 -57.36668395996094 
v -63.22792434692383 556.5343627929688 -63.47638702392578 
v -61.93972396850586 547.5722045898438 -70.33964538574219 
v -60.21865463256836 540.673828125 -74.65655517578125 
v -57.75321578979492 535.072509765625 -77.52243041992188 
v -48.03451156616211 526.439208984375 -82.52104187011719 
v 5.136928558349609 581.4354248046875 12.851773262023926 
v -6.338103771209717 587.4413452148438 2.2732436656951904 
v -15.899323463439941 591.052001953125 -9.016201972961426 
v -24.066587448120117 591.6726684570312 -16.976530075073242 
v -32.8923225402832 590.4423217773438 -25.562782287597656 
v -40.91801834106445 587.8754272460938 -32.24263381958008 
v -48.00615692138672 584.183349609375 -37.400169372558594 
v -53.746734619140625 576.0807495117188 -48.0341796875 
v -57.419227600097656 566.9641723632812 -57.70052719116211 
v -59.478675842285156 558.8284301757812 -64.20862579345703 
v -59.19501495361328 550.1011962890625 -70.51722717285156 
v -57.99325180053711 542.6078491210938 -75.03334045410156 
v -55.98508071899414 536.5195922851562 -77.97748565673828 
v -46.65885925292969 528.1598510742188 -82.76988983154297 
v -37.6864013671875 521.3661499023438 -85.41435241699219 
v 3.913156509399414 584.4942016601562 0.39694830775260925 
v -8.199481010437012 589.1641235351562 -10.281181335449219 
v -17.436317443847656 591.0887451171875 -17.98565101623535 
v -25.822898864746094 590.4825439453125 -26.856386184692383 
v -34.05305862426758 588.6434326171875 -33.20911407470703 
v -41.57183074951172 585.369384765625 -38.64412307739258 
v -48.12893295288086 577.9560546875 -48.60255432128906 
v -52.689327239990234 568.7705688476562 -58.624656677246094 
v -55.53565979003906 561.0519409179688 -64.47850036621094 
v -56.13222122192383 551.861083984375 -71.04325866699219 
v -55.799407958984375 544.6840209960938 -75.14695739746094 
v -54.55699920654297 538.6131591796875 -77.96317291259766 
v -46.65885925292969 528.1598510742188 -82.76988983154297 
v 2.414621114730835 586.215576171875 -12.342361450195312 
v -9.870141983032227 589.2495727539062 -19.350229263305664 
v -19.34825325012207 589.8246459960938 -27.844186782836914 
v -27.181251525878906 588.4943237304688 -34.48139572143555 
v -34.956085205078125 586.0974731445312 -39.44703674316406 
v -42.27510070800781 578.96142578125 -49.76122283935547 
v -47.80764389038086 570.39111328125 -59.08642578125 
v -51.386253356933594 562.6776733398438 -65.31734466552734 
v -53.058990478515625 553.8785400390625 -71.30612182617188 
v -53.24547576904297 546.1064453125 -75.60902404785156 
v -52.3983039855957 539.6567993164062 -78.38259887695312 
v -45.04827117919922 529.4029541015625 -82.96178436279297 
v -37.6864013671875 521.3661499023438 -85.41435241699219 
v 0.650370717048645 586.3350830078125 -21.269166946411133 
v -11.915740966796875 588.0341186523438 -29.30836296081543 
v -20.891868591308594 588.0344848632812 -35.426551818847656 
v -28.33156967163086 586.038330078125 -40.7975959777832 
v -36.42511749267578 579.7068481445312 -50.43620681762695 
v -42.761566162109375 571.2985229492188 -60.117164611816406 
v -47.198699951171875 564.1588134765625 -65.67250061035156 
v -49.596031188964844 554.9700927734375 -71.93875885009766 
v -50.723106384277344 547.6710205078125 -75.80792236328125 
v -50.59969711303711 541.3541259765625 -78.45356750488281 
v -45.04827117919922 529.4029541015625 -82.96178436279297 
v -1.644445538520813 585.0796508789062 -31.063739776611328 
v -13.728608131408691 586.2112426757812 -36.848087310791016 
v -22.29140281677246 585.53857421875 -41.57918930053711 
v -30.49472999572754 579.5083618164062 -51.68016052246094 
v -37.71934127807617 571.9459228515625 -60.66421890258789 
v -42.88874435424805 564.8114624023438 -66.59663391113281 
v -46.278263092041016 556.2451782226562 -72.28691101074219 
v -47.95427703857422 548.6232299804688 -76.33395385742188 
v -48.453365325927734 542.01025390625 -78.89431762695312 
v -43.1387939453125 530.4066162109375 -83.21764373779297 
v -37.6864013671875 521.3661499023438 -85.41435241699219 
v -3.8698291778564453 583.5376586914062 -38.5181770324707 
v -15.46902847290039 583.8394165039062 -42.936763763427734 
v -25.064699172973633 579.0999755859375 -52.35514450073242 
v -32.66834259033203 571.80615234375 -61.7589225769043 
v -38.3850212097168 565.3935546875 -67.05840301513672 
v -42.64240264892578 556.7511596679688 -72.98351287841797 
v -45.21700668334961 549.7176513671875 -76.59681701660156 
v -46.284236907958984 543.3114013671875 -79.05057525634766 
v -43.1387939453125 530.4066162109375 -83.21764373779297 
v -6.013166427612305 581.1817626953125 -44.6638069152832 
v -18.966089248657227 577.5335693359375 -53.58478546142578 
v -27.96207618713379 571.5305786132812 -62.30597686767578 
v -33.98615264892578 565.2298583984375 -68.04650115966797 
v -39.03810119628906 557.3992919921875 -73.41695404052734 
v -42.275272369384766 550.084228515625 -77.18681335449219 
v -44.03662872314453 543.5386962890625 -79.5339584350586 
v -41.2617073059082 531.0300903320312 -83.6157455444336 
v -37.6864013671875 521.3661499023438 -85.41435241699219 
v -10.512845993041992 575.2408447265625 -54.99901580810547 
v -22.587230682373047 570.096923828125 -63.40768814086914 
v -29.890026092529297 565.045654296875 -68.48694610595703 
v -35.42695617675781 557.1303100585938 -74.15619659423828 
v -39.36509704589844 550.593017578125 -77.51364135742188 
v -41.766231536865234 544.4110107421875 -79.73286437988281 
v -41.2617073059082 531.0300903320312 -83.6157455444336 
v -15.218672752380371 568.068359375 -64.75094604492188 
v -25.372608184814453 563.79345703125 -69.5603256225586 
v -32.23025131225586 557.0121459960938 -74.56831359863281 
v -36.51971435546875 550.3413696289062 -78.12496185302734 
v -39.459346771240234 544.093994140625 -80.25889587402344 
v -39.10769271850586 531.2913818359375 -83.95689392089844 
v -37.6864013671875 521.3661499023438 -85.41435241699219 
v -19.006669998168945 562.1297607421875 -70.59076690673828 
v -28.37456703186035 556.0007934570312 -75.39285278320312 
v -33.819515228271484 550.2732543945312 -78.45178985595703 
v -37.087677001953125 544.5374755859375 -80.50043487548828 
v -39.10769271850586 531.2913818359375 -83.95689392089844 
v -23.07327651977539 554.5939331054688 -76.23139953613281 
v -30.801227569580078 549.43603515625 -79.1270751953125 
v -35.17603302001953 543.8416748046875 -80.98382568359375 
v -37.235286712646484 531.132568359375 -84.2767105102539 
v -37.6864013671875 521.3661499023438 -85.41435241699219 
v -26.564586639404297 548.2860107421875 -79.77372741699219 
v -32.47583770751953 543.7735595703125 -81.31065368652344 
v -37.235286712646484 531.132568359375 -84.2767105102539 
v -29.667524337768555 542.3594360351562 -81.9859390258789 
v -34.59988021850586 530.3040161132812 -84.88803100585938 
v -37.6864013671875 521.3661499023438 -85.41435241699219 
v -13.29362964630127 512.2265625 63.723426818847656 
v -9.077959060668945 504.5508728027344 62.187984466552734 
v -7.736622333526611 505.7613525390625 62.038734436035156 
v -47.24154281616211 523.6679077148438 -134.43716430664062 
v -37.6864013671875 521.3661499023438 -85.41435241699219 
v -40.72953796386719 541.2896728515625 -133.20663452148438 
v -34.59988021850586 530.3040161132812 -84.88803100585938 
v -33.61344528198242 558.4302368164062 -129.23757934570312 
v -29.667524337768555 542.3594360351562 -81.9859390258789 
v -28.264169692993164 570.9871826171875 -124.37942504882812 
v -26.564586639404297 548.2860107421875 -79.77372741699219 
v -22.681072235107422 582.5443725585938 -117.75011444091797 
v -23.07327651977539 554.5939331054688 -76.23139953613281 
v -16.79853057861328 594.3845825195312 -108.65974426269531 
v -19.006669998168945 562.1297607421875 -70.59076690673828 
v -10.868252754211426 604.9007568359375 -98.16096496582031 
v -15.218672752380371 568.068359375 -64.75094604492188 
v -4.438179016113281 615.6270141601562 -83.99193572998047 
v -10.512845993041992 575.2408447265625 -54.99901580810547 
v 1.829653263092041 624.452392578125 -68.41449737548828 
v -6.013166427612305 581.1817626953125 -44.6638069152832 
v 5.939571857452393 629.4898071289062 -55.575584411621094 
v -3.8698291778564453 583.5376586914062 -38.5181770324707 
v 9.745075225830078 632.54736328125 -41.9328727722168 
v -1.644445538520813 585.0796508789062 -31.063739776611328 
v 13.203901290893555 634.4244384765625 -26.4337100982666 
v 0.650370717048645 586.3350830078125 -21.269166946411133 
v 16.236173629760742 634.2354125976562 -10.614429473876953 
v 2.414621114730835 586.215576171875 -12.342361450195312 
v 18.64206886291504 631.6610717773438 7.907749176025391 
v 3.913156509399414 584.4942016601562 0.39694830775260925 
v 20.521230697631836 627.05712890625 26.145444869995117 
v 5.136928558349609 581.4354248046875 12.851773262023926 
v 20.931718826293945 621.6810913085938 39.46803665161133 
v 5.091587543487549 578.838623046875 19.061368942260742 
v 20.839353561401367 614.528076171875 52.14337921142578 
v 4.86013650894165 575.0028686523438 25.97516632080078 
v 19.719900131225586 605.1355590820312 65.10320281982422 
v 3.865906000137329 569.0927734375 34.26173400878906 
v 18.12340545654297 594.3486938476562 76.81119537353516 
v 2.660884380340576 562.998046875 41.075931549072266 
v 15.079863548278809 580.1685180664062 88.80365753173828 
v 0.30277019739151 553.403076171875 49.2415771484375 
v 11.499173164367676 564.6158447265625 99.18151092529297 
v -2.5735511779785156 542.8206787109375 56.560787200927734 
v 7.935831546783447 552.0621948242188 105.24885559082031 
v -4.687043190002441 537.0565795898438 59.30632019042969 
v 3.985208749771118 538.7348022460938 109.3388442993164 
v -7.3626604080200195 530.059814453125 61.447261810302734 
v -1.0029215812683105 523.8250732421875 112.3831787109375 
v -10.675641059875488 519.8976440429688 63.50291442871094 
v -6.228463649749756 508.7403869628906 113.0873794555664 
v -13.29362964630127 512.2265625 63.723426818847656 
v -6.228463649749756 508.7403869628906 113.0873794555664 
v 6.990235805511475 500.5318603515625 109.65402221679688 
v 8.381002426147461 503.2923278808594 109.59005737304688 
v 21.16742706298828 495.3717956542969 104.00144958496094 
v 22.466524124145508 498.2962951660156 103.83788299560547 
v 34.58331298828125 493.7554626464844 97.31724548339844 
v -47.24154281616211 523.6679077148438 -134.43716430664062 
v -31.298797607421875 513.8145751953125 -136.42617797851562 
v -33.53931427001953 510.84075927734375 -136.23428344726562 
v -17.123390197753906 501.20721435546875 -135.4208221435547 
vn -0.19306956231594086 0.04617083817720413 -0.9800978899002075 
vn -0.14140208065509796 0.21941156685352325 -0.9653307795524597 
vn -0.12254036217927933 0.22055917978286743 -0.9676451086997986 
vn -0.09440789371728897 0.3122655749320984 -0.9452919363975525 
vn -0.0807008221745491 0.3228146433830261 -0.9430152177810669 
vn -0.037566039711236954 0.4429107904434204 -0.8957780599594116 
vn -0.10950016230344772 0.33139505982398987 -0.9371160864830017 
vn -0.04968387261033058 0.4471246302127838 -0.8930904269218445 
vn 0.0029095332138240337 0.5491005778312683 -0.835750937461853 
vn -0.07897388190031052 0.45433416962623596 -0.8873236179351807 
vn -0.006849193014204502 0.558079183101654 -0.8297591209411621 
vn 0.03954923897981644 0.6402999758720398 -0.767105758190155 
vn -0.051070574671030045 0.5633261203765869 -0.8246544599533081 
vn 0.027379091829061508 0.6442793011665344 -0.7642996907234192 
vn 0.08079862594604492 0.7325328588485718 -0.6759191751480103 
vn -0.02294185757637024 0.6560078263282776 -0.7544050216674805 
vn 0.06418230384588242 0.7370485067367554 -0.6727849245071411 
vn 0.12112286686897278 0.8062964081764221 -0.5789773464202881 
vn 0.005407356657087803 0.750209391117096 -0.6611778140068054 
vn 0.1045188158750534 0.8108395338058472 -0.575859785079956 
vn 0.15852414071559906 0.8670352101325989 -0.4723552465438843 
vn 0.034502800554037094 0.821355402469635 -0.5693718791007996 
vn 0.13762640953063965 0.8724915981292725 -0.46884629130363464 
vn 0.19638799130916595 0.9180483818054199 -0.3444102108478546 
vn 0.06610037386417389 0.8878515958786011 -0.455356627702713 
vn 0.17566469311714172 0.9237166047096252 -0.3404245674610138 
vn 0.22546996176242828 0.9483578205108643 -0.22311466932296753 
vn 0.09559304267168045 0.9405443072319031 -0.3259414732456207 
vn 0.20472188293933868 0.953963577747345 -0.21918430924415588 
vn 0.2523074448108673 0.9618044495582581 -0.10617267340421677 
vn 0.12463661283254623 0.9707852005958557 -0.20503953099250793 
vn 0.22736245393753052 0.968489408493042 -0.10165607184171677 
vn 0.2768961489200592 0.9605094194412231 0.02737918496131897 
vn 0.14731185138225555 0.9852178692817688 -0.08743231743574142 
vn 0.2519611120223999 0.967210590839386 0.03191752731800079 
vn 0.29427698254585266 0.94334477186203 0.15330052375793457 
vn 0.16770043969154358 0.98471999168396 0.046929482370615005 
vn 0.26933619379997253 0.9500200748443604 0.15785834193229675 
vn 0.30568841099739075 0.910979688167572 0.2768933176994324 
vn 0.18928925693035126 0.9667068719863892 0.17218229174613953 
vn 0.28488588333129883 0.9166007041931152 0.2805040776729584 
vn 0.31529897451400757 0.8562729358673096 0.4091241955757141 
vn 0.2048117220401764 0.9333138465881348 0.29491838812828064 
vn 0.29449957609176636 0.8619573712348938 0.4126729667186737 
vn 0.3177383542060852 0.7928689122200012 0.5200005769729614 
vn 0.2185547947883606 0.8778108358383179 0.426241010427475 
vn 0.2969161868095398 0.7982496619224548 0.5240588188171387 
vn 0.3146008849143982 0.7212164402008057 0.617148756980896 
vn 0.2290506511926651 0.8085547685623169 0.542009711265564 
vn 0.29796046018600464 0.7257574796676636 0.6200767159461975 
vn 0.30822017788887024 0.6271829009056091 0.7152911424636841 
vn 0.23398441076278687 0.7348795533180237 0.6365553736686707 
vn 0.29158106446266174 0.6317394375801086 0.7182515859603882 
vn 0.2924807667732239 0.5290759205818176 0.7965759038925171 
vn 0.2324794977903366 0.6451117396354675 0.7278623580932617 
vn 0.28013670444488525 0.5331317186355591 0.7983066439628601 
vn 0.2755715847015381 0.42212173342704773 0.8636394739151001 
vn 0.2295074313879013 0.5449009537696838 0.806479275226593 
vn 0.26299822330474854 0.4252205193042755 0.8660364151000977 
vn 0.25350719690322876 0.2924858331680298 0.9220551252365112 
vn 0.22529089450836182 0.435151070356369 0.8717150092124939 
vn 0.24127188324928284 0.2967848777770996 0.9239622354507446 
vn 0.22610488533973694 0.17234914004802704 0.9587345719337463 
vn 0.21433228254318237 0.29715055227279663 0.9304637312889099 
vn 0.21352633833885193 0.16125358641147614 0.9635368585586548 
vn 0.19622930884361267 0.08073199540376663 0.9772287011146545 
vn 0.19945760071277618 0.17405486106872559 0.9643241763114929 
vn 0.17758694291114807 0.07949936389923096 0.9808884859085083 
vn 0.13976624608039856 -0.06694012135267258 0.9879190325737 
vn 0.17403331398963928 0.2987101674079895 0.9383412003517151 
vn 0.17214761674404144 0.43836575746536255 0.8821565508842468 
vn 0.12210441380739212 0.4369519352912903 0.8911582827568054 
vn 0.10593695938587189 0.5525720715522766 0.8267048597335815 
vn 0.0507369302213192 0.5466200709342957 0.8358418941497803 
vn 0.02352980338037014 0.6447706818580627 0.7640135288238525 
vn -0.04106612130999565 0.631725013256073 0.7741037607192993 
vn -0.07986173778772354 0.7255135774612427 0.6835580468177795 
vn -0.15275762975215912 0.7028270959854126 0.6947651505470276 
vn -0.1881711781024933 0.7738491892814636 0.6047713756561279 
vn -0.26785439252853394 0.7400901913642883 0.6168628931045532 
vn -0.309599369764328 0.7998068928718567 0.5142533779144287 
vn -0.38895270228385925 0.7598551511764526 0.5208984017372131 
vn -0.4372481107711792 0.8070145845413208 0.39691394567489624 
vn -0.5140458941459656 0.7563720345497131 0.4045459032058716 
vn -0.5512552261352539 0.7848498225212097 0.28306812047958374 
vn -0.623835563659668 0.7254595160484314 0.2907520532608032 
vn -0.6536430716514587 0.7378876209259033 0.16814211010932922 
vn -0.7213538289070129 0.6700127124786377 0.17530187964439392 
vn -0.7375335693359375 0.6740053296089172 0.04195273667573929 
vn -0.8014113903045654 0.5961071252822876 0.04894011840224266 
vn -0.8034770488739014 0.591036319732666 -0.07141203433275223 
vn -0.8542922139167786 0.5152775645256042 -0.06835795193910599 
vn -0.8439180254936218 0.499299019575119 -0.19621890783309937 
vn -0.8873379826545715 0.41866347193717957 -0.1932644546031952 
vn -0.8540594577789307 0.40090399980545044 -0.3314474821090698 
vn -0.8875780701637268 0.32104235887527466 -0.33035749197006226 
vn -0.8362417221069336 0.30637720227241516 -0.4547877907752991 
vn -0.8600181341171265 0.23283076286315918 -0.4540460407733917 
vn -0.7971658706665039 0.21582774817943573 -0.5638653635978699 
vn -0.8115023374557495 0.14948603510856628 -0.5649044513702393 
vn -0.7317150831222534 0.13809511065483093 -0.6674743890762329 
vn -0.7367241978645325 0.07475551217794418 -0.6720478534698486 
vn -0.6516541838645935 0.07921251654624939 -0.7543683052062988 
vn -0.6512345671653748 0.02589365839958191 -0.7584341764450073 
vn -0.5484111309051514 0.031672894954681396 -0.8356084227561951 
vn -0.5453848242759705 -0.007008446846157312 -0.8381561040878296 
vn -0.4061530828475952 0.01757410541176796 -0.913635790348053 
vn -0.41568687558174133 -0.010781032964587212 -0.9094436168670654 
vn -0.3143385648727417 0.02014922723174095 -0.9490968585014343 
vn 0.16335348784923553 0.5487827658653259 0.8198491930961609 
vn 0.09178732335567474 0.6527127027511597 0.7520244121551514 
vn -0.0036355690099298954 0.737330973148346 0.6755214929580688 
vn -0.11305756121873856 0.7945729494094849 0.5965493321418762 
vn -0.22843486070632935 0.8361443877220154 0.49867764115333557 
vn -0.3534756302833557 0.8516903519630432 0.38688206672668457 
vn -0.47045084834098816 0.8390822410583496 0.27315956354141235 
vn -0.5763868689537048 0.8015184998512268 0.15920214354991913 
vn -0.6710277199745178 0.7406408786773682 0.03423382341861725 
vn -0.7402616739273071 0.6678658723831177 -0.07724516093730927 
vn -0.7914897203445435 0.5780450701713562 -0.19851179420948029 
vn -0.8125172257423401 0.4772113561630249 -0.3347897231578827 
vn -0.8084730505943298 0.37444984912872314 -0.4540460407733917 
vn -0.7755249738693237 0.28427761793136597 -0.5636900663375854 
vn -0.717806875705719 0.19700394570827484 -0.6677888631820679 
vn -0.6455948352813721 0.128638356924057 -0.7527674436569214 
vn -0.5469677448272705 0.07089579105377197 -0.8341459631919861 
vn -0.4220412075519562 0.04533303529024124 -0.9054422378540039 
vn -0.3173823356628418 0.0492514967918396 -0.9470175504684448 
vn -0.19306956231594086 0.04617083817720413 -0.9800978899002075 
vn 0.15798141062259674 0.6498208045959473 0.7434879541397095 
vn 0.07281442731618881 0.7473726272583008 0.6604026556015015 
vn -0.028499485924839973 0.8137969970703125 0.5804495811462402 
vn -0.14207889139652252 0.861115574836731 0.48815256357192993 
vn -0.26724115014076233 0.8902499079704285 0.3688313364982605 
vn -0.38534966111183167 0.8848097920417786 0.2619475722312927 
vn -0.49702444672584534 0.8548058867454529 0.14924052357673645 
vn -0.5958101153373718 0.8027304410934448 0.025164268910884857 
vn -0.6758114695549011 0.7318939566612244 -0.08723101019859314 
vn -0.7334288358688354 0.6479159593582153 -0.20563562214374542 
vn -0.7648829817771912 0.5477057695388794 -0.3390744924545288 
vn -0.7710331678390503 0.44583800435066223 -0.4546816945075989 
vn -0.7480465173721313 0.35058581829071045 -0.5634847283363342 
vn -0.6989845633506775 0.25842782855033875 -0.6668094396591187 
vn -0.63637375831604 0.1754084974527359 -0.7511721253395081 
vn -0.5433135628700256 0.1154157891869545 -0.831558108329773 
vn -0.41030868887901306 0.06707553565502167 -0.9094762802124023 
vn -0.3173823356628418 0.0492514967918396 -0.9470175504684448 
vn 0.1475573033094406 0.7452892065048218 0.6502078771591187 
vn 0.05095444992184639 0.8203700184822083 0.569557785987854 
vn -0.054896555840969086 0.8776235580444336 0.47619593143463135 
vn -0.1786624789237976 0.9171125292778015 0.35634759068489075 
vn -0.29665407538414 0.921770453453064 0.24966949224472046 
vn -0.40913525223731995 0.9020500183105469 0.13752548396587372 
vn -0.5154933333396912 0.8567622900009155 0.014972575940191746 
vn -0.6020818948745728 0.7932032942771912 -0.091241255402565 
vn -0.6696569919586182 0.7128621935844421 -0.208293154835701 
vn -0.7111656069755554 0.6146910786628723 -0.3411707580089569 
vn -0.7259421348571777 0.5137048959732056 -0.45729029178619385 
vn -0.7163466811180115 0.4105493426322937 -0.5641771554946899 
vn -0.6765037775039673 0.3104832172393799 -0.6677888631820679 
vn -0.6203658580780029 0.2298128604888916 -0.7498877048492432 
vn -0.5348564982414246 0.1504812389612198 -0.8314345479011536 
vn -0.41959384083747864 0.10049523413181305 -0.9021314978599548 
vn -0.3157116174697876 0.07875163108110428 -0.9455811977386475 
vn -0.19306956231594086 0.04617083817720413 -0.9800978899002075 
vn 0.1341758668422699 0.8194835782051086 0.5571740865707397 
vn 0.03254515305161476 0.8857938647270203 0.4629356265068054 
vn -0.08427903801202774 0.9358501434326172 0.3421708643436432 
vn -0.20514927804470062 0.9497665166854858 0.2363400012254715 
vn -0.3211676776409149 0.938712477684021 0.1251775175333023 
vn -0.4307708442211151 0.9024537205696106 0.003589724889025092 
vn -0.5229306817054749 0.8462074995040894 -0.10234986245632172 
vn -0.6012191772460938 0.7678036093711853 -0.22138714790344238 
vn -0.650516927242279 0.6739924550056458 -0.35008713603019714 
vn -0.6777187585830688 0.5718740224838257 -0.46223005652427673 
vn -0.6773430109024048 0.4647899568080902 -0.5702419281005859 
vn -0.6492922902107239 0.36455002427101135 -0.6674743890762329 
vn -0.6002411246299744 0.2746821343898773 -0.7511721253395081 
vn -0.5235745310783386 0.19257350265979767 -0.8299304842948914 
vn -0.40146809816360474 0.11599069833755493 -0.908498227596283 
vn -0.3157116174697876 0.07875163108110428 -0.9455811977386475 
vn 0.11965002119541168 0.8852697014808655 0.449422687292099 
vn 0.006620550062507391 0.9446166157722473 0.3281082808971405 
vn -0.11166030913591385 0.9686280488967896 0.2220158874988556 
vn -0.22602538764476776 0.9677579998970032 0.11115877330303192 
vn -0.338276743888855 0.9409988522529602 -0.00944624561816454 
vn -0.44025132060050964 0.8905704021453857 -0.11429038643836975 
vn -0.523989200592041 0.8205371499061584 -0.22837074100971222 
vn -0.584465742111206 0.7291452288627625 -0.35601431131362915 
vn -0.6196946501731873 0.6279564499855042 -0.47079551219940186 
vn -0.6329899430274963 0.5208085179328918 -0.5727839469909668 
vn -0.6138131618499756 0.41287869215011597 -0.672877311706543 
vn -0.5758851170539856 0.31993719935417175 -0.7523269057273865 
vn -0.506451427936554 0.22852352261543274 -0.8314345479011536 
vn -0.4060722887516022 0.1498076617717743 -0.9014778733253479 
vn -0.30935734510421753 0.10858123004436493 -0.9447262287139893 
vn -0.19306956231594086 0.04617083817720413 -0.9800978899002075 
vn 0.1018642783164978 0.9444307088851929 0.31252801418304443 
vn -0.012715517543256283 0.9784373641014099 0.2061503827571869 
vn -0.13284911215305328 0.98639315366745 0.09684514999389648 
vn -0.24689796566963196 0.9687679409980774 -0.023007184267044067 
vn -0.3504487872123718 0.9278427958488464 -0.1276421695947647 
vn -0.4427525997161865 0.8633103370666504 -0.24220772087574005 
vn -0.515735924243927 0.7747886776924133 -0.36567485332489014 
vn -0.5606258511543274 0.6786527633666992 -0.4744769036769867 
vn -0.5830512642860413 0.5714248418807983 -0.5775155425071716 
vn -0.5777361392974854 0.4599545896053314 -0.6742862462997437 
vn -0.5487340688705444 0.36165088415145874 -0.7537233829498291 
vn -0.4890495538711548 0.264339417219162 -0.8312367796897888 
vn -0.38778799772262573 0.16525189578533173 -0.9068140387535095 
vn -0.30935734510421753 0.10858123004436493 -0.9447262287139893 
vn 0.08221820741891861 0.9782282114028931 0.19054940342903137 
vn -0.034118104726076126 0.996124267578125 0.0810665413737297 
vn -0.15348263084888458 0.987444281578064 -0.03736438974738121 
vn -0.2623444199562073 0.9545995593070984 -0.14111840724945068 
vn -0.35930192470550537 0.8973511457443237 -0.25624650716781616 
vn -0.43741369247436523 0.8169119954109192 -0.3759298622608185 
vn -0.4979099929332733 0.717917263507843 -0.4864974319934845 
vn -0.5313028693199158 0.6143120527267456 -0.5833842754364014 
vn -0.5314034223556519 0.5043906569480896 -0.6805878281593323 
vn -0.5155189633369446 0.3987695276737213 -0.7584341764450073 
vn -0.4645726680755615 0.29727450013160706 -0.8341459631919861 
vn -0.38337770104408264 0.1997881382703781 -0.9017237424850464 
vn -0.2989773750305176 0.13692429661750793 -0.9443854093551636 
vn -0.19306956231594086 0.04617083817720413 -0.9800978899002075 
vn 0.060678865760564804 0.9960154294967651 0.06535052508115768 
vn -0.05890437215566635 0.9968820214271545 -0.05249599739909172 
vn -0.16829650104045868 0.9733336567878723 -0.1558753252029419 
vn -0.2717486023902893 0.9256627559661865 -0.26324978470802307 
vn -0.3603318929672241 0.8468780517578125 -0.39109814167022705 
vn -0.4276331067085266 0.7576141953468323 -0.49310240149497986 
vn -0.4703400731086731 0.6573576331138611 -0.5887787342071533 
vn -0.4871751070022583 0.5405614972114563 -0.6858957409858704 
vn -0.48246484994888306 0.4336719214916229 -0.7610227465629578 
vn -0.44046643376350403 0.3282488286495209 -0.8356084227561951 
vn -0.3631713092327118 0.20844963192939758 -0.9081050753593445 
vn -0.2989773750305176 0.13692429661750793 -0.9443854093551636 
vn 0.04028693586587906 0.9968060851097107 -0.06894909590482712 
vn -0.0776108130812645 0.9822955131530762 -0.170503169298172 
vn -0.18540914356708527 0.9426588416099548 -0.2775195240974426 
vn -0.27972733974456787 0.8729712963104248 -0.3995911180973053 
vn -0.3551006019115448 0.7873361706733704 -0.5039886236190796 
vn -0.41027745604515076 0.6858104467391968 -0.6011121273040771 
vn -0.4388127028942108 0.5746539831161499 -0.6908078789710999 
vn -0.44252100586891174 0.4651125967502594 -0.7667104005813599 
vn -0.41467493772506714 0.35250696539878845 -0.8389177322387695 
vn -0.3541470468044281 0.24317941069602966 -0.9030188322067261 
vn -0.2800208330154419 0.16413331031799316 -0.9458584189414978 
vn -0.19306956231594086 0.04617083817720413 -0.9800978899002075 
vn 0.01747463457286358 0.9822983145713806 -0.18650472164154053 
vn -0.09427199512720108 0.9514192342758179 -0.29311034083366394 
vn -0.19670622050762177 0.8884295225143433 -0.4147276282310486 
vn -0.28201091289520264 0.8104861974716187 -0.5134016871452332 
vn -0.3424767553806305 0.7162973880767822 -0.6079696416854858 
vn -0.38433754444122314 0.6021487712860107 -0.6997863054275513 
vn -0.3984697759151459 0.4947223663330078 -0.7723153829574585 
vn -0.38378116488456726 0.37832462787628174 -0.8423668146133423 
vn -0.32823246717453003 0.24376514554023743 -0.9126015305519104 
vn -0.2800208330154419 0.16413331031799316 -0.9458584189414978 
vn -0.0031928247772157192 0.9511356949806213 -0.3087555468082428 
vn -0.11112842708826065 0.8991529941558838 -0.4232891798019409 
vn -0.20696336030960083 0.8234139680862427 -0.5283511281013489 
vn -0.2779048979282379 0.7348636388778687 -0.6186628341674805 
vn -0.3294951915740967 0.6264389753341675 -0.7064039707183838 
vn -0.3544211685657501 0.5218425989151001 -0.7759286761283875 
vn -0.3488866984844208 0.40258336067199707 -0.8462884426116943 
vn -0.31458353996276855 0.2785966992378235 -0.9074252843856812 
vn -0.25964975357055664 0.18281744420528412 -0.9482401013374329 
vn -0.19306956231594086 0.04617083817720413 -0.9800978899002075 
vn -0.028507761657238007 0.8983309864997864 -0.4383925795555115 
vn -0.12973304092884064 0.8331960439682007 -0.5375434756278992 
vn -0.20844057202339172 0.7496393322944641 -0.6281661987304688 
vn -0.2705638110637665 0.6470145583152771 -0.7128582000732422 
vn -0.3041355013847351 0.5422102808952332 -0.78326815366745 
vn -0.31708627939224243 0.41821834444999695 -0.851204514503479 
vn -0.2884022891521454 0.2789228558540344 -0.9159834384918213 
vn -0.25964975357055664 0.18281744420528412 -0.9482401013374329 
vn -0.051459893584251404 0.8314985036849976 -0.5531378984451294 
vn -0.13998357951641083 0.7574068903923035 -0.6377607583999634 
vn -0.21028514206409454 0.6580057144165039 -0.7230547070503235 
vn -0.261543333530426 0.5524396300315857 -0.7914575338363647 
vn -0.280611515045166 0.4336588382720947 -0.8562690019607544 
vn -0.26897338032722473 0.3055379092693329 -0.9133999347686768 
vn -0.23456744849681854 0.20166972279548645 -0.9509505033493042 
vn -0.19306956231594086 0.04617083817720413 -0.9800978899002075 
vn -0.07032109051942825 0.7547942399978638 -0.6521809697151184 
vn -0.1502355933189392 0.6648094058036804 -0.7317493557929993 
vn -0.20734138786792755 0.5668814778327942 -0.7972793579101562 
vn -0.23994947969913483 0.44736775755882263 -0.8615601062774658 
vn -0.2431199997663498 0.3039982318878174 -0.9211282730102539 
vn -0.23456744849681854 0.20166972279548645 -0.9509505033493042 
vn -0.09141090512275696 0.6659519672393799 -0.7403724789619446 
vn -0.15651167929172516 0.5716016292572021 -0.8054657578468323 
vn -0.20237956941127777 0.452594518661499 -0.8684470057487488 
vn -0.22175680100917816 0.32361695170402527 -0.9198344945907593 
vn -0.2053607851266861 0.21895091235637665 -0.9538799524307251 
vn -0.19306956231594086 0.04617083817720413 -0.9800978899002075 
vn -0.1091390922665596 0.5669368505477905 -0.8164990544319153 
vn -0.16510047018527985 0.45593956112861633 -0.8745629787445068 
vn -0.19448444247245789 0.3135785460472107 -0.9294320344924927 
vn -0.2053607851266861 0.21895091235637665 -0.9538799524307251 
vn -0.12361488491296768 0.4573783874511719 -0.8806383609771729 
vn -0.1695682555437088 0.3300663232803345 -0.9286023378372192 
vn -0.1734679490327835 0.2192990779876709 -0.9601126909255981 
vn -0.19306956231594086 0.04617083817720413 -0.9800978899002075 
vn -0.1426292061805725 0.318122923374176 -0.9372588992118835 
vn -0.1734679490327835 0.2192990779876709 -0.9601126909255981 
vn -0.14140208065509796 0.21941156685352325 -0.9653307795524597 
vn -0.19306956231594086 0.04617083817720413 -0.9800978899002075 
vn -0.34832385182380676 -0.9370613694190979 0.024205083027482033 
vn -0.34832385182380676 -0.9370613694190979 0.024205083027482033 
vn -0.34429341554641724 -0.9385689496994019 0.023447228595614433 
vn -0.34429341554641724 -0.9385689496994019 0.023447228595614433 
vn -0.3268066942691803 -0.9446805715560913 0.0278455950319767 
vn -0.3268066942691803 -0.9446805715560913 0.0278455950319767 
vn -0.3200867474079132 -0.9464588165283203 0.04194708913564682 
vn -0.3200867474079132 -0.9464588165283203 0.04194708913564682 
vn -0.33629849553108215 -0.9406799674034119 0.0449870340526104 
vn -0.33629849553108215 -0.9406799674034119 0.0449870340526104 
vn -0.3483901917934418 -0.9361572265625 0.047258030623197556 
vn -0.3483901917934418 -0.9361572265625 0.047258030623197556 
vn -0.3604220151901245 -0.9314736127853394 0.04952090606093407 
vn -0.3604220151901245 -0.9314736127853394 0.04952090606093407 
vn -0.37239187955856323 -0.926629900932312 0.05177526921033859 
vn -0.37239187955856323 -0.926629900932312 0.05177526921033859 
vn -0.38099831342697144 -0.9232433438301086 0.04961198940873146 
vn -0.38099831342697144 -0.9232433438301086 0.04961198940873146 
vn -0.3902417719364166 -0.919675350189209 0.043679818511009216 
vn -0.3902417719364166 -0.919675350189209 0.043679818511009216 
vn -0.4000771939754486 -0.9158478379249573 0.03406350687146187 
vn -0.4000771939754486 -0.9158478379249573 0.03406350687146187 
vn -0.40528830885887146 -0.91377854347229 0.02737918496131897 
vn -0.40528830885887146 -0.91377854347229 0.02737918496131897 
vn -0.407791405916214 -0.9129891395568848 0.012508295476436615 
vn -0.407791405916214 -0.9129891395568848 0.012508295476436615 
vn -0.4102163016796112 -0.9119848608970642 -0.0023625928442925215 
vn -0.4102163016796112 -0.9119848608970642 -0.0023625928442925215 
vn -0.4041147232055664 -0.9145848155021667 -0.015011800453066826 
vn -0.4041147232055664 -0.9145848155021667 -0.015011800453066826 
vn -0.39850687980651855 -0.9166272878646851 -0.031401343643665314 
vn -0.39850687980651855 -0.9166272878646851 -0.031401343643665314 
vn -0.3905830979347229 -0.9199780225753784 -0.03293486684560776 
vn -0.3905830979347229 -0.9199780225753784 -0.03293486684560776 
vn -0.3831811249256134 -0.922885537147522 -0.03812924027442932 
vn -0.3831811249256134 -0.922885537147522 -0.03812924027442932 
vn -0.37119629979133606 -0.927673876285553 -0.04042225331068039 
vn -0.37119629979133606 -0.927673876285553 -0.04042225331068039 
vn -0.3631708323955536 -0.9307774901390076 -0.04194708913564682 
vn -0.3631708323955536 -0.9307774901390076 -0.04194708913564682 
vn -0.34298720955848694 -0.9382252097129822 -0.04574491083621979 
vn -0.34298720955848694 -0.9382252097129822 -0.04574491083621979 
vn -0.3255983591079712 -0.944603681564331 -0.04133893921971321 
vn -0.3255983591079712 -0.944603681564331 -0.04133893921971321 
vn -0.3354993760585785 -0.9417290687561035 -0.024205083027482033 
vn -0.3354993760585785 -0.9417290687561035 -0.024205083027482033 
vn -0.34646618366241455 -0.9379501342773438 -0.014494379051029682 
vn -0.34646618366241455 -0.9379501342773438 -0.014494379051029682 
vn -0.3505030870437622 -0.9364604949951172 -0.013735366985201836 
vn -0.3505030870437622 -0.9364604949951172 -0.013735366985201836 
vn 0.1371610462665558 -0.0740254744887352 0.9877786040306091 
vn 0.033116839826107025 -0.04219014197587967 0.9985604286193848 
vn 0.03409000113606453 -0.06462420523166656 0.9973269701004028 
vn -0.048527661710977554 -0.04858512058854103 0.9976392984390259 
vn -0.06131516769528389 -0.06999874114990234 0.995660662651062 
vn -0.1892833411693573 -0.07532483339309692 0.9790288805961609 
vn -0.18327763676643372 -0.10718810558319092 0.9771998524665833 
vn -0.32914069294929504 -0.12464505434036255 0.9360178709030151 
vn -0.32147032022476196 -0.17194996774196625 0.9311764240264893 
vn -0.44342541694641113 -0.1892634928226471 0.8761008977890015 
vn -0.4238117039203644 -0.24680623412132263 0.8714756369590759 
vn -0.5297561287879944 -0.2770671844482422 0.8016181588172913 
vn -0.5040589570999146 -0.3367476463317871 0.7953144311904907 
vn -0.6033561825752258 -0.3745955228805542 0.7040162682533264 
vn -0.5674337148666382 -0.43782946467399597 0.6973691582679749 
vn -0.6389983296394348 -0.46779927611351013 0.6106098294258118 
vn -0.593148946762085 -0.5374011397361755 0.5994778871536255 
vn -0.6611981391906738 -0.56684410572052 0.49143069982528687 
vn -0.6050429344177246 -0.6356022357940674 0.4795125722885132 
vn -0.6641547679901123 -0.660998523235321 0.3492545783519745 
vn -0.6011508703231812 -0.7270581126213074 0.33166787028312683 
vn -0.6394727826118469 -0.7416717410087585 0.20247720181941986 
vn -0.5666095018386841 -0.8025162220001221 0.18687079846858978 
vn -0.5937432646751404 -0.8019960522651672 0.06535052508115768 
vn -0.5118740200996399 -0.8576938509941101 0.048431023955345154 
vn -0.5315102934837341 -0.8427567481994629 -0.08518945425748825 
vn -0.448362797498703 -0.8880519270896912 -0.10165607184171677 
vn -0.4560790956020355 -0.8634340167045593 -0.21557578444480896 
vn -0.3731526732444763 -0.8974354863166809 -0.2352999448776245 
vn -0.37967777252197266 -0.8568294048309326 -0.34883737564086914 
vn -0.2935159206390381 -0.8822728991508484 -0.36802494525909424 
vn -0.2979901134967804 -0.8160977959632874 -0.4951622486114502 
vn -0.21331968903541565 -0.831606388092041 -0.5127621293067932 
vn -0.2230331301689148 -0.751116931438446 -0.6213525533676147 
vn -0.1452386975288391 -0.7604345679283142 -0.6329647898674011 
vn -0.15729252994060516 -0.6698063015937805 -0.7256845831871033 
vn -0.08570864051580429 -0.6672552824020386 -0.7398809790611267 
vn -0.10377131402492523 -0.5625897645950317 -0.820197343826294 
vn -0.044128384441137314 -0.556499719619751 -0.8296747803688049 
vn -0.07008358836174011 -0.46237099170684814 -0.8839122653007507 
vn -0.022325582802295685 -0.45224377512931824 -0.8916146159172058 
vn -0.056787390261888504 -0.333286851644516 -0.9411135315895081 
vn -0.017317308112978935 -0.3229241967201233 -0.9462661147117615 
vn -0.07527335733175278 -0.1860450804233551 -0.9796533584594727 
vn -0.04418836906552315 -0.1893378347158432 -0.9809169769287109 
vn -0.10335735231637955 -0.09053225815296173 -0.990515410900116 
vn -0.05898488685488701 -0.02672312594950199 0.9979009032249451 
vn -0.18987108767032623 -0.04113762453198433 0.9809466004371643 
vn -0.3347315192222595 -0.07183016091585159 0.9395715594291687 
vn -0.45352718234062195 -0.13081969320774078 0.8815887570381165 
vn -0.5520262718200684 -0.2116251289844513 0.8065242171287537 
vn -0.6312516927719116 -0.2989457845687866 0.7156479954719543 
vn -0.6795982718467712 -0.39261743426322937 0.6196749806404114 
vn -0.7077314257621765 -0.49439072608947754 0.5046715140342712 
vn -0.7243747711181641 -0.5858539342880249 0.36339467763900757 
vn -0.7089731097221375 -0.6705836057662964 0.21834398806095123 
vn -0.6670666337013245 -0.740971565246582 0.07734742760658264 
vn -0.6103187799453735 -0.7888181805610657 -0.07263778150081635 
vn -0.5393279790878296 -0.8181993961334229 -0.19918440282344818 
vn -0.4590780735015869 -0.822013258934021 -0.3369583785533905 
vn -0.38008633255958557 -0.7885733246803284 -0.4834107458591461 
vn -0.2991722524166107 -0.7351481318473816 -0.6083195805549622 
vn -0.22652097046375275 -0.6607922315597534 -0.7155706882476807 
vn -0.1667618602514267 -0.5637872815132141 -0.8089090585708618 
vn -0.12012617290019989 -0.4639112949371338 -0.8776990175247192 
vn -0.09530088305473328 -0.340500146150589 -0.9354020357131958 
vn -0.09546798467636108 -0.2060759961605072 -0.9738675951957703 
vn -0.13391350209712982 -0.09932251274585724 -0.9860029220581055 
vn -0.19306956231594086 0.04617083817720413 -0.9800978899002075 
vn -0.18390727043151855 -0.0013477744068950415 0.9829424619674683 
vn -0.335185170173645 -0.02802586928009987 0.9417350888252258 
vn -0.4565073251724243 -0.07600440084934235 0.8864670991897583 
vn -0.5645943880081177 -0.14520128071308136 0.8124956488609314 
vn -0.6503647565841675 -0.2255304604768753 0.7253696322441101 
vn -0.7078888416290283 -0.31574681401252747 0.6318201422691345 
vn -0.7500583529472351 -0.41196462512016296 0.5173943638801575 
vn -0.7749180793762207 -0.5081885457038879 0.3758266270160675 
vn -0.7676513195037842 -0.5956963896751404 0.2363400012254715 
vn -0.7364451289176941 -0.6700564622879028 0.09312450140714645 
vn -0.6863462328910828 -0.725101113319397 -0.05618275701999664 
vn -0.6180224418640137 -0.763716995716095 -0.18650472164154053 
vn -0.5385363698005676 -0.7803768515586853 -0.317789226770401 
vn -0.4554961323738098 -0.7587703466415405 -0.46560734510421753 
vn -0.3730902075767517 -0.7117238640785217 -0.5951910018920898 
vn -0.29034942388534546 -0.6491028666496277 -0.7031089067459106 
vn -0.22359420359134674 -0.5583184361457825 -0.7989278435707092 
vn -0.16926805675029755 -0.462125688791275 -0.8705100417137146 
vn -0.1336074024438858 -0.3472188711166382 -0.9282174706459045 
vn -0.1248033344745636 -0.1974978744983673 -0.9723262190818787 
vn -0.13391350209712982 -0.09932251274585724 -0.9860029220581055 
vn -0.3312282860279083 0.016331542283296585 0.9434090256690979 
vn -0.45935750007629395 -0.02024202048778534 0.8880205154418945 
vn -0.5662639141082764 -0.07341749966144562 0.8209473490715027 
vn -0.6672913432121277 -0.14953520894050598 0.7296306490898132 
vn -0.7327048778533936 -0.23597311973571777 0.638325572013855 
vn -0.7808245420455933 -0.3307182788848877 0.5300355553627014 
vn -0.8171781897544861 -0.4241006672382355 0.39033016562461853 
vn -0.8205927014350891 -0.5158541202545166 0.24601107835769653 
vn -0.7952080368995667 -0.5960597395896912 0.11115877330303192 
vn -0.7527226209640503 -0.6570562720298767 -0.04104815423488617 
vn -0.690860390663147 -0.7025951147079468 -0.170503169298172 
vn -0.6137339472770691 -0.7280926704406738 -0.3053048253059387 
vn -0.5311731696128845 -0.7159172892570496 -0.453119158744812 
vn -0.4405570924282074 -0.6836882829666138 -0.5817896723747253 
vn -0.36019280552864075 -0.627047061920166 -0.6907044053077698 
vn -0.2834094166755676 -0.54792320728302 -0.7870570421218872 
vn -0.21902760863304138 -0.46341851353645325 -0.8586441278457642 
vn -0.1739141196012497 -0.34538647532463074 -0.9222047328948975 
vn -0.14670664072036743 -0.20892564952373505 -0.9668644666671753 
vn -0.16667887568473816 -0.10142949968576431 -0.9807801842689514 
vn -0.19306956231594086 0.04617083817720413 -0.9800978899002075 
vn -0.4520843029022217 0.040458738803863525 0.8910568952560425 
vn -0.5662720203399658 -0.006383036263287067 0.8241933584213257 
vn -0.6710402965545654 -0.07265404611825943 0.7378520369529724 
vn -0.7459120750427246 -0.1533461958169937 0.6481508016586304 
vn -0.8053094148635864 -0.24392233788967133 0.5403497815132141 
vn -0.8511334657669067 -0.340256005525589 0.39974597096443176 
vn -0.8639394640922546 -0.4301060736179352 0.2619475722312927 
vn -0.8494212031364441 -0.5126533508300781 0.1251775175333023 
vn -0.8118465542793274 -0.5834168195724487 -0.023007184267044067 
vn -0.7545691132545471 -0.6374383568763733 -0.1558753252029419 
vn -0.6837037801742554 -0.669803261756897 -0.28967592120170593 
vn -0.5991488099098206 -0.6678422093391418 -0.44159579277038574 
vn -0.50897216796875 -0.6470437049865723 -0.5676981210708618 
vn -0.4236695468425751 -0.6005783677101135 -0.6780923008918762 
vn -0.3401172161102295 -0.5261593461036682 -0.7794075012207031 
vn -0.26865458488464355 -0.44749248027801514 -0.8529798984527588 
vn -0.20908425748348236 -0.3418368101119995 -0.9162046313285828 
vn -0.17427460849285126 -0.1950804591178894 -0.9651795625686646 
vn -0.16667887568473816 -0.10142949968576431 -0.9807801842689514 
vn -0.5584920644760132 0.0613902248442173 0.82723468542099 
vn -0.6718665957450867 0.002395516261458397 0.7406678199768066 
vn -0.7536755800247192 -0.0697873905301094 0.653530478477478 
vn -0.8224280476570129 -0.15654584765434265 0.5469046831130981 
vn -0.8776927590370178 -0.2461560219526291 0.4111713469028473 
vn -0.900621771812439 -0.3409314751625061 0.26952797174453735 
vn -0.8938822150230408 -0.4278658628463745 0.13380782306194305 
vn -0.8644028306007385 -0.5026279091835022 -0.01311994343996048 
vn -0.8145719170570374 -0.5626344084739685 -0.14111840724945068 
vn -0.7479104995727539 -0.6045598983764648 -0.27411025762557983 
vn -0.6629489660263062 -0.6153252124786377 -0.42646557092666626 
vn -0.5735781788825989 -0.6015073657035828 -0.5560542345046997 
vn -0.4808175265789032 -0.5703677535057068 -0.6659539341926575 
vn -0.3925207853317261 -0.5082099437713623 -0.7665830254554749 
vn -0.31860339641571045 -0.4345758259296417 -0.8423985242843628 
vn -0.24866151809692383 -0.338535875082016 -0.907502293586731 
vn -0.2007024884223938 -0.2068803906440735 -0.9575586915016174 
vn -0.1928424835205078 -0.09782395511865616 -0.9763410091400146 
vn -0.19306956231594086 0.04617083817720413 -0.9800978899002075 
vn -0.6658737659454346 0.07702259719371796 0.7420774102210999 
vn -0.7552549242973328 0.010156646370887756 0.6553518772125244 
vn -0.8306717872619629 -0.0712394043803215 0.5521851181983948 
vn -0.8941169381141663 -0.15636102855205536 0.41964903473854065 
vn -0.9276958703994751 -0.24755248427391052 0.2794589400291443 
vn -0.930844247341156 -0.3351884186267853 0.1455225795507431 
vn -0.9104607701301575 -0.41359439492225647 -0.00007670943887205794 
vn -0.8648649454116821 -0.4855051636695862 -0.1276421695947647 
vn -0.8031757473945618 -0.5344225764274597 -0.26324978470802307 
vn -0.721933901309967 -0.5562379360198975 -0.4115946590900421 
vn -0.6349490880966187 -0.5548747181892395 -0.5375434756278992 
vn -0.5390411615371704 -0.5330047011375427 -0.6521809697151184 
vn -0.4454522430896759 -0.47756877541542053 -0.757297694683075 
vn -0.3616161048412323 -0.4136572778224945 -0.8355363011360168 
vn -0.28528884053230286 -0.32557347416877747 -0.9014497995376587 
vn -0.22237521409988403 -0.18923480808734894 -0.9564198851585388 
vn -0.1928424835205078 -0.09782395511865616 -0.9763410091400146 
vn -0.7440576553344727 0.09642244875431061 0.6611203551292419 
vn -0.8311167359352112 0.01933464966714382 0.5557610392570496 
vn -0.904305636882782 -0.06366672366857529 0.4221101403236389 
vn -0.9451613426208496 -0.15553894639015198 0.287187784910202 
vn -0.9567440152168274 -0.24350494146347046 0.15920214354991913 
vn -0.9456068277359009 -0.3249657452106476 0.014972575940191746 
vn -0.9096994400024414 -0.39922887086868286 -0.11429038643836975 
vn -0.854390561580658 -0.45798829197883606 -0.24548469483852386 
vn -0.7754184007644653 -0.4889299273490906 -0.3995911180973053 
vn -0.6881933212280273 -0.5002123713493347 -0.5255253314971924 
vn -0.5930560827255249 -0.48476442694664 -0.6428743004798889 
vn -0.4925791323184967 -0.4451996088027954 -0.7477717399597168 
vn -0.4087386131286621 -0.3943693935871124 -0.8230462074279785 
vn -0.3254660665988922 -0.3105813264846802 -0.8930904269218445 
vn -0.25104665756225586 -0.1943914145231247 -0.9482547640800476 
vn -0.22120234370231628 -0.08754674345254898 -0.9712902307510376 
vn -0.19306956231594086 0.04617083817720413 -0.9800978899002075 
vn -0.819474458694458 0.10871360450983047 0.562709629535675 
vn -0.9014633297920227 0.03298816829919815 0.4315955936908722 
vn -0.9541592597961426 -0.056293874979019165 0.2939560115337372 
vn -0.975676953792572 -0.1449771374464035 0.16442406177520752 
vn -0.9724020957946777 -0.2319483608007431 0.025164268910884857 
vn -0.9446284174919128 -0.31060990691185 -0.10581929236650467 
vn -0.8961653709411621 -0.37651580572128296 -0.2347821295261383 
vn -0.823284387588501 -0.4177892506122589 -0.38425809144973755 
vn -0.7365929484367371 -0.4370473325252533 -0.5161587595939636 
vn -0.6404398083686829 -0.4347050189971924 -0.6331411600112915 
vn -0.5403597354888916 -0.40368473529815674 -0.7382745742797852 
vn -0.4472145140171051 -0.36096152663230896 -0.8183553218841553 
vn -0.3591243326663971 -0.2895490527153015 -0.8872376084327698 
vn -0.2708635926246643 -0.1715555489063263 -0.9472070336341858 
vn -0.22120234370231628 -0.08754674345254898 -0.9712902307510376 
vn -0.8937757015228271 0.12471692264080048 0.43082451820373535 
vn -0.9516021013259888 0.03926273062825203 0.30481287837028503 
vn -0.9832649230957031 -0.049582742154598236 0.17530187964439392 
vn -0.990111768245697 -0.13603605329990387 0.03423382341861725 
vn -0.9711267352104187 -0.2189827412366867 -0.09464947134256363 
vn -0.9288299679756165 -0.29175466299057007 -0.22837074100971222 
vn -0.8601790070533752 -0.3446272313594818 -0.3759298622608185 
vn -0.7776510715484619 -0.3722398281097412 -0.5066514015197754 
vn -0.6846626400947571 -0.3814530670642853 -0.6210716366767883 
vn -0.5826189517974854 -0.36279651522636414 -0.7272779941558838 
vn -0.4856661260128021 -0.330865740776062 -0.8091080188751221 
vn -0.3877413868904114 -0.26755979657173157 -0.8820815682411194 
vn -0.29366400837898254 -0.17304520308971405 -0.9401150941848755 
vn -0.24699491262435913 -0.07011178135871887 -0.9664767980575562 
vn -0.19306956231594086 0.04617083817720413 -0.9800978899002075 
vn -0.941347599029541 0.13865938782691956 0.30763185024261475 
vn -0.9821457862854004 0.050786156207323074 0.18113382160663605 
vn -0.998225748538971 -0.04224114865064621 0.04195273667573929 
vn -0.988203227519989 -0.12809714674949646 -0.08393169194459915 
vn -0.9545522928237915 -0.20612576603889465 -0.21526995301246643 
vn -0.8931010961532593 -0.26201438903808594 -0.36567485332489014 
vn -0.8145707845687866 -0.30548930168151855 -0.49310240149497986 
vn -0.7215175628662109 -0.32273197174072266 -0.6125813126564026 
vn -0.6185866594314575 -0.3185912072658539 -0.7182267308235168 
vn -0.5223727822303772 -0.2977513372898102 -0.7990433573722839 
vn -0.4195464551448822 -0.2431456446647644 -0.8745629787445068 
vn -0.31154876947402954 -0.14503274857997894 -0.9390966296195984 
vn -0.24699491262435913 -0.07011178135871887 -0.9664767980575562 
vn -0.9717304110527039 0.14641010761260986 0.18521080911159515 
vn -0.9973683953285217 0.053938813507556915 0.0484345518052578 
vn -0.9963692426681519 -0.035784393548965454 -0.07724516093730927 
vn -0.9708672761917114 -0.11321809887886047 -0.21118102967739105 
vn -0.9159250855445862 -0.18018557131290436 -0.3586272597312927 
vn -0.8428893685340881 -0.2299066036939621 -0.4864974319934845 
vn -0.7520882487297058 -0.2628180980682373 -0.6043916344642639 
vn -0.6505725979804993 -0.2648983299732208 -0.7117468118667603 
vn -0.5513913631439209 -0.25482913851737976 -0.7943733930587769 
vn -0.446931928396225 -0.22000674903392792 -0.8670918941497803 
vn -0.33641764521598816 -0.13987654447555542 -0.9312664866447449 
vn -0.26922351121902466 -0.05604483559727669 -0.9614453911781311 
vn -0.19306956231594086 0.04617083817720413 -0.9800978899002075 
vn -0.9872727990150452 0.15019920468330383 0.052263930439949036 
vn -0.9950411319732666 0.06617879122495651 -0.07424585521221161 
vn -0.9791332483291626 -0.022473381832242012 -0.20197060704231262 
vn -0.9315588474273682 -0.09816447645425797 -0.35008713603019714 
vn -0.8650222420692444 -0.15652857720851898 -0.47669118642807007 
vn -0.7792340517044067 -0.19934742152690887 -0.594183623790741 
vn -0.6773130893707275 -0.21206235885620117 -0.7044684886932373 
vn -0.5796946287155151 -0.21325093507766724 -0.7864334583282471 
vn -0.4703749716281891 -0.18505968153476715 -0.8628439903259277 
vn -0.3444242477416992 -0.10973424464464188 -0.9323785901069641 
vn -0.26922351121902466 -0.05604483559727669 -0.9614453911781311 
vn -0.9856399297714233 0.15440240502357483 -0.06835795193910599 
vn -0.9782618880271912 0.06915975362062454 -0.19549837708473206 
vn -0.939900279045105 -0.01375274732708931 -0.3411707580089569 
vn -0.8775863647460938 -0.07957973331212997 -0.4727666676044464 
vn -0.7991641759872437 -0.13027872145175934 -0.5868248343467712 
vn -0.6997107863426208 -0.1624492108821869 -0.6957114338874817 
vn -0.603388249874115 -0.17294791340827942 -0.778467059135437 
vn -0.49371135234832764 -0.1518286019563675 -0.8562690019607544 
vn -0.371176540851593 -0.0979003757238388 -0.9233866930007935 
vn -0.2871246337890625 -0.029692143201828003 -0.9574326872825623 
vn -0.19306956231594086 0.04617083817720413 -0.9800978899002075 
vn -0.9686725735664368 0.15895263850688934 -0.1908048391342163 
vn -0.938856303691864 0.06883225589990616 -0.33735737204551697 
vn -0.8838583827018738 -0.000395889044739306 -0.46775349974632263 
vn -0.81136554479599 -0.06413647532463074 -0.5810092091560364 
vn -0.7172360420227051 -0.10081228613853455 -0.689498782157898 
vn -0.6232469081878662 -0.12284822762012482 -0.7723153829574585 
vn -0.5127761363983154 -0.12000861018896103 -0.8500929474830627 
vn -0.37042051553726196 -0.06867699325084686 -0.9263215661048889 
vn -0.2871246337890625 -0.029692143201828003 -0.9574326872825623 
vn -0.9291699528694153 0.1567104011774063 -0.3347897231578827 
vn -0.8837814927101135 0.07409980893135071 -0.4619941711425781 
vn -0.8162127137184143 0.010177684016525745 -0.5776612162590027 
vn -0.727313756942749 -0.042505428194999695 -0.6849871277809143 
vn -0.6341848373413086 -0.07156001031398773 -0.7698624134063721 
vn -0.524962306022644 -0.08066222816705704 -0.8472943305969238 
vn -0.3957212567329407 -0.05367955565452576 -0.9168002009391785 
vn -0.3008379340171814 -0.0047795395366847515 -0.9536630511283875 
vn -0.19306956231594086 0.04617083817720413 -0.9800978899002075 
vn -0.8747303485870361 0.15514835715293884 -0.45910224318504333 
vn -0.815678596496582 0.07685387879610062 -0.5733768939971924 
vn -0.7324451804161072 0.01682182401418686 -0.6806176900863647 
vn -0.6461402773857117 -0.026659918949007988 -0.7627524733543396 
vn -0.5371757745742798 -0.04312398284673691 -0.8423668146133423 
vn -0.39084285497665405 -0.025844689458608627 -0.9200942516326904 
vn -0.3008379340171814 -0.0047795395366847515 -0.9536630511283875 
vn -0.8096756935119629 0.14695127308368683 -0.568181037902832 
vn -0.7321342825889587 0.07919413596391678 -0.6765403747558594 
vn -0.6512345671653748 0.02589365839958191 -0.7584341764450073 
vn -0.5453848242759705 -0.007008446846157312 -0.8381561040878296 
vn -0.41332191228866577 -0.00369892455637455 -0.9105771780014038 
vn -0.3104400336742401 0.01867596246302128 -0.9504092335700989 
vn -0.19306956231594086 0.04617083817720413 -0.9800978899002075 
vn -0.725517749786377 0.13793684542179108 -0.674237847328186 
vn -0.649658739566803 0.07456689327955246 -0.7565597295761108 
vn -0.5484111309051514 0.031672894954681396 -0.8356084227561951 
vn -0.4061530828475952 0.01757410541176796 -0.913635790348053 
vn -0.3104400336742401 0.01867596246302128 -0.9504092335700989 
vn -0.6436811089515686 0.12397047132253647 -0.755185604095459 
vn -0.5469677448272705 0.07089579105377197 -0.8341459631919861 
vn -0.4220412075519562 0.04533303529024124 -0.9054422378540039 
vn -0.3128463625907898 0.04964322969317436 -0.9485052824020386 
vn -0.19306956231594086 0.04617083817720413 -0.9800978899002075 
vn -0.5433135628700256 0.1154157891869545 -0.831558108329773 
vn -0.40593600273132324 0.06749798357486725 -0.9114052653312683 
vn -0.3128463625907898 0.04964322969317436 -0.9485052824020386 
vn -0.41776520013809204 0.09381294995546341 -0.9036984443664551 
vn -0.31118303537368774 0.0791299119591713 -0.9470496773719788 
vn -0.19306956231594086 0.04617083817720413 -0.9800978899002075 
vn -0.5348564982414246 0.1504812389612198 -0.8314345479011536 
vn -0.6320225596427917 0.17784437537193298 -0.7542666792869568 
vn -0.618573784828186 0.22514225542545319 -0.7527793645858765 
vn -0.6975330114364624 0.25388103723526 -0.6700681447982788 
vn -0.6750741600990295 0.30597513914108276 -0.6713071465492249 
vn -0.7464056015014648 0.3479342758655548 -0.5672914385795593 
vn -0.7147062420845032 0.40787792205810547 -0.568181037902832 
vn -0.7698100209236145 0.4434148967266083 -0.45910224318504333 
vn -0.7246466279029846 0.5113196969032288 -0.4619941711425781 
vn -0.7648829817771912 0.5477057695388794 -0.3390744924545288 
vn -0.7111656069755554 0.6146910786628723 -0.3411707580089569 
vn -0.7342641949653625 0.6489390730857849 -0.19933204352855682 
vn -0.6696569919586182 0.7128621935844421 -0.208293154835701 
vn -0.6758114695549011 0.7318939566612244 -0.08723101019859314 
vn -0.6020818948745728 0.7932032942771912 -0.091241255402565 
vn -0.5958101153373718 0.8027304410934448 0.025164268910884857 
vn -0.5154933333396912 0.8567622900009155 0.014972575940191746 
vn -0.49702444672584534 0.8548058867454529 0.14924052357673645 
vn -0.40913525223731995 0.9020500183105469 0.13752548396587372 
vn -0.38534966111183167 0.8848097920417786 0.2619475722312927 
vn -0.29665407538414 0.921770453453064 0.24966949224472046 
vn -0.266964852809906 0.8874025940895081 0.3758266270160675 
vn -0.17832408845424652 0.9144091606140137 0.36339467763900757 
vn -0.14222189784049988 0.8573465943336487 0.4947010576725006 
vn -0.05497543513774872 0.8739907741546631 0.4828220307826996 
vn -0.028958028182387352 0.8093854784965515 0.5865628123283386 
vn 0.05095444992184639 0.8203700184822083 0.569557785987854 
vn 0.07281442731618881 0.7473726272583008 0.6604026556015015 
vn 0.14317657053470612 0.7454979419708252 0.6509475708007812 
vn 0.15798141062259674 0.6498208045959473 0.7434879541397095 
vn 0.23579542338848114 0.6392380595207214 0.7319663763046265 
vn 0.233686164021492 0.543681263923645 0.8061023354530334 
vn 0.28425684571266174 0.5317899584770203 0.7977449893951416 
vn 0.26544564962387085 0.41741836071014404 0.8690800070762634 
vn 0.2780076563358307 0.41430386900901794 0.8666391968727112 
vn 0.2536206841468811 0.2774556577205658 0.9266576170921326 
vn -0.7138139605522156 0.19953839480876923 -0.6713071465492249 
vn -0.7744956016540527 0.27988123893737793 -0.5672937631607056 
vn -0.8045514225959778 0.37898561358451843 -0.4572373330593109 
vn -0.8125172257423401 0.4772113561630249 -0.3347897231578827 
vn -0.7924442887306213 0.5785241723060608 -0.19323758780956268 
vn -0.7402616739273071 0.6678658723831177 -0.07724516093730927 
vn -0.6710277199745178 0.7406408786773682 0.03423382341861725 
vn -0.5763868689537048 0.8015184998512268 0.15920214354991913 
vn -0.47045084834098816 0.8390822410583496 0.27315956354141235 
vn -0.3534756302833557 0.8516903519630432 0.38688206672668457 
vn -0.2243659496307373 0.8336461186408997 0.5046715140342712 
vn -0.10867182910442352 0.7952326536178589 0.596485435962677 
vn -0.0036355690099298954 0.737330973148346 0.6755214929580688 
vn 0.09178732335567474 0.6527127027511597 0.7520244121551514 
vn 0.16335348784923553 0.5487827658653259 0.8198491930961609 
vn 0.22777479887008667 0.4274153709411621 0.8748909831047058 
vn 0.24140103161334991 0.28177621960639954 0.9286158084869385 
vn 0.21982431411743164 0.1668069213628769 0.961172342300415 
vn -0.7954277992248535 0.21324673295021057 -0.5672914385795593 
vn -0.8362417221069336 0.30637720227241516 -0.4547877907752991 
vn -0.8540594577789307 0.40090399980545044 -0.3314474821090698 
vn -0.8442192673683167 0.5008854866027832 -0.1908048391342163 
vn -0.8034770488739014 0.591036319732666 -0.07141203433275223 
vn -0.7375335693359375 0.6740053296089172 0.04195273667573929 
vn -0.6536430716514587 0.7378876209259033 0.16814211010932922 
vn -0.5512552261352539 0.7848498225212097 0.28306812047958374 
vn -0.43332988023757935 0.8094022870063782 0.3963487446308136 
vn -0.30995309352874756 0.795601487159729 0.5205253958702087 
vn -0.1888059675693512 0.7690951824188232 0.6106098294258118 
vn -0.07986173778772354 0.7255135774612427 0.6835580468177795 
vn 0.02352980338037014 0.6447706818580627 0.7640135288238525 
vn 0.10899587720632553 0.5464676022529602 0.8303568363189697 
vn 0.17045356333255768 0.43190157413482666 0.885667085647583 
vn 0.2144501805305481 0.2821369171142578 0.9350986480712891 
vn 0.21352633833885193 0.16125358641147614 0.9635368585586548 
vn 0.1897846907377243 0.07510931044816971 0.9789484143257141 
vn -0.8587287664413452 0.23038338124752045 -0.45771995186805725 
vn -0.8875780701637268 0.32104235887527466 -0.33035749197006226 
vn -0.8874930143356323 0.4205334484577179 -0.18843239545822144 
vn -0.8542922139167786 0.5152775645256042 -0.06835795193910599 
vn -0.7987000346183777 0.5997760891914368 0.0484345518052578 
vn -0.7213538289070129 0.6700127124786377 0.17530187964439392 
vn -0.623835563659668 0.7254595160484314 0.2907520532608032 
vn -0.5141260027885437 0.7527362108230591 0.4111713469028473 
vn -0.38531699776649475 0.7574931383132935 0.5270048379898071 
vn -0.26785439252853394 0.7400901913642883 0.6168628931045532 
vn -0.15275762975215912 0.7028270959854126 0.6947651505470276 
vn -0.04106612130999565 0.631725013256073 0.7741037607192993 
vn 0.04925795644521713 0.5404465198516846 0.8399349451065063 
vn 0.12489303201436996 0.43043625354766846 0.893938422203064 
vn 0.16999302804470062 0.28504273295402527 0.9433199763298035 
vn 0.1972261667251587 0.16704946756362915 0.9660206437110901 
vn 0.1751902550458908 0.07240951061248779 0.9818680286407471 
vn 0.1371610462665558 -0.0740254744887352 0.9877786040306091 
vn -0.913109302520752 0.23833179473876953 -0.3307996392250061 
vn -0.921038806438446 0.3392561674118042 -0.19128994643688202 
vn -0.900615930557251 0.42976292967796326 -0.06475887447595596 
vn -0.854042112827301 0.5178807973861694 0.049096498638391495 
vn -0.7850123047828674 0.5924062728881836 0.18113382160663605 
vn -0.6946099400520325 0.6550099849700928 0.297452449798584 
vn -0.5842840075492859 0.6965396404266357 0.41646596789360046 
vn -0.4597717225551605 0.7069212794303894 0.5374675989151001 
vn -0.33931654691696167 0.6968981027603149 0.6318201422691345 
vn -0.22141265869140625 0.6747866272926331 0.7040162682533264 
vn -0.10633537918329239 0.6133714318275452 0.7826031446456909 
vn -0.006758175324648619 0.5307625532150269 0.8474933505058289 
vn 0.07839630544185638 0.4257504642009735 0.9014377593994141 
vn 0.13972309231758118 0.2903191149234772 0.946674108505249 
vn 0.16945186257362366 0.1656193882226944 0.9715224504470825 
vn 0.1751902550458908 0.07240951061248779 0.9818680286407471 
vn -0.9490702748298645 0.25182074308395386 -0.18934331834316254 
vn -0.9363632798194885 0.34482666850090027 -0.06570692360401154 
vn -0.8989791870117188 0.4346989393234253 0.053592801094055176 
vn -0.8384995460510254 0.5124592185020447 0.18521080911159515 
vn -0.7541961669921875 0.5833604335784912 0.301459401845932 
vn -0.6520904898643494 0.6277487874031067 0.42509838938713074 
vn -0.5289410352706909 0.6511884331703186 0.5442189574241638 
vn -0.4096042513847351 0.6517392992973328 0.638325572013855 
vn -0.29140856862068176 0.6347663998603821 0.7156479954719543 
vn -0.16895443201065063 0.5850240588188171 0.7932217121124268 
vn -0.06372486799955368 0.5162725448608398 0.8540499210357666 
vn 0.03132091835141182 0.41894102096557617 0.9074728488922119 
vn 0.10684585571289062 0.2870836555957794 0.9519277811050415 
vn 0.1484106183052063 0.17119410634040833 0.9739950895309448 
vn 0.1477452516555786 0.0724342092871666 0.9863691926002502 
vn 0.1371610462665558 -0.0740254744887352 0.9877786040306091 
vn -0.9661582708358765 0.24968674778938293 -0.06475887447595596 
vn -0.9377612471580505 0.3433366119861603 0.05218053236603737 
vn -0.884356677532196 0.4274235665798187 0.18767359852790833 
vn -0.8102428913116455 0.49886688590049744 0.30763185024261475 
vn -0.7112971544265747 0.5568333268165588 0.4289429783821106 
vn -0.5905400514602661 0.5885177850723267 0.5521851181983948 
vn -0.4721806049346924 0.5998896360397339 0.6458925604820251 
vn -0.35253793001174927 0.5938446521759033 0.7232322692871094 
vn -0.2277216911315918 0.5527663230895996 0.8016181588172913 
vn -0.11342262476682663 0.49460428953170776 0.8616852164268494 
vn -0.013571449555456638 0.4035758078098297 0.91484534740448 
vn 0.073396697640419 0.2821442186832428 0.9565600156784058 
vn 0.1263750195503235 0.15968632698059082 0.979045033454895 
vn 0.1477452516555786 0.0724342092871666 0.9863691926002502 
vn -0.9680772423744202 0.24485346674919128 0.053592801094055176 
vn -0.924687922000885 0.33224812150001526 0.18590983748435974 
vn -0.856735110282898 0.4122962951660156 0.3098641633987427 
vn -0.7648386359214783 0.4789688289165497 0.43082451820373535 
vn -0.6498541235923767 0.5163134336471558 0.5577716827392578 
vn -0.5324907898902893 0.5379132628440857 0.653530478477478 
vn -0.41426488757133484 0.5466360449790955 0.7277176380157471 
vn -0.28684690594673157 0.5169497132301331 0.8065242171287537 
vn -0.1660148650407791 0.4614853858947754 0.8714756369590759 
vn -0.054811835289001465 0.38515976071357727 0.9212204813957214 
vn 0.042304545640945435 0.2701309621334076 0.9618934988975525 
vn 0.10471033304929733 0.16358745098114014 0.9809558987617493 
vn 0.12371905893087387 0.0693076029419899 0.9898937344551086 
vn 0.1371610462665558 -0.0740254744887352 0.9877786040306091 
vn -0.9529849290847778 0.2407797873020172 0.18396686017513275 
vn -0.8936440944671631 0.32525959610939026 0.30920135974884033 
vn -0.808707058429718 0.39685922861099243 0.4341597855091095 
vn -0.6985810399055481 0.4401155710220337 0.5641648769378662 
vn -0.5850876569747925 0.4776877462863922 0.6553518772125244 
vn -0.46644994616508484 0.4902874827384949 0.7362350225448608 
vn -0.33917105197906494 0.47414472699165344 0.8124956488609314 
vn -0.21706946194171906 0.4333777129650116 0.874679446220398 
vn -0.09827159345149994 0.35915693640708923 0.9280886054039001 
vn 0.010620822198688984 0.25641655921936035 0.9665077924728394 
vn 0.08482476323843002 0.1450226753950119 0.9857853651046753 
vn 0.12371905893087387 0.0693076029419899 0.9898937344551086 
vn -0.922730565071106 0.2320607602596283 0.30775830149650574 
vn -0.8437833786010742 0.30912652611732483 0.4387134909629822 
vn -0.740236759185791 0.36514759063720703 0.5645493268966675 
vn -0.6319605708122253 0.4044068157672882 0.6611203551292419 
vn -0.5152223706245422 0.43343856930732727 0.7393755912780762 
vn -0.38659167289733887 0.4202282726764679 0.8209473490715027 
vn -0.26333293318748474 0.3917352259159088 0.8815887570381165 
vn -0.13573342561721802 0.33835840225219727 0.9311764240264893 
vn -0.017024531960487366 0.24121162295341492 0.9703230261802673 
vn 0.06721621751785278 0.14742791652679443 0.9867860078811646 
vn 0.10183382034301758 0.05923909321427345 0.9930357933044434 
vn 0.1371610462665558 -0.0740254744887352 0.9877786040306091 
vn -0.8746018409729004 0.21581460535526276 0.4341597855091095 
vn -0.7777235507965088 0.27904781699180603 0.5632739663124084 
vn -0.6699864268302917 0.3339696228504181 0.6630095839500427 
vn -0.5607048273086548 0.3655092418193817 0.7429753541946411 
vn -0.42860883474349976 0.37236133217811584 0.8231894969940186 
vn -0.30085039138793945 0.3516598343849182 0.8864670991897583 
vn -0.17311108112335205 0.30356043577194214 0.9369542002677917 
vn -0.04707840830087662 0.2187524288892746 0.9746438264846802 
vn 0.050762128084897995 0.12576904892921448 0.9907597303390503 
vn 0.10183382034301758 0.05923909321427345 0.9930357933044434 
vn -0.8017667531967163 0.1960953027009964 0.5645493268966675 
vn -0.7039583921432495 0.25420933961868286 0.6631888747215271 
vn -0.5957493782043457 0.3010786771774292 0.7446029782295227 
vn -0.46613508462905884 0.31549331545829773 0.8265479207038879 
vn -0.3388771116733551 0.31077542901039124 0.8880205154418945 
vn -0.20910993218421936 0.2737072706222534 0.9388060569763184 
vn -0.07266780734062195 0.1963852494955063 0.9778301119804382 
vn 0.026015818119049072 0.12078823149204254 0.9923371076583862 
vn 0.07737945765256882 0.042055852711200714 0.9961140751838684 
vn 0.1371610462665558 -0.0740254744887352 0.9877786040306091 
vn -0.7265378832817078 0.17829620838165283 0.6635905504226685 
vn -0.6257198452949524 0.22573137283325195 0.7466721534729004 
vn -0.4978584945201874 0.25550851225852966 0.8287651538848877 
vn -0.3723231852054596 0.25960081815719604 0.8910568952560425 
vn -0.2399306446313858 0.23338289558887482 0.9423190951347351 
vn -0.09658168256282806 0.17937110364437103 0.9790288805961609 
vn 0.014029876329004765 0.09923570603132248 0.9949647784233093 
vn 0.07737945765256882 0.042055852711200714 0.9961140751838684 
vn -0.6499002575874329 0.15230032801628113 0.7446029782295227 
vn -0.5252454876899719 0.1891639679670334 0.8296586871147156 
vn -0.3972882926464081 0.21088099479675293 0.8931352496147156 
vn -0.26423341035842896 0.20039860904216766 0.9434090256690979 
vn -0.11555302888154984 0.1503344029188156 0.9818587303161621 
vn -0.0066878534853458405 0.09277478605508804 0.9956644773483276 
vn 0.061022255569696426 0.02195427566766739 0.9978947639465332 
vn 0.1371610462665558 -0.0740254744887352 0.9877786040306091 
vn -0.5442744493484497 0.12780137360095978 0.8291149139404297 
vn -0.42251554131507874 0.15177296102046967 0.8935574889183044 
vn -0.2893131673336029 0.1535176932811737 0.9448437690734863 
vn -0.1400148719549179 0.11924569308757782 0.9829424619674683 
vn -0.009417584165930748 0.07170168310403824 0.9973814487457275 
vn 0.061022255569696426 0.02195427566766739 0.9978947639465332 
vn -0.4385572671890259 0.09735129028558731 0.8934146165847778 
vn -0.30461812019348145 0.11087184399366379 0.9459993839263916 
vn -0.15476000308990479 0.09047944098711014 0.9837999939918518 
vn -0.028007782995700836 0.05838584154844284 0.9979009032249451 
vn 0.04865671694278717 0.0003739547682926059 0.9988152980804443 
vn 0.1371610462665558 -0.0740254744887352 0.9877786040306091 
vn -0.32030603289604187 0.06836537271738052 0.9448437690734863 
vn -0.1650010645389557 0.06206472963094711 0.9843384623527527 
vn -0.03343845158815384 0.03024340607225895 0.998982846736908 
vn 0.04865671694278717 0.0003739547682926059 0.9988152980804443 
vn -0.17802514135837555 0.02662838250398636 0.9836653470993042 
vn -0.04807189106941223 0.015487522818148136 0.998723566532135 
vn 0.04092850536108017 -0.020924853160977364 0.9989427328109741 
vn 0.1371610462665558 -0.0740254744887352 0.9877786040306091 
vn -0.042262040078639984 -0.006727329920977354 0.9990836977958679 
vn 0.04092850536108017 -0.020924853160977364 0.9989427328109741 
vn 0.033116839826107025 -0.04219014197587967 0.9985604286193848 
vn 0.1371610462665558 -0.0740254744887352 0.9877786040306091 
vn 0.13976624608039856 -0.06694012135267258 0.9879190325737 
vn 0.02902045100927353 -0.04068182036280632 0.9987503886222839 
vn 0.027355428785085678 -0.07016582787036896 0.9971599578857422 
vn -0.05807873234152794 -0.049160998314619064 0.9971005916595459 
vn -0.07017257809638977 -0.06871463358402252 0.9951651692390442 
vn -0.20347043871879578 -0.07601603865623474 0.9761254191398621 
vn -0.19829072058200836 -0.10976806282997131 0.9739770889282227 
vn -0.33916589617729187 -0.126758873462677 0.9321470856666565 
vn -0.3287551999092102 -0.16736508905887604 0.929466724395752 
vn -0.44628405570983887 -0.19564419984817505 0.873242974281311 
vn -0.42831724882125854 -0.24657869338989258 0.8693346977233887 
vn -0.5321460962295532 -0.27266108989715576 0.8015459179878235 
vn -0.5068854093551636 -0.3423486649990082 0.7911156415939331 
vn -0.6006088256835938 -0.36960822343826294 0.7089838981628418 
vn -0.5674337148666382 -0.43782946467399597 0.6973691582679749 
vn -0.6415679454803467 -0.47184911370277405 0.6047713756561279 
vn -0.5973485112190247 -0.536006510257721 0.5965493321418762 
vn -0.6611981391906738 -0.56684410572052 0.49143069982528687 
vn -0.6073102951049805 -0.6384084820747375 0.4728723466396332 
vn -0.6661140322685242 -0.6627296209335327 0.3421708643436432 
vn -0.6011508703231812 -0.7270581126213074 0.33166787028312683 
vn -0.6394727826118469 -0.7416717410087585 0.20247720181941986 
vn -0.5666095018386841 -0.8025162220001221 0.18687079846858978 
vn -0.5937432646751404 -0.8019960522651672 0.06535052508115768 
vn -0.5118740200996399 -0.8576938509941101 0.048431023955345154 
vn -0.5315102934837341 -0.8427567481994629 -0.08518945425748825 
vn -0.448362797498703 -0.8880519270896912 -0.10165607184171677 
vn -0.4560790956020355 -0.8634340167045593 -0.21557578444480896 
vn -0.3731526732444763 -0.8974354863166809 -0.2352999448776245 
vn -0.37990331649780273 -0.8538691997528076 -0.355781227350235 
vn -0.2935159206390381 -0.8822728991508484 -0.36802494525909424 
vn -0.2977893054485321 -0.8122100234031677 -0.5016331672668457 
vn -0.21331968903541565 -0.831606388092041 -0.5127621293067932 
vn -0.2230331301689148 -0.751116931438446 -0.6213525533676147 
vn -0.1452386975288391 -0.7604345679283142 -0.6329647898674011 
vn -0.15729252994060516 -0.6698063015937805 -0.7256845831871033 
vn -0.08674415200948715 -0.6727252006530762 -0.7347896099090576 
vn -0.10514846444129944 -0.5686101317405701 -0.8158589005470276 
vn -0.04555991664528847 -0.5625988245010376 -0.8254734873771667 
vn -0.07008358836174011 -0.46237099170684814 -0.8839122653007507 
vn -0.01864158734679222 -0.4553018808364868 -0.8901416659355164 
vn -0.05878449231386185 -0.3400944769382477 -0.9385519027709961 
vn -0.017317308112978935 -0.3229241967201233 -0.9462661147117615 
vn -0.07527335733175278 -0.1860450804233551 -0.9796533584594727 
vn -0.04418836906552315 -0.1893378347158432 -0.9809169769287109 
vn -0.0998908281326294 -0.09388039261102676 -0.9905593395233154 
vn -0.06587588787078857 -0.020222073420882225 0.9976226687431335 
vn -0.20202812552452087 -0.03675410896539688 0.9786896109580994 
vn -0.34208807349205017 -0.0788048505783081 0.936357319355011 
vn -0.4563734233379364 -0.13736717402935028 0.8791205883026123 
vn -0.5520262718200684 -0.2116251289844513 0.8065242171287537 
vn -0.6312516927719116 -0.2989457845687866 0.7156479954719543 
vn -0.6795982718467712 -0.39261743426322937 0.6196749806404114 
vn -0.7124542593955994 -0.49368906021118164 0.49867764115333557 
vn -0.7263716459274292 -0.5877073407173157 0.35634759068489075 
vn -0.7089731097221375 -0.6705836057662964 0.21834398806095123 
vn -0.6670666337013245 -0.740971565246582 0.07734742760658264 
vn -0.6094210743904114 -0.7901560664176941 -0.06525855511426926 
vn -0.5393279790878296 -0.8181993961334229 -0.19918440282344818 
vn -0.4590780735015869 -0.822013258934021 -0.3369583785533905 
vn -0.38008633255958557 -0.7885733246803284 -0.4834107458591461 
vn -0.2991722524166107 -0.7351481318473816 -0.6083195805549622 
vn -0.22265860438346863 -0.6638715863227844 -0.7139307856559753 
vn -0.16385075449943542 -0.570781946182251 -0.8045871257781982 
vn -0.12177323549985886 -0.47031429409980774 -0.8740567564964294 
vn -0.09726118296384811 -0.34727638959884644 -0.9327051639556885 
vn -0.09546798467636108 -0.2060759961605072 -0.9738675951957703 
vn -0.13045719265937805 -0.10269314795732498 -0.9861209988594055 
vn -0.19306956231594086 0.04617083817720413 -0.9800978899002075 
vn -0.19870252907276154 -0.004002411849796772 0.9800514578819275 
vn -0.34304726123809814 -0.02527923882007599 0.9389776587486267 
vn -0.4616914689540863 -0.07796190679073334 0.8836076259613037 
vn -0.5645943880081177 -0.14520128071308136 0.8124956488609314 
vn -0.6503647565841675 -0.2255304604768753 0.7253696322441101 
vn -0.7105701565742493 -0.32035452127456665 0.6264681816101074 
vn -0.752483069896698 -0.41538265347480774 0.511102557182312 
vn -0.7769599556922913 -0.5101920962333679 0.3688313364982605 
vn -0.7676513195037842 -0.5956963896751404 0.2363400012254715 
vn -0.7364451289176941 -0.6700564622879028 0.09312450140714645 
vn -0.6854609847068787 -0.7264711856842041 -0.048807255923748016 
vn -0.6180224418640137 -0.763716995716095 -0.18650472164154053 
vn -0.5387440919876099 -0.777374804019928 -0.32471930980682373 
vn -0.4552953243255615 -0.7548825740814209 -0.4720782935619354 
vn -0.37366026639938354 -0.7163523435592651 -0.5892510414123535 
vn -0.2912787199020386 -0.6543922424316406 -0.6978015303611755 
vn -0.22489400207996368 -0.5642227530479431 -0.7944022417068481 
vn -0.170884907245636 -0.46848824620246887 -0.8667852282524109 
vn -0.1336074024438858 -0.3472188711166382 -0.9282174706459045 
vn -0.1248033344745636 -0.1974978744983673 -0.9723262190818787 
vn -0.13045719265937805 -0.10269314795732498 -0.9861209988594055 
vn -0.3390364348888397 0.019102660939097404 0.9405789971351624 
vn -0.46168214082717896 -0.015436864458024502 0.8869107961654663 
vn -0.5691139101982117 -0.07991684973239899 0.8183654546737671 
vn -0.6654172539710999 -0.1541360318660736 0.730384349822998 
vn -0.7327048778533936 -0.23597311973571777 0.638325572013855 
vn -0.7851350903511047 -0.3302184045314789 0.5239445567131042 
vn -0.8192844390869141 -0.42632856965065 0.38342684507369995 
vn -0.8205927014350891 -0.5158541202545166 0.24601107835769653 
vn -0.7952080368995667 -0.5960597395896912 0.11115877330303192 
vn -0.7518537640571594 -0.6584686040878296 -0.033678460866212845 
vn -0.690860390663147 -0.7025951147079468 -0.170503169298172 
vn -0.6137339472770691 -0.7280926704406738 -0.3053048253059387 
vn -0.5311731696128845 -0.7159172892570496 -0.453119158744812 
vn -0.4405570924282074 -0.6836882829666138 -0.5817896723747253 
vn -0.3611172139644623 -0.6323285102844238 -0.6853863000869751 
vn -0.28468477725982666 -0.5537872314453125 -0.7824792861938477 
vn -0.21902760863304138 -0.46341851353645325 -0.8586441278457642 
vn -0.1739141196012497 -0.34538647532463074 -0.9222047328948975 
vn -0.14889560639858246 -0.21590359508991241 -0.9649949669837952 
vn -0.1625920534133911 -0.10287980735301971 -0.9813149571418762 
vn -0.19306956231594086 0.04617083817720413 -0.9800978899002075 
vn -0.4551469683647156 0.04340846836566925 0.8893572688102722 
vn -0.5662720203399658 -0.006383036263287067 0.8241933584213257 
vn -0.6710402965545654 -0.07265404611825943 0.7378520369529724 
vn -0.7512910962104797 -0.15603108704090118 0.6412607431411743 
vn -0.80943363904953 -0.24366320669651031 0.5342702269554138 
vn -0.8536903262138367 -0.3371518552303314 0.39691394567489624 
vn -0.8639394640922546 -0.4301060736179352 0.2619475722312927 
vn -0.8494212031364441 -0.5126533508300781 0.1251775175333023 
vn -0.8118465542793274 -0.5834168195724487 -0.023007184267044067 
vn -0.7545691132545471 -0.6374383568763733 -0.1558753252029419 
vn -0.6837037801742554 -0.669803261756897 -0.28967592120170593 
vn -0.5991488099098206 -0.6678422093391418 -0.44159579277038574 
vn -0.50897216796875 -0.6470437049865723 -0.5676981210708618 
vn -0.4245988428592682 -0.6058677434921265 -0.6727849245071411 
vn -0.341400146484375 -0.5320373177528381 -0.7748430371284485 
vn -0.27023035287857056 -0.4538012146949768 -0.849140465259552 
vn -0.21096287667751312 -0.34852102398872375 -0.9132509827613831 
vn -0.1764722466468811 -0.20206616818904877 -0.963341236114502 
vn -0.1625920534133911 -0.10287980735301971 -0.9813149571418762 
vn -0.5584920644760132 0.0613902248442173 0.82723468542099 
vn -0.6718665957450867 0.002395516261458397 0.7406678199768066 
vn -0.7565236687660217 -0.07557779550552368 0.6495838165283203 
vn -0.8273957371711731 -0.158332958817482 0.5388377904891968 
vn -0.8799684047698975 -0.24899272620677948 0.4045459032058716 
vn -0.900621771812439 -0.3409314751625061 0.26952797174453735 
vn -0.8938822150230408 -0.4278658628463745 0.13380782306194305 
vn -0.8635848164558411 -0.5041698217391968 -0.005769751500338316 
vn -0.8145719170570374 -0.5626344084739685 -0.14111840724945068 
vn -0.7480049729347229 -0.6013072729110718 -0.280922532081604 
vn -0.6629489660263062 -0.6153252124786377 -0.42646557092666626 
vn -0.5742107629776001 -0.6062569618225098 -0.5502126216888428 
vn -0.48460403084754944 -0.568531334400177 -0.6647785902023315 
vn -0.3937961459159851 -0.5140739679336548 -0.7620052695274353 
vn -0.31860339641571045 -0.4345758259296417 -0.8423985242843628 
vn -0.24866151809692383 -0.338535875082016 -0.907502293586731 
vn -0.19660785794258118 -0.20830652117729187 -0.9580987691879272 
vn -0.1928424835205078 -0.09782395511865616 -0.9763410091400146 
vn -0.19306956231594086 0.04617083817720413 -0.9800978899002075 
vn -0.6606058478355408 0.08101120591163635 0.7463487386703491 
vn -0.7552549242973328 0.010156646370887756 0.6553518772125244 
vn -0.8327361941337585 -0.06848201900720596 0.5494176149368286 
vn -0.8984424471855164 -0.15653575956821442 0.4102400541305542 
vn -0.9276958703994751 -0.24755248427391052 0.2794589400291443 
vn -0.930844247341156 -0.3351884186267853 0.1455225795507431 
vn -0.9096828103065491 -0.4152391850948334 0.007259512320160866 
vn -0.8648649454116821 -0.4855051636695862 -0.1276421695947647 
vn -0.8031757473945618 -0.5344225764274597 -0.26324978470802307 
vn -0.721933901309967 -0.5562379360198975 -0.4115946590900421 
vn -0.6349490880966187 -0.5548747181892395 -0.5375434756278992 
vn -0.5390411615371704 -0.5330047011375427 -0.6521809697151184 
vn -0.44675207138061523 -0.4834730923175812 -0.7527721524238586 
vn -0.3631918430328369 -0.41996604204177856 -0.8316969275474548 
vn -0.2893323302268982 -0.3241017758846283 -0.9006910920143127 
vn -0.22237521409988403 -0.18923480808734894 -0.9564198851585388 
vn -0.1928424835205078 -0.09782395511865616 -0.9763410091400146 
vn -0.7490070462226868 0.0925259068608284 0.6560690999031067 
vn -0.8339406847953796 0.020101111382246017 0.551487147808075 
vn -0.904305636882782 -0.06366672366857529 0.4221101403236389 
vn -0.9451613426208496 -0.15553894639015198 0.287187784910202 
vn -0.9567440152168274 -0.24350494146347046 0.15920214354991913 
vn -0.9456068277359009 -0.3249657452106476 0.014972575940191746 
vn -0.9096994400024414 -0.39922887086868286 -0.11429038643836975 
vn -0.8520768284797668 -0.4582522511482239 -0.2529211640357971 
vn -0.7754184007644653 -0.4889299273490906 -0.3995911180973053 
vn -0.6881933212280273 -0.5002123713493347 -0.5255253314971924 
vn -0.594085156917572 -0.49022793769836426 -0.6377607583999634 
vn -0.4980902671813965 -0.4513912796974182 -0.7403724789619446 
vn -0.4087386131286621 -0.3943693935871124 -0.8230462074279785 
vn -0.3254660665988922 -0.3105813264846802 -0.8930904269218445 
vn -0.25104665756225586 -0.1943914145231247 -0.9482547640800476 
vn -0.22120234370231628 -0.08754674345254898 -0.9712902307510376 
vn -0.19306956231594086 0.04617083817720413 -0.9800978899002075 
vn -0.8237828612327576 0.11207305639982224 0.5557162165641785 
vn -0.9055496454238892 0.031194977462291718 0.4230908155441284 
vn -0.9541592597961426 -0.056293874979019165 0.2939560115337372 
vn -0.975676953792572 -0.1449771374464035 0.16442406177520752 
vn -0.9724020957946777 -0.2319483608007431 0.025164268910884857 
vn -0.9446284174919128 -0.31060990691185 -0.10581929236650467 
vn -0.8940931558609009 -0.37673866748809814 -0.24220772087574005 
vn -0.823284387588501 -0.4177892506122589 -0.38425809144973755 
vn -0.7365929484367371 -0.4370473325252533 -0.5161587595939636 
vn -0.641533374786377 -0.44027435779571533 -0.6281661987304688 
vn -0.541736900806427 -0.40970510244369507 -0.7339361310005188 
vn -0.44883137941360474 -0.3673240840435028 -0.8146305084228516 
vn -0.3591243326663971 -0.2895490527153015 -0.8872376084327698 
vn -0.2708635926246643 -0.1715555489063263 -0.9472070336341858 
vn -0.22120234370231628 -0.08754674345254898 -0.9712902307510376 
vn -0.8937757015228271 0.12471692264080048 0.43082451820373535 
vn -0.9516021013259888 0.03926273062825203 0.30481287837028503 
vn -0.9832649230957031 -0.049582742154598236 0.17530187964439392 
vn -0.990111768245697 -0.13603605329990387 0.03423382341861725 
vn -0.9711267352104187 -0.2189827412366867 -0.09464947134256363 
vn -0.9288299679756165 -0.29175466299057007 -0.22837074100971222 
vn -0.8601790070533752 -0.3446272313594818 -0.3759298622608185 
vn -0.7776510715484619 -0.3722398281097412 -0.5066514015197754 
vn -0.6858290433883667 -0.38714754581451416 -0.6162422895431519 
vn -0.5840454697608948 -0.36889323592185974 -0.7230547070503235 
vn -0.4873131811618805 -0.33726873993873596 -0.8054657578468323 
vn -0.3877413868904114 -0.26755979657173157 -0.8820815682411194 
vn -0.2976452708244324 -0.17153194546699524 -0.9391398429870605 
vn -0.2493552714586258 -0.07718763500452042 -0.9653307795524597 
vn -0.19306956231594086 0.04617083817720413 -0.9800978899002075 
vn -0.941347599029541 0.13865938782691956 0.30763185024261475 
vn -0.9821457862854004 0.050786156207323074 0.18113382160663605 
vn -0.998225748538971 -0.04224114865064621 0.04195273667573929 
vn -0.988203227519989 -0.12809714674949646 -0.08393169194459915 
vn -0.9540951251983643 -0.20171596109867096 -0.22138714790344238 
vn -0.8931010961532593 -0.26201438903808594 -0.36567485332489014 
vn -0.8145707845687866 -0.30548930168151855 -0.49310240149497986 
vn -0.7227793335914612 -0.3285761773586273 -0.6079696416854858 
vn -0.6224130988121033 -0.3186347484588623 -0.7148938775062561 
vn -0.5223727822303772 -0.2977513372898102 -0.7990433573722839 
vn -0.4195464551448822 -0.2431456446647644 -0.8745629787445068 
vn -0.31154876947402954 -0.14503274857997894 -0.9390966296195984 
vn -0.2493552714586258 -0.07718763500452042 -0.9653307795524597 
vn -0.9717304110527039 0.14641010761260986 0.18521080911159515 
vn -0.9970009326934814 0.0569489523768425 0.05239240452647209 
vn -0.9963692426681519 -0.035784393548965454 -0.07724516093730927 
vn -0.9708672761917114 -0.11321809887886047 -0.21118102967739105 
vn -0.9159250855445862 -0.18018557131290436 -0.3586272597312927 
vn -0.8428893685340881 -0.2299066036939621 -0.4864974319934845 
vn -0.7558063864707947 -0.2646481692790985 -0.5989301800727844 
vn -0.6558585166931152 -0.27123337984085083 -0.7044724822044373 
vn -0.5554550290107727 -0.2550767958164215 -0.7914575338363647 
vn -0.446931928396225 -0.22000674903392792 -0.8670918941497803 
vn -0.33641764521598816 -0.13987654447555542 -0.9312664866447449 
vn -0.26922351121902466 -0.05604483559727669 -0.9614453911781311 
vn -0.19306956231594086 0.04617083817720413 -0.9800978899002075 
vn -0.9864851832389832 0.15524114668369293 0.052403200417757034 
vn -0.9957645535469055 0.06125662848353386 -0.06855350732803345 
vn -0.9783114194869995 -0.02489396370947361 -0.20563562214374542 
vn -0.9315588474273682 -0.09816447645425797 -0.35008713603019714 
vn -0.8650222420692444 -0.15652857720851898 -0.47669118642807007 
vn -0.7828426361083984 -0.20123682916164398 -0.5887787342071533 
vn -0.6814733147621155 -0.2142256796360016 -0.6997863054275513 
vn -0.5815072655677795 -0.2198629528284073 -0.78326815366745 
vn -0.4703749716281891 -0.18505968153476715 -0.8628439903259277 
vn -0.3444242477416992 -0.10973424464464188 -0.9323785901069641 
vn -0.26922351121902466 -0.05604483559727669 -0.9614453911781311 
vn -0.9856399297714233 0.15440240502357483 -0.06835795193910599 
vn -0.9772151112556458 0.0689207911491394 -0.20074740052223206 
vn -0.939900279045105 -0.01375274732708931 -0.3411707580089569 
vn -0.8775863647460938 -0.07957973331212997 -0.4727666676044464 
vn -0.802690863609314 -0.13227084279060364 -0.581541895866394 
vn -0.7055304050445557 -0.15814748406410217 -0.6908078789710999 
vn -0.6059932112693787 -0.16858837008476257 -0.7773992419242859 
vn -0.49371135234832764 -0.1518286019563675 -0.8562690019607544 
vn -0.37341442704200745 -0.10491184890270233 -0.9217128753662109 
vn -0.2895238399505615 -0.03678363189101219 -0.9564635157585144 
vn -0.19306956231594086 0.04617083817720413 -0.9800978899002075 
vn -0.968297004699707 0.15670257806777954 -0.19453586637973785 
vn -0.937121570110321 0.07535722106695175 -0.3407689332962036 
vn -0.886756181716919 -0.0024521546438336372 -0.46223005652427673 
vn -0.8148394227027893 -0.06624734401702881 -0.5758882761001587 
vn -0.7206639647483826 -0.1009444147348404 -0.6858957409858704 
vn -0.6232469081878662 -0.12284822762012482 -0.7723153829574585 
vn -0.5127761363983154 -0.12000861018896103 -0.8500929474830627 
vn -0.37489649653434753 -0.0691177248954773 -0.9244862794876099 
vn -0.2895238399505615 -0.03678363189101219 -0.9564635157585144 
vn -0.9291699528694153 0.1567104011774063 -0.3347897231578827 
vn -0.885325014591217 0.07649730145931244 -0.4586358368396759 
vn -0.8196676969528198 0.007915218360722065 -0.5727839469909668 
vn -0.7312946915626526 -0.04480649530887604 -0.6805878281593323 
vn -0.637959361076355 -0.07185022532939911 -0.7667104005813599 
vn -0.524962306022644 -0.08066222816705704 -0.8472943305969238 
vn -0.39801788330078125 -0.06072932854294777 -0.9153650999069214 
vn -0.30326634645462036 -0.011880272068083286 -0.952831506729126 
vn -0.19306956231594086 0.04617083817720413 -0.9800978899002075 
vn -0.878319501876831 0.15058444440364838 -0.4537380337715149 
vn -0.8176361322402954 0.07933751493692398 -0.5702419281005859 
vn -0.7382246851921082 0.019015595316886902 -0.6742862462997437 
vn -0.6483484506607056 -0.022089876234531403 -0.7610227465629578 
vn -0.5371757745742798 -0.04312398284673691 -0.8423668146133423 
vn -0.396967351436615 -0.03139221668243408 -0.9172954559326172 
vn -0.30326634645462036 -0.011880272068083286 -0.952831506729126 
vn -0.3143385648727417 0.02014922723174095 -0.9490968585014343 
vn -0.19306956231594086 0.04617083817720413 -0.9800978899002075 
vn -0.913109302520752 0.23833179473876953 -0.3307996392250061 
vn -0.921038806438446 0.3392561674118042 -0.19128994643688202 
vn -0.900615930557251 0.42976292967796326 -0.06475887447595596 
vn -0.8542790412902832 0.5168328881263733 0.05558815225958824 
vn -0.7850123047828674 0.5924062728881836 0.18113382160663605 
vn -0.6946099400520325 0.6550099849700928 0.297452449798584 
vn -0.5876280069351196 0.6974207162857056 0.4102400541305542 
vn -0.4631107449531555 0.7093466520309448 0.5313708782196045 
vn -0.33840879797935486 0.7021512985229492 0.6264681816101074 
vn -0.2225138247013092 0.6692001223564148 0.7089838981628418 
vn -0.10633537918329239 0.6133714318275452 0.7826031446456909 
vn -0.006758175324648619 0.5307625532150269 0.8474933505058289 
vn 0.07562270760536194 0.43222466111183167 0.8985891938209534 
vn 0.139222651720047 0.3039742410182953 0.9424522519111633 
vn 0.16945186257362366 0.1656193882226944 0.9715224504470825 
vn 0.17758694291114807 0.07949936389923096 0.9808884859085083 
vn -0.9488521814346313 0.24965454638004303 -0.1932644546031952 
vn -0.9363632798194885 0.34482666850090027 -0.06570692360401154 
vn -0.901565432548523 0.4292164444923401 0.054331693798303604 
vn -0.8384995460510254 0.5124592185020447 0.18521080911159515 
vn -0.7541961669921875 0.5833604335784912 0.301459401845932 
vn -0.6515500545501709 0.6323240399360657 0.4191037118434906 
vn -0.5320478081703186 0.653129518032074 0.5388377904891968 
vn -0.4096042513847351 0.6517392992973328 0.638325572013855 
vn -0.29140856862068176 0.6347663998603821 0.7156479954719543 
vn -0.16895443201065063 0.5850240588188171 0.7932217121124268 
vn -0.06372486799955368 0.5162725448608398 0.8540499210357666 
vn 0.028573647141456604 0.4253758490085602 0.9045653343200684 
vn 0.10637712478637695 0.30074137449264526 0.9477542638778687 
vn 0.15066513419151306 0.1782168596982956 0.972387969493866 
vn 0.15015634894371033 0.0795283168554306 0.9854581952095032 
vn 0.13976624608039856 -0.06694012135267258 0.9879190325737 
vn -0.9661582708358765 0.24968674778938293 -0.06475887447595596 
vn -0.9375352263450623 0.3432628810405731 0.05654412880539894 
vn -0.884356677532196 0.4274235665798187 0.18767359852790833 
vn -0.8102428913116455 0.49886688590049744 0.30763185024261475 
vn -0.7137433290481567 0.5581789612770081 0.4230908155441284 
vn -0.597236692905426 0.5869353413581848 0.5466391444206238 
vn -0.47522783279418945 0.6024470925331116 0.6412607431411743 
vn -0.35253793001174927 0.5938446521759033 0.7232322692871094 
vn -0.23238469660282135 0.5509273409843445 0.8015459179878235 
vn -0.11823675036430359 0.4929869472980499 0.8619648814201355 
vn -0.01626918464899063 0.4099963903427124 0.9119418263435364 
vn 0.07130599021911621 0.29030051827430725 0.9542748928070068 
vn 0.12866324186325073 0.1667329967021942 0.9775711894035339 
vn 0.15015634894371033 0.0795283168554306 0.9854581952095032 
vn -0.9665343761444092 0.2507157325744629 0.054331693798303604 
vn -0.924687922000885 0.33224812150001526 0.18590983748435974 
vn -0.856735110282898 0.4122962951660156 0.3098641633987427 
vn -0.7648386359214783 0.4789688289165497 0.43082451820373535 
vn -0.6525046825408936 0.5175449848175049 0.5535196661949158 
vn -0.5309506058692932 0.5441797375679016 0.6495838165283203 
vn -0.4114564061164856 0.5426321625709534 0.7322931885719299 
vn -0.28684690594673157 0.5169497132301331 0.8065242171287537 
vn -0.1687103807926178 0.46750813722610474 0.8677397966384888 
vn -0.06203048303723335 0.3912428915500641 0.9181942939758301 
vn 0.03732125088572502 0.2836305797100067 0.958206832408905 
vn 0.10286493599414825 0.17202186584472656 0.9797075390815735 
vn 0.12614917755126953 0.07641221582889557 0.9890637397766113 
vn 0.13976624608039856 -0.06694012135267258 0.9879190325737 
vn -0.9529849290847778 0.2407797873020172 0.18396686017513275 
vn -0.8936440944671631 0.32525959610939026 0.30920135974884033 
vn -0.8105490803718567 0.39768657088279724 0.4299473166465759 
vn -0.7030937075614929 0.4436641037464142 0.5557162165641785 
vn -0.5850876569747925 0.4776877462863922 0.6553518772125244 
vn -0.46644994616508484 0.4902874827384949 0.7362350225448608 
vn -0.33917105197906494 0.47414472699165344 0.8124956488609314 
vn -0.21706946194171906 0.4333777129650116 0.874679446220398 
vn -0.10378388315439224 0.3706969618797302 0.922936737537384 
vn 0.005699550732970238 0.2699003219604492 0.9628711938858032 
vn 0.08250094205141068 0.15190893411636353 0.9849450588226318 
vn 0.12614917755126953 0.07641221582889557 0.9890637397766113 
vn -0.922730565071106 0.2320607602596283 0.30775830149650574 
vn -0.8475196361541748 0.3044509291648865 0.4347633719444275 
vn -0.7443657517433167 0.3686944544315338 0.5567613244056702 
vn -0.6342889070510864 0.4071221649646759 0.6572125554084778 
vn -0.5152223706245422 0.43343856930732727 0.7393755912780762 
vn -0.38459721207618713 0.4270390272140503 0.8183654546737671 
vn -0.2613046169281006 0.398580402135849 0.8791205883026123 
vn -0.14321129024028778 0.342983603477478 0.9283600449562073 
vn -0.026519497856497765 0.2544296085834503 0.9667274355888367 
vn 0.0602228082716465 0.1541038304567337 0.9862174391746521 
vn 0.09772584587335587 0.06069185584783554 0.9933608174324036 
vn 0.13976624608039856 -0.06694012135267258 0.9879190325737 
vn -0.876544713973999 0.21636483073234558 0.4299473166465759 
vn -0.7800315618515015 0.27987971901893616 0.5596581101417542 
vn -0.6721564531326294 0.3367212116718292 0.6594116687774658 
vn -0.5581266283988953 0.36257079243659973 0.7463487386703491 
vn -0.42860883474349976 0.37236133217811584 0.8231894969940186 
vn -0.3035634160041809 0.35649168491363525 0.8836076259613037 
vn -0.17833729088306427 0.31511446833610535 0.9321470856666565 
vn -0.0564856119453907 0.23195239901542664 0.9710854887962341 
vn 0.044322721660137177 0.1340356469154358 0.9899846315383911 
vn 0.09772584587335587 0.06069185584783554 0.9933608174324036 
vn -0.8058133125305176 0.199452206492424 0.5575686693191528 
vn -0.7060279846191406 0.2569729685783386 0.6599156260490417 
vn -0.5957493782043457 0.3010786771774292 0.7446029782295227 
vn -0.46613508462905884 0.31549331545829773 0.8265479207038879 
vn -0.3437465727329254 0.3085887134075165 0.8869107961654663 
vn -0.21140004694461823 0.2802578806877136 0.936357319355011 
vn -0.08250370621681213 0.20801252126693726 0.9746401906013489 
vn 0.02372804842889309 0.12764929234981537 0.9915353059768677 
vn 0.07986772060394287 0.04916137084364891 0.9955921769142151 
vn 0.13976624608039856 -0.06694012135267258 0.9879190325737 
vn -0.7313420176506042 0.1741100400686264 0.6594116687774658 
vn -0.6257198452949524 0.22573137283325195 0.7466721534729004 
vn -0.5025200247764587 0.25313934683799744 0.8266761302947998 
vn -0.37537553906440735 0.2628563642501831 0.8888189792633057 
vn -0.24536514282226562 0.24341142177581787 0.9383743405342102 
vn -0.1081913560628891 0.18547852337360382 0.9766739010810852 
vn 0.01233645062893629 0.10775064677000046 0.9941012263298035 
vn 0.07986772060394287 0.04916137084364891 0.9955921769142151 
vn -0.6499002575874329 0.15230032801628113 0.7446029782295227 
vn -0.5280007123947144 0.19217637181282043 0.8272139430046082 
vn -0.4022095203399658 0.20864693820476532 0.8914557695388794 
vn -0.27199605107307434 0.2032947987318039 0.9405789971351624 
vn -0.12992340326309204 0.16156761348247528 0.9782716631889343 
vn -0.008358187973499298 0.10129659622907639 0.9948209524154663 
vn 0.05882420018315315 0.02880529873073101 0.9978524446487427 
vn 0.13976624608039856 -0.06694012135267258 0.9879190325737 
vn -0.5490116477012634 0.12558525800704956 0.826325535774231 
vn -0.424888551235199 0.15665613114833832 0.8915873765945435 
vn -0.2964538037776947 0.15808603167533875 0.9418723583221436 
vn -0.14964233338832855 0.13078947365283966 0.9800514578819275 
vn -0.01826225407421589 0.0728723481297493 0.9971738457679749 
vn 0.05882420018315315 0.02880529873073101 0.9978524446487427 
vn -0.44356080889701843 0.09517943859100342 0.8911756873130798 
vn -0.3117295801639557 0.11546860635280609 0.9431284070014954 
vn -0.16686822474002838 0.09489412605762482 0.9814018607139587 
vn -0.034941982477903366 0.06494662165641785 0.9972766041755676 
vn 0.04710673540830612 0.00895879790186882 0.9988495111465454 
vn 0.13976624608039856 -0.06694012135267258 0.9879190325737 
vn -0.3300361931324005 0.06592704355716705 0.9416630268096924 
vn -0.17711111903190613 0.06647287309169769 0.9819432497024536 
vn -0.03562129661440849 0.03706749901175499 0.9986774921417236 
vn 0.04710673540830612 0.00895879790186882 0.9988495111465454 
vn -0.19013866782188416 0.03102879971265793 0.9812665581703186 
vn -0.05497952178120613 0.02202095463871956 0.9982444047927856 
vn 0.032075803726911545 -0.019712403416633606 0.9992908239364624 
vn 0.13976624608039856 -0.06694012135267258 0.9879190325737 
vn -0.051114022731781006 -0.005498451646417379 0.9986774921417236 
vn 0.032075803726911545 -0.019712403416633606 0.9992908239364624 
vn 0.02902045100927353 -0.04068182036280632 0.9987503886222839 
vn 0.13976624608039856 -0.06694012135267258 0.9879190325737 
vn 0.1371610462665558 -0.0740254744887352 0.9877786040306091 
vn 0.18436090648174286 -0.19139684736728668 0.9640424847602844 
vn 0.20898447930812836 -0.18632231652736664 0.9600046873092651 
vn 0.22777517139911652 -0.26463037729263306 0.9370639324188232 
vn 0.2538095712661743 -0.26633787155151367 0.9298624992370605 
vn 0.29700809717178345 -0.36449500918388367 0.8825695514678955 
vn 0.3240988850593567 -0.35073578357696533 0.8786032795906067 
vn 0.38237863779067993 -0.4678425192832947 0.7968119978904724 
vn 0.4220634400844574 -0.44028931856155396 0.7924690246582031 
vn 0.4776916205883026 -0.5296235084533691 0.7009344100952148 
vn 0.5230733156204224 -0.4915527105331421 0.6962538957595825 
vn 0.573960542678833 -0.5572757720947266 0.6000102162361145 
vn 0.6197310090065002 -0.5103119015693665 0.5962503552436829 
vn 0.6682195067405701 -0.5650101900100708 0.48398900032043457 
vn 0.7164649963378906 -0.5081356763839722 0.4779907464981079 
vn 0.7518237829208374 -0.5428661108016968 0.3742411732673645 
vn 0.8097632527351379 -0.45489782094955444 0.37060821056365967 
vn 0.8402971029281616 -0.4815632998943329 0.2489910125732422 
vn 0.8777391314506531 -0.41091588139533997 0.2464166283607483 
vn 0.9011759161949158 -0.42061465978622437 0.10471022874116898 
vn 0.9084047079086304 -0.40587419271469116 0.10032984614372253 
vn 0.9121605157852173 -0.40838703513145447 -0.034383099526166916 
vn 0.20840124785900116 -0.27939242124557495 0.9372877478599548 
vn 0.2638586163520813 -0.3815651535987854 0.8858815431594849 
vn 0.34138423204421997 -0.4871489703655243 0.8038296699523926 
vn 0.42637038230895996 -0.5611868500709534 0.7094201445579529 
vn 0.5217020511627197 -0.6001064777374268 0.6063814163208008 
vn 0.617872416973114 -0.6149806976318359 0.489930123090744 
vn 0.7028283476829529 -0.6021215319633484 0.37878894805908203 
vn 0.7819491624832153 -0.5675070881843567 0.257857084274292 
vn 0.8595213890075684 -0.4999442398548126 0.10619649291038513 
vn 0.9022698998451233 -0.42990216612815857 -0.033046573400497437 
vn 0.8995709419250488 -0.40550875663757324 -0.1622764617204666 
vn 0.23331768810749054 -0.3914939761161804 0.8901094794273376 
vn 0.2990516126155853 -0.5074819922447205 0.8081024885177612 
vn 0.3761647045612335 -0.5866849422454834 0.7171472311019897 
vn 0.4634757339954376 -0.6362613439559937 0.6167341470718384 
vn 0.5542678833007812 -0.6682648062705994 0.49619394540786743 
vn 0.6425868272781372 -0.6628389954566956 0.38435107469558716 
vn 0.7271541953086853 -0.6338019371032715 0.26370617747306824 
vn 0.8011647462844849 -0.5881203413009644 0.1106729805469513 
vn 0.8612346053123474 -0.507234513759613 -0.031416166573762894 
vn 0.8929887413978577 -0.4212673306465149 -0.1584424525499344 
vn 0.8728579878807068 -0.3918488025665283 -0.2908136248588562 
vn 0.2533651292324066 -0.5238766670227051 0.8132396340370178 
vn 0.32433637976646423 -0.6122831702232361 0.721051037311554 
vn 0.4049678444862366 -0.6676060557365417 0.6247419118881226 
vn 0.49279969930648804 -0.7098472118377686 0.5032540559768677 
vn 0.5813189148902893 -0.712048351764679 0.393769770860672 
vn 0.6637474298477173 -0.69882732629776 0.26660603284835815 
vn 0.7425679564476013 -0.6592578887939453 0.11819867044687271 
vn 0.8004093766212463 -0.5989326238632202 -0.024971501901745796 
vn 0.8494146466255188 -0.5029906630516052 -0.1596687138080597 
vn 0.8636139035224915 -0.4108981192111969 -0.2921176552772522 
vn 0.8342315554618835 -0.3785819411277771 -0.40091460943222046 
vn 0.26706790924072266 -0.6289187669754028 0.7301611304283142 
vn 0.34171000123023987 -0.6958269476890564 0.6317107081413269 
vn 0.42381513118743896 -0.7462661862373352 0.5132901668548584 
vn 0.5091332793235779 -0.7621861696243286 0.3998183608055115 
vn 0.5950541496276855 -0.754727303981781 0.27621808648109436 
vn 0.6742987632751465 -0.7279448509216309 0.12416358292102814 
vn 0.7413178086280823 -0.670920729637146 -0.017671721056103706 
vn 0.7866476774215698 -0.5976409316062927 -0.15495088696479797 
vn 0.822110652923584 -0.49127423763275146 -0.2877197563648224 
vn 0.8241143822669983 -0.39960548281669617 -0.40143486857414246 
vn 0.7805255055427551 -0.35771462321281433 -0.5126590728759766 
vn 0.2754266560077667 -0.7170252203941345 0.6403236985206604 
vn 0.3539523482322693 -0.7767773866653442 0.5208972096443176 
vn 0.43982458114624023 -0.798017144203186 0.4119735062122345 
vn 0.5192466974258423 -0.8066949844360352 0.28217941522598267 
vn 0.6029937863349915 -0.7872003316879272 0.12927937507629395 
vn 0.669909656047821 -0.7423372268676758 -0.012473163194954395 
vn 0.7262775301933289 -0.6718087792396545 -0.145578071475029 
vn 0.7601296305656433 -0.5861077308654785 -0.2804989814758301 
vn 0.7845100164413452 -0.4725702404975891 -0.40152260661125183 
vn 0.7738982439041138 -0.37080371379852295 -0.5134055614471436 
vn 0.7040887475013733 -0.3222668468952179 -0.6327735781669617 
vn 0.28225064277648926 -0.7970820069313049 0.5338484644889832 
vn 0.3585313558578491 -0.833899199962616 0.41960299015045166 
vn 0.44366320967674255 -0.8472247123718262 0.292185515165329 
vn 0.521805465221405 -0.8418207168579102 0.1380435824394226 
vn 0.596602201461792 -0.8025046586990356 -0.007156962528824806 
vn 0.658565878868103 -0.7396807074546814 -0.13842889666557312 
vn 0.6984999775886536 -0.6587034463882446 -0.27965453267097473 
vn 0.7229092121124268 -0.5678720474243164 -0.393602192401886 
vn 0.7334200739860535 -0.4489314556121826 -0.5104455351829529 
vn 0.6944099068641663 -0.3423665761947632 -0.6329132914543152 
vn 0.6213675141334534 -0.28626173734664917 -0.729353129863739 
vn 0.2789231836795807 -0.8576792478561401 0.4319577217102051 
vn 0.35944151878356934 -0.8811250925064087 0.307277649641037 
vn 0.44235795736312866 -0.8842223286628723 0.14989809691905975 
vn 0.5168634653091431 -0.8560380935668945 0.007075155153870583 
vn 0.5813127160072327 -0.8033132553100586 -0.12946975231170654 
vn 0.6319850087165833 -0.7265895009040833 -0.26955851912498474 
vn 0.6633621454238892 -0.6363303065299988 -0.39374294877052307 
vn 0.6741451025009155 -0.5362706184387207 -0.5078793168067932 
vn 0.6583467125892639 -0.40920019149780273 -0.6317705512046814 
vn 0.6128845810890198 -0.30111271142959595 -0.7305497527122498 
vn 0.5277727842330933 -0.24618130922317505 -0.8129268288612366 
vn 0.2768402397632599 -0.9066492319107056 0.31834879517555237 
vn 0.35724732279777527 -0.9190225601196289 0.166646346449852 
vn 0.4309554696083069 -0.902249276638031 0.014925538562238216 
vn 0.5019484758377075 -0.8565987944602966 -0.11952143907546997 
vn 0.5566551685333252 -0.7885957956314087 -0.2612486183643341 
vn 0.5975931882858276 -0.703711211681366 -0.38428130745887756 
vn 0.6187579035758972 -0.6054772734642029 -0.5005347728729248 
vn 0.6048207879066467 -0.4883684515953064 -0.6290368437767029 
vn 0.5775761604309082 -0.36702534556388855 -0.729175865650177 
vn 0.5228400826454163 -0.2603701651096344 -0.8116926550865173 
vn 0.42058733105659485 -0.20324182510375977 -0.8841937184333801 
vn 0.2667926549911499 -0.948041558265686 0.17331503331661224 
vn 0.34318310022354126 -0.9387487769126892 0.031229043379426003 
vn 0.41405928134918213 -0.9038428068161011 -0.10780651122331619 
vn 0.47629156708717346 -0.8425843715667725 -0.2513902485370636 
vn 0.5252876877784729 -0.7640637755393982 -0.37453770637512207 
vn 0.5534250736236572 -0.6691246032714844 -0.49597594141960144 
vn 0.5527265667915344 -0.5524407029151917 -0.6239405870437622 
vn 0.5282720327377319 -0.43753328919410706 -0.7276624441146851 
vn 0.4890801012516022 -0.31565991044044495 -0.813116729259491 
vn 0.41809096932411194 -0.2103470116853714 -0.8837157487869263 
vn 0.327207088470459 -0.1571972817182541 -0.9317853450775146 
vn 0.2509041130542755 -0.9671348929405212 0.0411892905831337 
vn 0.326093465089798 -0.9405062794685364 -0.09544730931520462 
vn 0.39151424169540405 -0.8882022500038147 -0.24044224619865417 
vn 0.44580039381980896 -0.818301796913147 -0.36282700300216675 
vn 0.48289182782173157 -0.7274738550186157 -0.48743870854377747 
vn 0.4899669885635376 -0.6172649264335632 -0.6155611872673035 
vn 0.4788111746311188 -0.4988904893398285 -0.7223900556564331 
vn 0.44354766607284546 -0.38688385486602783 -0.8084465265274048 
vn 0.39194753766059875 -0.2626054883003235 -0.8817113637924194 
vn 0.32218053936958313 -0.17139534652233124 -0.931033194065094 
vn 0.21355389058589935 -0.10381132364273071 -0.9713997840881348 
vn 0.23031748831272125 -0.9693843126296997 -0.08513039350509644 
vn 0.2990081012248993 -0.9267369508743286 -0.22749076783657074 
vn 0.3626730740070343 -0.8611541390419006 -0.35620367527008057 
vn 0.4066222012042999 -0.7802483439445496 -0.475257933139801 
vn 0.42466720938682556 -0.671699047088623 -0.6070234179496765 
vn 0.42296677827835083 -0.5574458837509155 -0.7143895626068115 
vn 0.40112248063087463 -0.43807196617126465 -0.8044831156730652 
vn 0.3521898090839386 -0.32106244564056396 -0.879136323928833 
vn 0.3015161454677582 -0.20595470070838928 -0.9309511780738831 
vn 0.20848368108272552 -0.11800960451364517 -0.9708799123764038 
vn 0.08948729932308197 -0.054646916687488556 -0.994487464427948 
vn 0.2071780562400818 -0.9537500739097595 -0.21780113875865936 
vn 0.2726038098335266 -0.8984093070030212 -0.3443068265914917 
vn 0.32866111397743225 -0.8207083940505981 -0.46735307574272156 
vn 0.35524576902389526 -0.7196451425552368 -0.5965824127197266 
vn 0.36626961827278137 -0.6024097204208374 -0.7091885805130005 
vn 0.35219597816467285 -0.48531150817871094 -0.800268828868866 
vn 0.3144511580467224 -0.3619384765625 -0.8775650858879089 
vn 0.2670504152774811 -0.2568906843662262 -0.9288114905357361 
vn 0.192613884806633 -0.15033122897148132 -0.9696906208992004 
vn 0.07658951729536057 -0.05195675417780876 -0.9957078695297241 
vn -0.017101723700761795 -0.01587054692208767 -0.9997275471687317 
vn 0.18476614356040955 -0.9275944232940674 -0.32469886541366577 
vn 0.24460874497890472 -0.8564746379852295 -0.45455145835876465 
vn 0.2777184844017029 -0.7568213939666748 -0.5916867256164551 
vn 0.3003682792186737 -0.6499421000480652 -0.698107123374939 
vn 0.3003659248352051 -0.5281525254249573 -0.794251024723053 
vn 0.2723880410194397 -0.40405988693237305 -0.873235285282135 
vn 0.237221822142601 -0.29523879289627075 -0.9255049228668213 
vn 0.1659822016954422 -0.18859654664993286 -0.967926025390625 
vn 0.0759003609418869 -0.07978641986846924 -0.9939178824424744 
vn -0.02819148451089859 -0.03389722481369972 -0.9990274310112 
vn -0.19306956231594086 0.04617083817720413 -0.9800978899002075 
vn 0.15475384891033173 -0.8849825263023376 -0.43915438652038574 
vn 0.20308931171894073 -0.7894691824913025 -0.579217255115509 
vn 0.2320808619260788 -0.6842719316482544 -0.6913102269172668 
vn 0.24070346355438232 -0.5682703256607056 -0.786848247051239 
vn 0.22738699615001678 -0.44230347871780396 -0.8675611019134521 
vn 0.19943119585514069 -0.33214882016181946 -0.9219022989273071 
vn 0.14273636043071747 -0.2176913321018219 -0.9655238389968872 
vn 0.04545367509126663 -0.10082089900970459 -0.9938655495643616 
vn -0.02819148451089859 -0.03389722481369972 -0.9990274310112 
vn 0.11966054141521454 -0.812882125377655 -0.5700029730796814 
vn 0.1588393747806549 -0.7165895700454712 -0.6791677474975586 
vn 0.17847561836242676 -0.5992359519004822 -0.7804243564605713 
vn 0.1744512915611267 -0.4782904386520386 -0.8606999516487122 
vn 0.15856455266475677 -0.36542120575904846 -0.9172372817993164 
vn 0.11214985698461533 -0.24222023785114288 -0.9637174010276794 
vn 0.04156672582030296 -0.12541541457176208 -0.9912329316139221 
vn -0.04927898198366165 -0.054257582873106 -0.9973100423812866 
vn -0.19306956231594086 0.04617083817720413 -0.9800978899002075 
vn 0.08700764179229736 -0.7347434759140015 -0.6727415323257446 
vn 0.11540563404560089 -0.6314069032669067 -0.766815721988678 
vn 0.12305089831352234 -0.5080909132957458 -0.852467954158783 
vn 0.12005165964365005 -0.3910747170448303 -0.9124952554702759 
vn 0.08527997881174088 -0.26967915892601013 -0.9591662883758545 
vn 0.010963313281536102 -0.1341121941804886 -0.9909053444862366 
vn -0.04927898198366165 -0.054257582873106 -0.9973100423812866 
vn 0.0510408841073513 -0.6470059752464294 -0.7607743144035339 
vn 0.06878320127725601 -0.5312989354133606 -0.8443872332572937 
vn 0.07207977771759033 -0.41879796981811523 -0.9052139520645142 
vn 0.05158911272883415 -0.2905096113681793 -0.95548015832901 
vn 0.0014391522854566574 -0.16243872046470642 -0.9867173433303833 
vn -0.07499038428068161 -0.07502317428588867 -0.9943578243255615 
vn -0.19306956231594086 0.04617083817720413 -0.9800978899002075 
vn 0.01199154183268547 -0.5457992553710938 -0.8378298878669739 
vn 0.02808753214776516 -0.43214040994644165 -0.9013685584068298 
vn 0.018099624663591385 -0.3109442889690399 -0.9502555727958679 
vn -0.03142741695046425 -0.16443777084350586 -0.9858864545822144 
vn -0.07499038428068161 -0.07502317428588867 -0.9943578243255615 
vn -0.10335735231637955 -0.09053225815296173 -0.990515410900116 
vn -0.19306956231594086 0.04617083817720413 -0.9800978899002075 
vn -0.017984041944146156 -0.661260187625885 -0.7499406337738037 
vn -0.0660877451300621 -0.7619231343269348 -0.6442863345146179 
vn -0.13119344413280487 -0.8381639122962952 -0.52940434217453 
vn -0.2048557996749878 -0.9005436897277832 -0.38347697257995605 
vn -0.2824639678001404 -0.9266247153282166 -0.2481534481048584 
vn -0.36121562123298645 -0.9249441027641296 -0.11832578480243683 
vn -0.4286970794200897 -0.9028840065002441 0.03191752731800079 
vn -0.48745521903038025 -0.8555513024330139 0.17440974712371826 
vn -0.5280807018280029 -0.7881704568862915 0.31609728932380676 
vn -0.5422042608261108 -0.6967614889144897 0.4696139991283417 
vn -0.5424457788467407 -0.6014117002487183 0.5865628123283386 
vn -0.5275285243988037 -0.5044417977333069 0.6835580468177795 
vn -0.47432252764701843 -0.39881566166877747 0.7848334908485413 
vn -0.40338319540023804 -0.30295294523239136 0.8634240031242371 
vn -0.3061419129371643 -0.21196258068084717 0.9280886054039001 
vn -0.17806412279605865 -0.14074529707431793 0.9739011526107788 
vn -0.05094287917017937 -0.09175755083560944 0.9944772124290466 
vn 0.03409000113606453 -0.06462420523166656 0.9973269701004028 
vn 0.00980368535965681 -0.7542622685432434 -0.6564996242523193 
vn -0.04811502993106842 -0.8391062617301941 -0.541834831237793 
vn -0.11444751918315887 -0.9114798307418823 -0.3951021432876587 
vn -0.18965724110603333 -0.945469081401825 -0.2647976577281952 
vn -0.2666979730129242 -0.9541724920272827 -0.13574419915676117 
vn -0.3374937176704407 -0.9412158131599426 0.014494379051029682 
vn -0.40433716773986816 -0.9008837938308716 0.15785834193229675 
vn -0.4531593322753906 -0.8391749858856201 0.3007180690765381 
vn -0.4773827791213989 -0.7550657391548157 0.449422687292099 
vn -0.4882899522781372 -0.6611930131912231 0.569557785987854 
vn -0.4780524671077728 -0.5646901726722717 0.672748327255249 
vn -0.4375232458114624 -0.4575328826904297 0.7741037607192993 
vn -0.37924256920814514 -0.35156357288360596 0.8559074997901917 
vn -0.2895640730857849 -0.2598172724246979 0.9212204813957214 
vn -0.16808930039405823 -0.17383575439453125 0.9703230261802673 
vn -0.054267171770334244 -0.1124478280544281 0.9921744465827942 
vn 0.03908521682024002 -0.0885242223739624 0.995306670665741 
vn 0.1371610462665558 -0.0740254744887352 0.9877786040306091 
vn 0.03568802401423454 -0.8302180171012878 -0.5562947392463684 
vn -0.02338377945125103 -0.9087913036346436 -0.4165944755077362 
vn -0.0952250063419342 -0.9550715684890747 -0.2806597650051117 
vn -0.17433381080627441 -0.9722771644592285 -0.1558341532945633 
vn -0.2470322698354721 -0.9690045118331909 -0.0021706020925194025 
vn -0.3131493330001831 -0.9392618536949158 0.14044222235679626 
vn -0.3700012266635895 -0.8845320343971252 0.28408029675483704 
vn -0.4009861648082733 -0.8047332167625427 0.437737375497818 
vn -0.4239688217639923 -0.7140076160430908 0.5571740865707397 
vn -0.42462244629859924 -0.6193251013755798 0.6604026556015015 
vn -0.3964254558086395 -0.5090478658676147 0.7640135288238525 
vn -0.34776604175567627 -0.40513768792152405 0.8455304503440857 
vn -0.26980969309806824 -0.30043357610702515 0.91484534740448 
vn -0.1580905020236969 -0.20662733912467957 0.9655630588531494 
vn -0.03714456409215927 -0.12866637110710144 0.9909918308258057 
vn 0.03908521682024002 -0.0885242223739624 0.995306670665741 
vn 0.068121999502182 -0.9015712141990662 -0.4272330701351166 
vn -0.00007237550744321197 -0.9551308751106262 -0.2961828112602234 
vn -0.07960375398397446 -0.9825161695480347 -0.16829898953437805 
vn -0.15490135550498962 -0.9876755475997925 -0.02240513265132904 
vn -0.22267235815525055 -0.9670042991638184 0.12377020716667175 
vn -0.2817286550998688 -0.9203604459762573 0.2712286114692688 
vn -0.3251819908618927 -0.8458484411239624 0.4228433668613434 
vn -0.3553790748119354 -0.7599133849143982 0.5442764759063721 
vn -0.3660268783569336 -0.6657728552818298 0.6502078771591187 
vn -0.3492421805858612 -0.5590068697929382 0.7520244121551514 
vn -0.3096582889556885 -0.44566860795021057 0.8399349451065063 
vn -0.24386563897132874 -0.337930291891098 0.909028172492981 
vn -0.1412295550107956 -0.23412524163722992 0.9618934988975525 
vn -0.04052935913205147 -0.1492132842540741 0.9879738688468933 
vn 0.04879958927631378 -0.11202831566333771 0.9925058484077454 
vn 0.1371610462665558 -0.0740254744887352 0.9877786040306091 
vn 0.09064305573701859 -0.946230947971344 -0.3105320334434509 
vn 0.01959218829870224 -0.9825953245162964 -0.18472115695476532 
vn -0.056385818868875504 -0.9976336359977722 -0.03933282569050789 
vn -0.1306782364845276 -0.9860115647315979 0.10345883667469025 
vn -0.19638608396053314 -0.9477227330207825 0.2515026330947876 
vn -0.24289609491825104 -0.8820139765739441 0.40379732847213745 
vn -0.28445520997047424 -0.8006930947303772 0.5272335410118103 
vn -0.30424994230270386 -0.7066068649291992 0.6388568878173828 
vn -0.29804134368896484 -0.6017888784408569 0.7409594655036926 
vn -0.26776665449142456 -0.48867979645729065 0.8303568363189697 
vn -0.21361187100410461 -0.3765360713005066 0.9014377593994141 
vn -0.12513354420661926 -0.26331356167793274 0.9565600156784058 
vn -0.019343210384249687 -0.1668771505355835 0.9857876896858215 
vn 0.04879958927631378 -0.11202831566333771 0.9925058484077454 
vn 0.11418050527572632 -0.973163366317749 -0.19978797435760498 
vn 0.03904493898153305 -0.9979177713394165 -0.05133119970560074 
vn -0.03559712693095207 -0.9952254295349121 0.09087643027305603 
vn -0.10348857939243317 -0.9664446115493774 0.23510479927062988 
vn -0.15961982309818268 -0.9061080813407898 0.39177680015563965 
vn -0.20385827124118805 -0.8323190808296204 0.5154476165771484 
vn -0.2382565438747406 -0.7474879026412964 0.6200767159461975 
vn -0.24410808086395264 -0.6392784118652344 0.7292007803916931 
vn -0.2241089642047882 -0.5281288623809814 0.8190571665763855 
vn -0.18100526928901672 -0.4100131094455719 0.893938422203064 
vn -0.10126668214797974 -0.28529292345046997 0.9530753493309021 
vn -0.018715599551796913 -0.18884126842021942 0.981829047203064 
vn 0.05774252116680145 -0.13729029893875122 0.9888461828231812 
vn 0.1371610462665558 -0.0740254744887352 0.9877786040306091 
vn 0.13777782022953033 -0.9881874322891235 -0.06709828227758408 
vn 0.0585242360830307 -0.9957216382026672 0.0715029388666153 
vn -0.012475968338549137 -0.9747962355613708 0.22274650633335114 
vn -0.0751689225435257 -0.9233208894729614 0.3766000270843506 
vn -0.12694920599460602 -0.858020544052124 0.4976786673069 
vn -0.16657671332359314 -0.7770719528198242 0.6069685816764832 
vn -0.18270985782146454 -0.6713652610778809 0.7182515859603882 
vn -0.17701978981494904 -0.5604574680328369 0.8090432286262512 
vn -0.14704573154449463 -0.44042131304740906 0.885667085647583 
vn -0.0781589075922966 -0.3089236319065094 0.9478696584701538 
vn 0.0003922627365682274 -0.1997617781162262 0.9798442125320435 
vn 0.05774252116680145 -0.13729029893875122 0.9888461828231812 
vn 0.1582520753145218 -0.9856195449829102 0.05924256518483162 
vn 0.08271632343530655 -0.9748959541320801 0.20672491192817688 
vn 0.014956643804907799 -0.9327902793884277 0.36010822653770447 
vn -0.0445028617978096 -0.8713075518608093 0.48871472477912903 
vn -0.09687170386314392 -0.7989476919174194 0.5935468077659607 
vn -0.1190301850438118 -0.6977109909057617 0.7064209580421448 
vn -0.1266896277666092 -0.5857579112052917 0.8005229234695435 
vn -0.10686154663562775 -0.4675006866455078 0.8775096535682678 
vn -0.051803238689899445 -0.33579567074775696 0.940509021282196 
vn 0.009101198054850101 -0.22468185424804688 0.9743894338607788 
vn 0.07204102724790573 -0.14847159385681152 0.9862889051437378 
vn 0.1371610462665558 -0.0740254744887352 0.9877786040306091 
vn 0.17250460386276245 -0.9668675661087036 0.18817152082920074 
vn 0.10304524004459381 -0.9316129088401794 0.3485374450683594 
vn 0.03615782782435417 -0.8814799189567566 0.47083452343940735 
vn -0.01831088215112686 -0.810680091381073 0.5852023959159851 
vn -0.05745697766542435 -0.7169535160064697 0.6947487592697144 
vn -0.07205896824598312 -0.6109238862991333 0.7884028553962708 
vn -0.06353917717933655 -0.48738476634025574 0.8708721995353699 
vn -0.024611927568912506 -0.3495582342147827 0.9365910291671753 
vn 0.03098140098154545 -0.22855144739151 0.9730384945869446 
vn 0.07204102724790573 -0.14847159385681152 0.9862889051437378 
vn 0.1901106834411621 -0.9234556555747986 0.33329710364341736 
vn 0.11990808695554733 -0.8807539939880371 0.45814162492752075 
vn 0.053248196840286255 -0.8214856386184692 0.5677370429039001 
vn 0.01083835307508707 -0.7299126386642456 0.683454155921936 
vn -0.01757826842367649 -0.6254711747169495 0.7800489068031311 
vn -0.021012596786022186 -0.5081180334091187 0.8610308170318604 
vn 0.006649495102465153 -0.36451706290245056 0.9311727285385132 
vn 0.04649573564529419 -0.2479257434606552 0.9676623940467834 
vn 0.09171704947948456 -0.16957394778728485 0.9812401533126831 
vn 0.1371610462665558 -0.0740254744887352 0.9877786040306091 
vn 0.19876258075237274 -0.8739259839057922 0.4435606896877289 
vn 0.12882627546787262 -0.8207637667655945 0.5565518736839294 
vn 0.07542281597852707 -0.7377185821533203 0.6708815097808838 
vn 0.03680747374892235 -0.6382841467857361 0.7689200043678284 
vn 0.021344667300581932 -0.5182799100875854 0.8549443483352661 
vn 0.03616272658109665 -0.3829987645149231 0.923040509223938 
vn 0.06549520790576935 -0.24712450802326202 0.9667674899101257 
vn 0.09171704947948456 -0.16957394778728485 0.9812401533126831 
vn 0.205951526761055 -0.8115920424461365 0.5467190146446228 
vn 0.14315049350261688 -0.7360321283340454 0.6616373658180237 
vn 0.09374449402093887 -0.6438179612159729 0.7594141960144043 
vn 0.0667535811662674 -0.530691385269165 0.8449320197105408 
vn 0.06729122996330261 -0.38658884167671204 0.9197937250137329 
vn 0.08420143276453018 -0.2696860134601593 0.9592596888542175 
vn 0.11197616159915924 -0.17699967324733734 0.9778200387954712 
vn 0.1371610462665558 -0.0740254744887352 0.9877786040306091 
vn 0.21177609264850616 -0.7282004356384277 0.651823878288269 
vn 0.1512404829263687 -0.6455106139183044 0.7486266493797302 
vn 0.11489970237016678 -0.5357615947723389 0.8365148305892944 
vn 0.10064095258712769 -0.39514651894569397 0.9130882024765015 
vn 0.10593532770872116 -0.2618648111820221 0.9592726826667786 
vn 0.11197616159915924 -0.17699967324733734 0.9778200387954712 
vn 0.21097609400749207 -0.6395780444145203 0.7392079830169678 
vn 0.16072078049182892 -0.5343911051750183 0.8298159241676331 
vn 0.13386747241020203 -0.40321800112724304 0.9052591919898987 
vn 0.12652896344661713 -0.27924567461013794 0.9518465399742126 
vn 0.1362157016992569 -0.18579871952533722 0.9731000065803528 
vn 0.1371610462665558 -0.0740254744887352 0.9877786040306091 
vn 0.20816370844841003 -0.5277230739593506 0.8235142230987549 
vn 0.1677655130624771 -0.3984327018260956 0.9017236828804016 
vn 0.1441526859998703 -0.2698005437850952 0.9520646929740906 
vn 0.1362157016992569 -0.18579871952533722 0.9731000065803528 
vn 0.20064111053943634 -0.39517828822135925 0.8964244723320007 
vn 0.16660720109939575 -0.2820093035697937 0.9448345303535461 
vn 0.15634451806545258 -0.19303397834300995 0.9686557054519653 
vn 0.1371610462665558 -0.0740254744887352 0.9877786040306091 
vn 0.1873328983783722 -0.27568548917770386 0.9428167939186096 
vn 0.15634451806545258 -0.19303397834300995 0.9686557054519653 
vn 0.18436090648174286 -0.19139684736728668 0.9640424847602844 
vn 0.1371610462665558 -0.0740254744887352 0.9877786040306091 
vn 0.13976624608039856 -0.06694012135267258 0.9879190325737 
vn 0.03233322128653526 -0.09404406696557999 0.995042622089386 
vn 0.042036350816488266 -0.11752428859472275 0.9921796917915344 
vn -0.041956670582294464 -0.12897396087646484 0.9907597303390503 
vn -0.048098236322402954 -0.15645252168178558 0.9865133762359619 
vn -0.16771458089351654 -0.2070542424917221 0.9638464450836182 
vn -0.15372435748577118 -0.24126334488391876 0.958206832408905 
vn -0.27743279933929443 -0.3067761957645416 0.9104498624801636 
vn -0.2515374720096588 -0.3442237377166748 0.9045653343200684 
vn -0.34776604175567627 -0.40513768792152405 0.8455304503440857 
vn -0.3124936521053314 -0.45134851336479187 0.8358418941497803 
vn -0.3964254558086395 -0.5090478658676147 0.7640135288238525 
vn -0.3492421805858612 -0.5590068697929382 0.7520244121551514 
vn -0.42462244629859924 -0.6193251013755798 0.6604026556015015 
vn -0.3660268783569336 -0.6657728552818298 0.6502078771591187 
vn -0.4239688217639923 -0.7140076160430908 0.5571740865707397 
vn -0.3553790748119354 -0.7599133849143982 0.5442764759063721 
vn -0.4079163670539856 -0.8062337636947632 0.4284748136997223 
vn -0.3273676931858063 -0.848361074924469 0.4160688817501068 
vn -0.3700012266635895 -0.8845320343971252 0.28408029675483704 
vn -0.28361740708351135 -0.9218603372573853 0.2640722393989563 
vn -0.3131493330001831 -0.9392618536949158 0.14044222235679626 
vn -0.22267235815525055 -0.9670042991638184 0.12377020716667175 
vn -0.2470322698354721 -0.9690045118331909 -0.0021706020925194025 
vn -0.15490135550498962 -0.9876755475997925 -0.02240513265132904 
vn -0.17342860996723175 -0.9735921621322632 -0.14845936000347137 
vn -0.07960375398397446 -0.9825161695480347 -0.16829898953437805 
vn -0.0952250063419342 -0.9550715684890747 -0.2806597650051117 
vn -0.00007237550744321197 -0.9551308751106262 -0.2961828112602234 
vn -0.02338377945125103 -0.9087913036346436 -0.4165944755077362 
vn 0.06802757829427719 -0.8983185887336731 -0.43404531478881836 
vn 0.03568802401423454 -0.8302180171012878 -0.5562947392463684 
vn 0.11966054141521454 -0.812882125377655 -0.5700029730796814 
vn 0.0861852765083313 -0.7398388981819153 -0.6672405004501343 
vn 0.1588393747806549 -0.7165895700454712 -0.6791677474975586 
vn 0.11540563404560089 -0.6314069032669067 -0.766815721988678 
vn 0.18173636496067047 -0.6036092638969421 -0.7762906551361084 
vn 0.1261819303035736 -0.5128900408744812 -0.8491297960281372 
vn 0.1810964047908783 -0.4857114553451538 -0.8551537394523621 
vn 0.11808843165636063 -0.39784812927246094 -0.909819483757019 
vn 0.16209253668785095 -0.36835768818855286 -0.9154442548751831 
vn 0.08527997881174088 -0.26967915892601013 -0.9591662883758545 
vn 0.11564251780509949 -0.24537783861160278 -0.9625051021575928 
vn 0.014455052092671394 -0.13740012049674988 -0.9904099106788635 
vn 0.04156672582030296 -0.12541541457176208 -0.9912329316139221 
vn -0.04580915346741676 -0.057564035058021545 -0.9972900748252869 
vn -0.06387458741664886 -0.11303716152906418 0.9915353059768677 
vn -0.1824580729007721 -0.17446394264698029 0.9676109552383423 
vn -0.29900404810905457 -0.25983718037605286 0.9181942939758301 
vn -0.38209593296051025 -0.35748109221458435 0.852179229259491 
vn -0.4375232458114624 -0.4575328826904297 0.7741037607192993 
vn -0.4780524671077728 -0.5646901726722717 0.672748327255249 
vn -0.4882899522781372 -0.6611930131912231 0.569557785987854 
vn -0.4773827791213989 -0.7550657391548157 0.449422687292099 
vn -0.4531593322753906 -0.8391749858856201 0.3007180690765381 
vn -0.40433716773986816 -0.9008837938308716 0.15785834193229675 
vn -0.3374937176704407 -0.9412158131599426 0.014494379051029682 
vn -0.2666979730129242 -0.9541724920272827 -0.13574419915676117 
vn -0.18965724110603333 -0.945469081401825 -0.2647976577281952 
vn -0.11463374644517899 -0.9084344506263733 -0.4020017087459564 
vn -0.04811502993106842 -0.8391062617301941 -0.541834831237793 
vn 0.00980368535965681 -0.7542622685432434 -0.6564996242523193 
vn 0.049868203699588776 -0.6527056694030762 -0.7559682130813599 
vn 0.07251713424921036 -0.5340282320976257 -0.8423506617546082 
vn 0.07570717483758926 -0.42176181077957153 -0.9035401940345764 
vn 0.05158911272883415 -0.2905096113681793 -0.95548015832901 
vn 0.0014391522854566574 -0.16243872046470642 -0.9867173433303833 
vn -0.07086988538503647 -0.07646398991346359 -0.9945502877235413 
vn -0.19306956231594086 0.04617083817720413 -0.9800978899002075 
vn -0.19236654043197632 -0.14137768745422363 0.9710854887962341 
vn -0.3163585364818573 -0.21399281919002533 0.9241882562637329 
vn -0.408890038728714 -0.30467790365219116 0.8602207899093628 
vn -0.47432252764701843 -0.39881566166877747 0.7848334908485413 
vn -0.5275285243988037 -0.5044417977333069 0.6835580468177795 
vn -0.5449301600456238 -0.6050857901573181 0.5804495811462402 
vn -0.5444459319114685 -0.6994773745536804 0.4629356265068054 
vn -0.5280807018280029 -0.7881704568862915 0.31609728932380676 
vn -0.48745521903038025 -0.8555513024330139 0.17440974712371826 
vn -0.4286970794200897 -0.9028840065002441 0.03191752731800079 
vn -0.36121562123298645 -0.9249441027641296 -0.11832578480243683 
vn -0.2824639678001404 -0.9266247153282166 -0.2481534481048584 
vn -0.2048557996749878 -0.9005436897277832 -0.38347697257995605 
vn -0.13119344413280487 -0.8381639122962952 -0.52940434217453 
vn -0.0660877451300621 -0.7619231343269348 -0.6442863345146179 
vn -0.019077593460679054 -0.666829526424408 -0.744965672492981 
vn 0.014274196699261665 -0.5547889471054077 -0.8318684101104736 
vn 0.026271551847457886 -0.438750684261322 -0.898224413394928 
vn 0.018099624663591385 -0.3109442889690399 -0.9502555727958679 
vn -0.02792171575129032 -0.16775046288967133 -0.98543381690979 
vn -0.07086988538503647 -0.07646398991346359 -0.9945502877235413 
vn -0.0998908281326294 -0.09388039261102676 -0.9905593395233154 
vn -0.19306956231594086 0.04617083817720413 -0.9800978899002075 
vn -0.055737800896167755 -0.09205159544944763 0.9941928386688232 
vn 0.027355428785085678 -0.07016582787036896 0.9971599578857422 
vn 0.03233322128653526 -0.09404406696557999 0.995042622089386 
vn 0.13976624608039856 -0.06694012135267258 0.9879190325737 
vn 0.1371610462665558 -0.0740254744887352 0.9877786040306091 
vn 0.27232465147972107 -0.1372659057378769 0.9523638486862183 
vn 0.28147071599960327 -0.12452256679534912 0.9514556527137756 
vn 0.357767790555954 -0.15429529547691345 0.9209747910499573 
vn 0.3666185736656189 -0.15351270139217377 0.9176187515258789 
vn 0.46553725004196167 -0.18950751423835754 0.8645007014274597 
vn 0.46031051874160767 -0.20365247130393982 0.864082932472229 
vn 0.35565370321273804 -0.171586275100708 0.9187317490577698 
vn 0.44685178995132446 -0.22883521020412445 0.8648452758789062 
vn 0.33190518617630005 -0.1890140026807785 0.9241818785667419 
vn 0.42276880145072937 -0.2600196301937103 0.868133544921875 
vn 0.32390066981315613 -0.21011990308761597 0.9224627017974854 
vn 0.4033597707748413 -0.2888604998588562 0.8682510852813721 
vn 0.3025915324687958 -0.22033968567848206 0.9273016452789307 
vn 0.3778827488422394 -0.3114336133003235 0.8719020485877991 
vn 0.29059985280036926 -0.24001285433769226 0.9262532591819763 
vn 0.3529699742794037 -0.3318054676055908 0.8748238682746887 
vn 0.26594099402427673 -0.2468273937702179 0.9318535923957825 
vn 0.4585508108139038 -0.4090823829174042 0.7889119982719421 
vn 0.49379244446754456 -0.3790251612663269 0.7826290726661682 
vn 0.5248682498931885 -0.3388769328594208 0.7808169722557068 
vn 0.5521825551986694 -0.29721567034721375 0.778945803642273 
vn 0.5752789974212646 -0.2555299699306488 0.7770186066627502 
vn 0.5779123902320862 -0.2484680712223053 0.7773546576499939 
vn 0.5637462735176086 -0.4450742304325104 0.6957718133926392 
vn 0.6010029315948486 -0.4039507210254669 0.6896510124206543 
vn 0.6373107433319092 -0.34593477845191956 0.6885952353477478 
vn 0.6652799844741821 -0.2982971668243408 0.6844125390052795 
vn 0.667930543422699 -0.2912489175796509 0.6848664879798889 
vn 0.6625537276268005 -0.459102064371109 0.5918168425559998 
vn 0.7068750262260437 -0.39289966225624084 0.5881808400154114 
vn 0.7359098196029663 -0.3399670720100403 0.5855410099029541 
vn 0.7412559390068054 -0.325919508934021 0.5867838263511658 
vn 0.7682408094406128 -0.43073394894599915 0.4735751152038574 
vn 0.7989627122879028 -0.37074363231658936 0.47350484132766724 
vn 0.8069670796394348 -0.3557458221912384 0.47143200039863586 
vn 0.8432785272598267 -0.3946380615234375 0.36488527059555054 
vn 0.8514248132705688 -0.3738059997558594 0.36789125204086304 
vn 0.8877295851707458 -0.3888719081878662 0.24640169739723206 
vn 0.13976624608039856 -0.06694012135267258 0.9879190325737 
vn 0.26048529148101807 -0.15706343948841095 0.9526163935661316 
vn 0.278860867023468 -0.13159829378128052 0.9512717723846436 
vn 0.3350338041782379 -0.19217537343502045 0.9223992824554443 
vn 0.3618690073490143 -0.17787699401378632 0.9151011109352112 
vn 0.4574815034866333 -0.23272202908992767 0.8582252264022827 
vn 0.4709175229072571 -0.2075209617614746 0.8574212193489075 
vn 0.578990638256073 -0.2649313807487488 0.7710905075073242 
vn 0.5842707753181458 -0.25080606341362 0.7718311548233032 
vn 0.6720659732818604 -0.28873395919799805 0.6818791627883911 
vn 0.3301337659358978 -0.21643860638141632 0.9187847971916199 
vn 0.43635785579681396 -0.26697224378585815 0.8592537641525269 
vn 0.5592861175537109 -0.29773858189582825 0.7736601829528809 
vn 0.6626195311546326 -0.3053368031978607 0.6838889122009277 
vn 0.7450098991394043 -0.32323676347732544 0.5835043787956238 
vn 0.414097398519516 -0.2928437292575836 0.8618383407592773 
vn 0.5312994718551636 -0.3413301110267639 0.7753798961639404 
vn 0.6380640268325806 -0.3523188829421997 0.6846494674682617 
vn 0.7359098196029663 -0.3399670720100403 0.5855410099029541 
vn 0.8069670796394348 -0.3557458221912384 0.47143200039863586 
vn 0.49644044041633606 -0.3817744851112366 0.7796117663383484 
vn 0.60529625415802 -0.40155765414237976 0.6872897744178772 
vn 0.7068750262260437 -0.39289966225624084 0.5881808400154114 
vn 0.7989627122879028 -0.37074363231658936 0.47350484132766724 
vn 0.8528932332992554 -0.37446898221969604 0.36379268765449524 
vn 0.565305233001709 -0.4494829475879669 0.6916605830192566 
vn 0.6625537276268005 -0.459102064371109 0.5918168425559998 
vn 0.7655546069145203 -0.43167123198509216 0.47705894708633423 
vn 0.8432785272598267 -0.3946380615234375 0.36488527059555054 
vn 0.8859615325927734 -0.3962661921977997 0.2409237176179886 
vn 0.6197310090065002 -0.5103119015693665 0.5962503552436829 
vn 0.7193108201026917 -0.5016445517539978 0.4805661141872406 
vn 0.8069455027580261 -0.461558997631073 0.36851224303245544 
vn 0.8767168521881104 -0.4163120687007904 0.24093736708164215 
vn 0.9084047079086304 -0.40587419271469116 0.10032984614372253 
vn 0.6682195067405701 -0.5650101900100708 0.48398900032043457 
vn 0.754274308681488 -0.5418562889099121 0.3707573711872101 
vn 0.8412929177284241 -0.4821780323982239 0.24439623951911926 
vn 0.8995853662490845 -0.42549386620521545 0.09848907589912415 
vn 0.9121605157852173 -0.40838703513145447 -0.034383099526166916 
vn 0.7028283476829529 -0.6021215319633484 0.37878894805908203 
vn 0.7833109498023987 -0.5706379413604736 0.24656687676906586 
vn 0.8600011467933655 -0.5001828670501709 0.10106491297483444 
vn 0.9022698998451233 -0.42990216612815857 -0.033046573400497437 
vn 0.8995709419250488 -0.40550875663757324 -0.1622764617204666 
vn 0.7289857268333435 -0.6365578174591064 0.25173982977867126 
vn 0.801906168460846 -0.5881649851799011 0.10491660982370377 
vn 0.8612346053123474 -0.507234513759613 -0.031416166573762894 
vn 0.8884554505348206 -0.4294810891151428 -0.16183896362781525 
vn 0.8713153004646301 -0.3980746269226074 -0.2869587540626526 
vn 0.7400476336479187 -0.6631190776824951 0.11225682497024536 
vn 0.8004093766212463 -0.5989326238632202 -0.024971501901745796 
vn 0.8494146466255188 -0.5029906630516052 -0.1596687138080597 
vn 0.8623485565185547 -0.41671022772789 -0.2875875234603882 
vn 0.8342315554618835 -0.3785819411277771 -0.40091460943222046 
vn 0.7413178086280823 -0.670920729637146 -0.017671721056103706 
vn 0.7892581224441528 -0.5941376686096191 -0.1551484614610672 
vn 0.822110652923584 -0.49127423763275146 -0.2877197563648224 
vn 0.8241143822669983 -0.39960548281669617 -0.40143486857414246 
vn 0.7784125804901123 -0.3568125069141388 -0.5164859890937805 
vn 0.7262775301933289 -0.6718087792396545 -0.145578071475029 
vn 0.7630184888839722 -0.5840003490447998 -0.2770296335220337 
vn 0.7845100164413452 -0.4725702404975891 -0.40152260661125183 
vn 0.7689318656921387 -0.3788408935070038 -0.5149975419044495 
vn 0.7040887475013733 -0.3222668468952179 -0.6327735781669617 
vn 0.6989075541496277 -0.6612354516983032 -0.27257096767425537 
vn 0.7264840602874756 -0.5615811347961426 -0.3960387110710144 
vn 0.7305653691291809 -0.45000144839286804 -0.513587474822998 
vn 0.6944099068641663 -0.3423665761947632 -0.6329132914543152 
vn 0.6213675141334534 -0.28626173734664917 -0.729353129863739 
vn 0.6633621454238892 -0.6363303065299988 -0.39374294877052307 
vn 0.6741451025009155 -0.5362706184387207 -0.5078793168067932 
vn 0.6583467125892639 -0.40920019149780273 -0.6317705512046814 
vn 0.6104831695556641 -0.30819734930992126 -0.7296054363250732 
vn 0.5317240953445435 -0.24565479159355164 -0.8105076551437378 
vn 0.6154833436012268 -0.6064133644104004 -0.5034304261207581 
vn 0.6048207879066467 -0.4883684515953064 -0.6290368437767029 
vn 0.5775761604309082 -0.36702534556388855 -0.729175865650177 
vn 0.5203971862792969 -0.26746150851249695 -0.8109565377235413 
vn 0.4278557300567627 -0.2058507651090622 -0.8800933957099915 
vn 0.5527265667915344 -0.5524407029151917 -0.6239405870437622 
vn 0.5319467186927795 -0.4370344281196594 -0.725281298160553 
vn 0.4930206835269928 -0.31521546840667725 -0.8109063506126404 
vn 0.4228811264038086 -0.22005043923854828 -0.8790613412857056 
vn 0.32976996898651123 -0.16214466094970703 -0.93003249168396 
vn 0.48255306482315063 -0.49851417541503906 -0.7201565504074097 
vn 0.44812318682670593 -0.384507954120636 -0.8070555329322815 
vn 0.394425630569458 -0.26743608713150024 -0.8791506290435791 
vn 0.32218053936958313 -0.17139534652233124 -0.931033194065094 
vn 0.21626341342926025 -0.1088302880525589 -0.9702502489089966 
vn 0.4057033658027649 -0.43577098846435547 -0.8034350275993347 
vn 0.3563835322856903 -0.32086291909217834 -0.8775176405906677 
vn 0.2990849018096924 -0.21305400133132935 -0.9301374554634094 
vn 0.21120086312294006 -0.12304005026817322 -0.969667375087738 
vn 0.09293264895677567 -0.057907357811927795 -0.9939868450164795 
vn 0.3198566138744354 -0.3715020716190338 -0.8715947270393372 
vn 0.26974600553512573 -0.2618609368801117 -0.9266420602798462 
vn 0.192613884806633 -0.15033122897148132 -0.9696906208992004 
vn 0.08004037290811539 -0.05522038787603378 -0.9952606558799744 
vn -0.017101723700761795 -0.01587054692208767 -0.9997275471687317 
vn 0.237221822142601 -0.29523879289627075 -0.9255049228668213 
vn 0.1659822016954422 -0.18859654664993286 -0.967926025390625 
vn 0.07935727387666702 -0.08304966241121292 -0.9933804273605347 
vn -0.025659283623099327 -0.026793645694851875 -0.9993114471435547 
vn -0.19306956231594086 0.04617083817720413 -0.9800978899002075 
vn 0.2752033770084381 -0.40883252024650574 -0.8701255917549133 
vn 0.2022676169872284 -0.33713841438293457 -0.919469952583313 
vn 0.14273636043071747 -0.2176913321018219 -0.9655238389968872 
vn 0.22903163731098175 -0.45163941383361816 -0.8623026013374329 
vn 0.24383117258548737 -0.5726141929626465 -0.7827252149581909 
vn 0.2320808619260788 -0.6842719316482544 -0.6913102269172668 
vn 0.1987149566411972 -0.7909008860588074 -0.578781008720398 
vn 0.15471571683883667 -0.8816103935241699 -0.44589847326278687 
vn 0.09064305573701859 -0.946230947971344 -0.3105320334434509 
vn 0.01959218829870224 -0.9825953245162964 -0.18472115695476532 
vn -0.056385818868875504 -0.9976336359977722 -0.03933282569050789 
vn -0.1306782364845276 -0.9860115647315979 0.10345883667469025 
vn -0.19638608396053314 -0.9477227330207825 0.2515026330947876 
vn -0.2450728863477707 -0.8844922780990601 0.3970038890838623 
vn -0.28445520997047424 -0.8006930947303772 0.5272335410118103 
vn -0.30424994230270386 -0.7066068649291992 0.6388568878173828 
vn -0.29804134368896484 -0.6017888784408569 0.7409594655036926 
vn -0.27262067794799805 -0.4885994493961334 0.8288232684135437 
vn -0.2213294506072998 -0.3827902376651764 0.8969305753707886 
vn -0.1319778710603714 -0.2682177722454071 0.9542748928070068 
vn -0.02692771516740322 -0.17412348091602325 0.9843553900718689 
vn 0.042036350816488266 -0.11752428859472275 0.9921796917915344 
vn 0.3033323585987091 -0.5325098037719727 -0.7902039289474487 
vn 0.3003682792186737 -0.6499421000480652 -0.698107123374939 
vn 0.2777184844017029 -0.7568213939666748 -0.5916867256164551 
vn 0.24041464924812317 -0.854349672794342 -0.4607458710670471 
vn 0.18476614356040955 -0.9275944232940674 -0.32469886541366577 
vn 0.11418050527572632 -0.973163366317749 -0.19978797435760498 
vn 0.03904493898153305 -0.9979177713394165 -0.05133119970560074 
vn -0.03559712693095207 -0.9952254295349121 0.09087643027305603 
vn -0.10348857939243317 -0.9664446115493774 0.23510479927062988 
vn -0.16180554032325745 -0.9086207151412964 0.3850022852420807 
vn -0.20385827124118805 -0.8323190808296204 0.5154476165771484 
vn -0.23568810522556305 -0.7434350252151489 0.625903308391571 
vn -0.24410808086395264 -0.6392784118652344 0.7292007803916931 
vn -0.22902317345142365 -0.5281480550765991 0.8176842331886292 
vn -0.1887596994638443 -0.416254460811615 0.8894389271736145 
vn -0.11182306706905365 -0.29875922203063965 0.9477542638778687 
vn -0.026325350627303123 -0.1960604190826416 0.9802381992340088 
vn 0.053669724613428116 -0.13577011227607727 0.989285409450531 
vn 0.13976624608039856 -0.06694012135267258 0.9879190325737 
vn 0.3549990952014923 -0.48970791697502136 -0.7963423728942871 
vn 0.36626961827278137 -0.6024097204208374 -0.7091885805130005 
vn 0.3560360372066498 -0.7146093845367432 -0.6021387577056885 
vn 0.3245088458061218 -0.8225001096725464 -0.4671047031879425 
vn 0.2726038098335266 -0.8984093070030212 -0.3443068265914917 
vn 0.20802445709705353 -0.9552156329154968 -0.2104477733373642 
vn 0.13777782022953033 -0.9881874322891235 -0.06709828227758408 
vn 0.0585242360830307 -0.9957216382026672 0.0715029388666153 
vn -0.014386340044438839 -0.9763709902763367 0.21562020480632782 
vn -0.07319625467061996 -0.9266317486763 0.3687753975391388 
vn -0.12694920599460602 -0.858020544052124 0.4976786673069 
vn -0.1640089750289917 -0.7730263471603394 0.6128056645393372 
vn -0.18270985782146454 -0.6713652610778809 0.7182515859603882 
vn -0.17701978981494904 -0.5604574680328369 0.8090432286262512 
vn -0.14990311861038208 -0.44646209478378296 0.8821565508842468 
vn -0.08873996138572693 -0.322348415851593 0.9424522519111633 
vn -0.0023781172931194305 -0.20663636922836304 0.9784147143363953 
vn 0.053669724613428116 -0.13577011227607727 0.989285409450531 
vn 0.42296677827835083 -0.5574458837509155 -0.7143895626068115 
vn 0.4899669885635376 -0.6172649264335632 -0.6155611872673035 
vn 0.5534250736236572 -0.6691246032714844 -0.49597594141960144 
vn 0.5975931882858276 -0.703711211681366 -0.38428130745887756 
vn 0.6319850087165833 -0.7265895009040833 -0.26955851912498474 
vn 0.658565878868103 -0.7396807074546814 -0.13842889666557312 
vn 0.669909656047821 -0.7423372268676758 -0.012473163194954395 
vn 0.6766362190246582 -0.7264149188995361 0.12034903466701508 
vn 0.6635974049568176 -0.7023223638534546 0.2576448619365692 
vn 0.6453332901000977 -0.6621061563491821 0.38099804520606995 
vn 0.6148669719696045 -0.6154909133911133 0.4930605888366699 
vn 0.573960542678833 -0.5572757720947266 0.6000102162361145 
vn 0.5230733156204224 -0.4915527105331421 0.6962538957595825 
vn 0.4631391167640686 -0.41651079058647156 0.7823172211647034 
vn 0.38670939207077026 -0.3204873502254486 0.864721417427063 
vn 0.305729478597641 -0.22351709008216858 0.9255101680755615 
vn 0.26048529148101807 -0.15706343948841095 0.9526163935661316 
vn 0.42466720938682556 -0.671699047088623 -0.6070234179496765 
vn 0.4069054424762726 -0.7761961817741394 -0.4816083610057831 
vn 0.3626730740070343 -0.8611541390419006 -0.35620367527008057 
vn 0.2990081012248993 -0.9267369508743286 -0.22749076783657074 
vn 0.23031748831272125 -0.9693843126296997 -0.08513039350509644 
vn 0.1582520753145218 -0.9856195449829102 0.05924256518483162 
vn 0.08078537881374359 -0.9765375256538391 0.19961847364902496 
vn 0.012747247703373432 -0.9353923201560974 0.35338088870048523 
vn -0.04691470041871071 -0.8746857047080994 0.48241400718688965 
vn -0.09430326521396637 -0.7948948740959167 0.5993734002113342 
vn -0.1190301850438118 -0.6977109909057617 0.7064209580421448 
vn -0.129495307803154 -0.5911754965782166 0.796079158782959 
vn -0.10971640050411224 -0.47350046038627625 0.8739331364631653 
vn -0.05868975818157196 -0.3406917452812195 0.9383412003517151 
vn 0.002254873514175415 -0.22995512187480927 0.973198413848877 
vn 0.06933080404996872 -0.15546248853206635 0.9854056239128113 
vn 0.13976624608039856 -0.06694012135267258 0.9879190325737 
vn 0.48289182782173157 -0.7274738550186157 -0.48743870854377747 
vn 0.44580039381980896 -0.818301796913147 -0.36282700300216675 
vn 0.39151424169540405 -0.8882022500038147 -0.24044224619865417 
vn 0.326093465089798 -0.9405062794685364 -0.09544730931520462 
vn 0.2509041130542755 -0.9671348929405212 0.0411892905831337 
vn 0.17250460386276245 -0.9668675661087036 0.18817152082920074 
vn 0.10080359131097794 -0.9343287944793701 0.3418590724468231 
vn 0.03615782782435417 -0.8814799189567566 0.47083452343940735 
vn -0.01831088215112686 -0.810680091381073 0.5852023959159851 
vn -0.05745697766542435 -0.7169535160064697 0.6947487592697144 
vn -0.07205896824598312 -0.6109238862991333 0.7884028553962708 
vn -0.07043012231588364 -0.49180349707603455 0.8678527474403381 
vn -0.034354813396930695 -0.36098694801330566 0.9319376349449158 
vn 0.028200728818774223 -0.23539334535598755 0.971490740776062 
vn 0.06933080404996872 -0.15546248853206635 0.9854056239128113 
vn 0.5252876877784729 -0.7640637755393982 -0.37453770637512207 
vn 0.47629156708717346 -0.8425843715667725 -0.2513902485370636 
vn 0.41405928134918213 -0.9038428068161011 -0.10780651122331619 
vn 0.34318310022354126 -0.9387487769126892 0.031229043379426003 
vn 0.2667926549911499 -0.948041558265686 0.17331503331661224 
vn 0.18784013390541077 -0.9262813329696655 0.32667770981788635 
vn 0.11990808695554733 -0.8807539939880371 0.45814162492752075 
vn 0.05583956837654114 -0.8173213005065918 0.5734695196151733 
vn 0.01083835307508707 -0.7299126386642456 0.683454155921936 
vn -0.02038394659757614 -0.6308887600898743 0.7756051421165466 
vn -0.023868422955274582 -0.5140933990478516 0.8574017882347107 
vn -0.0030935234390199184 -0.3759762942790985 0.9266238808631897 
vn 0.038852013647556305 -0.255169153213501 0.9661152958869934 
vn 0.08899538964033127 -0.1765466034412384 0.9802604913711548 
vn 0.13976624608039856 -0.06694012135267258 0.9879190325737 
vn 0.5566551685333252 -0.7885957956314087 -0.2612486183643341 
vn 0.5019484758377075 -0.8565987944602966 -0.11952143907546997 
vn 0.4309554696083069 -0.902249276638031 0.014925538562238216 
vn 0.3552001118659973 -0.9210519790649414 0.15967251360416412 
vn 0.2745315432548523 -0.9096197485923767 0.3118070065975189 
vn 0.19876258075237274 -0.8739259839057922 0.4435606896877289 
vn 0.12882627546787262 -0.8207637667655945 0.5565518736839294 
vn 0.07542281597852707 -0.7377185821533203 0.6708815097808838 
vn 0.03680747374892235 -0.6382841467857361 0.7689200043678284 
vn 0.02253139019012451 -0.5256386995315552 0.850409209728241 
vn 0.030458739027380943 -0.39595112204551697 0.9177660346031189 
vn 0.06270953267812729 -0.2539594769477844 0.9651796221733093 
vn 0.08899538964033127 -0.1765466034412384 0.9802604913711548 
vn 0.5813127160072327 -0.8033132553100586 -0.12946975231170654 
vn 0.5168634653091431 -0.8560380935668945 0.007075155153870583 
vn 0.44235795736312866 -0.8842223286628723 0.14989809691905975 
vn 0.3613165020942688 -0.8828424215316772 0.30006474256515503 
vn 0.2833632230758667 -0.8565590977668762 0.4312899708747864 
vn 0.205951526761055 -0.8115920424461365 0.5467190146446228 
vn 0.14315049350261688 -0.7360321283340454 0.6616373658180237 
vn 0.09679408371448517 -0.6467357277870178 0.7565469145774841 
vn 0.06698917597532272 -0.5399215221405029 0.8390450477600098 
vn 0.06563027203083038 -0.40098968148231506 0.9137283563613892 
vn 0.08140542358160019 -0.2764926254749298 0.957561731338501 
vn 0.11329913139343262 -0.1854502409696579 0.9760999083518982 
vn 0.13976624608039856 -0.06694012135267258 0.9879190325737 
vn 0.596602201461792 -0.8025046586990356 -0.007156962528824806 
vn 0.5255971550941467 -0.8396065831184387 0.13714057207107544 
vn 0.4412488341331482 -0.8506210446357727 0.28590643405914307 
vn 0.3585313558578491 -0.833899199962616 0.41960299015045166 
vn 0.28225064277648926 -0.7970820069313049 0.5338484644889832 
vn 0.21177609264850616 -0.7282004356384277 0.651823878288269 
vn 0.15425921976566315 -0.6482856869697571 0.7456066012382507 
vn 0.11204231530427933 -0.5418023467063904 0.833004355430603 
vn 0.09896532446146011 -0.4095114469528198 0.9069210290908813 
vn 0.10314938426017761 -0.26870042085647583 0.9576846361160278 
vn 0.11329913139343262 -0.1854502409696579 0.9760999083518982 
vn 0.6029937863349915 -0.7872003316879272 0.12927937507629395 
vn 0.5206852555274963 -0.808245062828064 0.2750017046928406 
vn 0.43720564246177673 -0.8023207783699036 0.40636417269706726 
vn 0.35665708780288696 -0.7720245122909546 0.5260924100875854 
vn 0.2754266560077667 -0.7170252203941345 0.6403236985206604 
vn 0.21097609400749207 -0.6395780444145203 0.7392079830169678 
vn 0.16091105341911316 -0.5435240864753723 0.8238256573677063 
vn 0.13102126121520996 -0.4097408652305603 0.9027432203292847 
vn 0.12373585999011993 -0.2860643267631531 0.9501874446868896 
vn 0.13349348306655884 -0.19277283549308777 0.9721202254295349 
vn 0.13976624608039856 -0.06694012135267258 0.9879190325737 
vn 0.595203697681427 -0.7579605579376221 0.2668846547603607 
vn 0.5091332793235779 -0.7621861696243286 0.3998183608055115 
vn 0.42381513118743896 -0.7462661862373352 0.5132901668548584 
vn 0.34171000123023987 -0.6958269476890564 0.6317107081413269 
vn 0.26706790924072266 -0.6289187669754028 0.7301611304283142 
vn 0.20832200348377228 -0.5368433594703674 0.817557692527771 
vn 0.1660635769367218 -0.4127854108810425 0.8955615758895874 
vn 0.14538396894931793 -0.27804452180862427 0.9495021104812622 
vn 0.13349348306655884 -0.19277283549308777 0.9721202254295349 
vn 0.5785801410675049 -0.7170021533966064 0.38878288865089417 
vn 0.49279969930648804 -0.7098472118377686 0.5032540559768677 
vn 0.40214139223098755 -0.6732071042060852 0.6205431222915649 
vn 0.32433637976646423 -0.6122831702232361 0.721051037311554 
vn 0.2563392221927643 -0.5267496109008789 0.810447096824646 
vn 0.1989193558692932 -0.4095614552497864 0.8903314471244812 
vn 0.16781702637672424 -0.29021477699279785 0.9421318173408508 
vn 0.1596258580684662 -0.19635778665542603 0.9674516916275024 
vn 0.13976624608039856 -0.06694012135267258 0.9879190325737 
vn 0.5542678833007812 -0.6682648062705994 0.49619394540786743 
vn 0.4650580585002899 -0.6401494145393372 0.6114973425865173 
vn 0.378921777009964 -0.5890932083129883 0.7137134075164795 
vn 0.29911863803863525 -0.5166235566139221 0.8022639751434326 
vn 0.23356208205223083 -0.4012633264064789 0.8856838941574097 
vn 0.1873328983783722 -0.27568548917770386 0.9428167939186096 
vn 0.1596258580684662 -0.19635778665542603 0.9674516916275024 
vn 0.5217020511627197 -0.6001064777374268 0.6063814163208008 
vn 0.4290386438369751 -0.5635563135147095 0.7059245109558105 
vn 0.3462454676628113 -0.49468860030174255 0.7971177101135254 
vn 0.2679669260978699 -0.39246660470962524 0.8798654675483704 
vn 0.21158143877983093 -0.2826513350009918 0.9355966448783875 
vn 0.18835729360580444 -0.19281338155269623 0.9629870057106018 
vn 0.13976624608039856 -0.06694012135267258 0.9879190325737 
vn 0.4776916205883026 -0.5296235084533691 0.7009344100952148 
vn 0.3871428966522217 -0.4753042459487915 0.7900668382644653 
vn 0.30024078488349915 -0.37737593054771423 0.8760378956794739 
vn 0.2309521734714508 -0.2678709328174591 0.9353639483451843 
vn 0.18835729360580444 -0.19281338155269623 0.9629870057106018 
vn 0.42673516273498535 -0.4477212429046631 0.7857748866081238 
vn 0.33308181166648865 -0.3598583936691284 0.8715261816978455 
vn 0.2577221691608429 -0.26763463020324707 0.9284128546714783 
vn 0.21296022832393646 -0.18772505223751068 0.958856999874115 
vn 0.13976624608039856 -0.06694012135267258 0.9879190325737 
vn 0.36108216643333435 -0.34281638264656067 0.8672347068786621 
vn 0.26909705996513367 -0.2500321865081787 0.9300915002822876 
vn 0.21296022832393646 -0.18772505223751068 0.958856999874115 
vn 0.29759976267814636 -0.24448439478874207 0.9228549599647522 
vn 0.23545131087303162 -0.17598116397857666 0.9558205604553223 
vn 0.13976624608039856 -0.06694012135267258 0.9879190325737 
vn 0.23545131087303162 -0.17598116397857666 0.9558205604553223 
vn 0.13976624608039856 -0.06694012135267258 0.9879190325737 
vn 0.20898447930812836 -0.18632231652736664 0.9600046873092651 
vn 0.23220062255859375 -0.17273232340812683 0.9572073221206665 
vn 0.1371610462665558 -0.0740254744887352 0.9877786040306091 
vn 0.2533032298088074 -0.15243639051914215 0.95530104637146 
vn 0.27232465147972107 -0.1372659057378769 0.9523638486862183 
vn 0.1371610462665558 -0.0740254744887352 0.9877786040306091 
vn -0.19306956231594086 0.04617083817720413 -0.9800978899002075 
vn -0.31118303537368774 0.0791299119591713 -0.9470496773719788 
vn -0.3054763376712799 0.1071658730506897 -0.9461496472358704 
vn -0.40146809816360474 0.11599069833755493 -0.908498227596283 
vn -0.4060722887516022 0.1498076617717743 -0.9014778733253479 
vn -0.5235745310783386 0.19257350265979767 -0.8299304842948914 
vn -0.506451427936554 0.22852352261543274 -0.8314345479011536 
vn -0.5984736680984497 0.2700192630290985 -0.7542666792869568 
vn -0.5741312503814697 0.31528371572494507 -0.7556247711181641 
vn -0.6430733799934387 0.36416229605674744 -0.6736777424812317 
vn -0.6117526292800903 0.40994030237197876 -0.6765403747558594 
vn -0.672833263874054 0.468772292137146 -0.5723173022270203 
vn -0.6317975521087646 0.5168545246124268 -0.5776612162590027 
vn -0.6768206357955933 0.5684361457824707 -0.46775349974632263 
vn -0.6196946501731873 0.6279564499855042 -0.47079551219940186 
vn -0.650516927242279 0.6739924550056458 -0.35008713603019714 
vn -0.584465742111206 0.7291452288627625 -0.35601431131362915 
vn -0.5987347960472107 0.771475613117218 -0.21526995301246643 
vn -0.523989200592041 0.8205371499061584 -0.22837074100971222 
vn -0.5229306817054749 0.8462074995040894 -0.10234986245632172 
vn -0.44025132060050964 0.8905704021453857 -0.11429038643836975 
vn -0.4307708442211151 0.9024537205696106 0.003589724889025092 
vn -0.338276743888855 0.9409988522529602 -0.00944624561816454 
vn -0.3211676776409149 0.938712477684021 0.1251775175333023 
vn -0.22602538764476776 0.9677579998970032 0.11115877330303192 
vn -0.20514927804470062 0.9497665166854858 0.2363400012254715 
vn -0.11166030913591385 0.9686280488967896 0.2220158874988556 
vn -0.0838908702135086 0.9332646727561951 0.3492545783519745 
vn 0.007044040132313967 0.942112147808075 0.33522307872772217 
vn 0.03251662105321884 0.882272481918335 0.4696139991283417 
vn 0.11965722590684891 0.881824254989624 0.4561442732810974 
vn 0.1341758668422699 0.8194835782051086 0.5571740865707397 
vn 0.2290506511926651 0.8085547685623169 0.542009711265564 
vn 0.23398441076278687 0.7348795533180237 0.6365553736686707 
vn 0.3021126985549927 0.7245174646377563 0.6195173859596252 
vn 0.29584500193595886 0.6311361193656921 0.7170372009277344 
vn 0.30822017788887024 0.6271829009056091 0.7152911424636841 
vn 0.296781450510025 0.5285843014717102 0.7953105568885803 
vn 0.3146008849143982 0.7212164402008057 0.617148756980896 
vn 0.3007842004299164 0.7929728627204895 0.5298323631286621 
vn 0.22287006676197052 0.8738505840301514 0.43210357427597046 
vn 0.09799537807703018 0.9422081708908081 0.32037487626075745 
vn -0.012715517543256283 0.9784373641014099 0.2061503827571869 
vn -0.13284911215305328 0.98639315366745 0.09684514999389648 
vn -0.24689796566963196 0.9687679409980774 -0.023007184267044067 
vn -0.3504487872123718 0.9278427958488464 -0.1276421695947647 
vn -0.44448328018188477 0.8644716143608093 -0.2347821295261383 
vn -0.515735924243927 0.7747886776924133 -0.36567485332489014 
vn -0.5634379386901855 0.6732019186019897 -0.47889041900634766 
vn -0.5817476511001587 0.5675625205039978 -0.5826162695884705 
vn -0.5718986392021179 0.457920104265213 -0.6806176900863647 
vn -0.5469767451286316 0.3570150136947632 -0.7572028040885925 
vn -0.4890495538711548 0.264339417219162 -0.8312367796897888 
vn -0.3834076225757599 0.16566383838653564 -0.9085997939109802 
vn -0.3054763376712799 0.1071658730506897 -0.9461496472358704 
vn 0.3174443244934082 0.788791298866272 0.5263428688049316 
vn 0.29874223470687866 0.8575025200843811 0.4188578426837921 
vn 0.20952746272087097 0.9302541017532349 0.3012058734893799 
vn 0.0779094249010086 0.9784409999847412 0.19126588106155396 
vn -0.034118104726076126 0.996124267578125 0.0810665413737297 
vn -0.15348263084888458 0.987444281578064 -0.03736438974738121 
vn -0.2623444199562073 0.9545995593070984 -0.14111840724945068 
vn -0.36123669147491455 0.8986626863479614 -0.24882252514362335 
vn -0.43741369247436523 0.8169119954109192 -0.3759298622608185 
vn -0.4979099929332733 0.717917263507843 -0.4864974319934845 
vn -0.5270258188247681 0.6164683699607849 -0.5849869847297668 
vn -0.5298329591751099 0.5000690221786499 -0.6849871277809143 
vn -0.5155189633369446 0.3987695276737213 -0.7584341764450073 
vn -0.4645726680755615 0.29727450013160706 -0.8341459631919861 
vn -0.38165202736854553 0.19313815236091614 -0.9039020538330078 
vn -0.2976996600627899 0.12844419479370117 -0.945979118347168 
vn -0.19306956231594086 0.04617083817720413 -0.9800978899002075 
vn 0.3153705596923828 0.8529685139656067 0.4159153401851654 
vn 0.289541631937027 0.9131223559379578 0.2870062589645386 
vn 0.18928925693035126 0.9667068719863892 0.17218229174613953 
vn 0.060678865760564804 0.9960154294967651 0.06535052508115768 
vn -0.05890437215566635 0.9968820214271545 -0.05249599739909172 
vn -0.16829650104045868 0.9733336567878723 -0.1558753252029419 
vn -0.2717486023902893 0.9256627559661865 -0.26324978470802307 
vn -0.3621231019496918 0.8492419123649597 -0.38425809144973755 
vn -0.4276331067085266 0.7576141953468323 -0.49310240149497986 
vn -0.468790203332901 0.653590738773346 -0.594183623790741 
vn -0.48320287466049194 0.5414266586303711 -0.6880199313163757 
vn -0.4778357446193695 0.43575340509414673 -0.7627524733543396 
vn -0.44046643376350403 0.3282488286495209 -0.8356084227561951 
vn -0.35876521468162537 0.20883925259113312 -0.9097654223442078 
vn -0.2976996600627899 0.12844419479370117 -0.945979118347168 
vn 0.31031695008277893 0.9074152708053589 0.28337323665618896 
vn 0.2776647210121155 0.9478784799575806 0.15629473328590393 
vn 0.17195072770118713 0.9840214848518372 0.04619555175304413 
vn 0.03598242998123169 0.9970212578773499 -0.0682145431637764 
vn -0.0776108130812645 0.9822955131530762 -0.170503169298172 
vn -0.18540914356708527 0.9426588416099548 -0.2775195240974426 
vn -0.27972733974456787 0.8729712963104248 -0.3995911180973053 
vn -0.3551006019115448 0.7873361706733704 -0.5039886236190796 
vn -0.4057886600494385 0.6875110268592834 -0.6022154688835144 
vn -0.4330212473869324 0.5711241364479065 -0.6973586678504944 
vn -0.43839508295059204 0.46576106548309326 -0.768684446811676 
vn -0.41467493772506714 0.35250696539878845 -0.8389177322387695 
vn -0.3524419367313385 0.2365555465221405 -0.9054422378540039 
vn -0.28266653418540955 0.15707626938819885 -0.9462695717811584 
vn -0.19306956231594086 0.04617083817720413 -0.9800978899002075 
vn 0.29427698254585266 0.94334477186203 0.15330052375793457 
vn 0.2561275362968445 0.966140627861023 0.031150614842772484 
vn 0.14731185138225555 0.9852178692817688 -0.08743231743574142 
vn 0.01747463457286358 0.9822983145713806 -0.18650472164154053 
vn -0.0921454131603241 0.953717827796936 -0.2862357497215271 
vn -0.19670622050762177 0.8884295225143433 -0.4147276282310486 
vn -0.28201091289520264 0.8104861974716187 -0.5134016871452332 
vn -0.34526678919792175 0.7110093832015991 -0.6125813126564026 
vn -0.3825411796569824 0.5978174805641174 -0.7044684886932373 
vn -0.3984697759151459 0.4947223663330078 -0.7723153829574585 
vn -0.38378116488456726 0.37832462787628174 -0.8423668146133423 
vn -0.32823246717453003 0.24376514554023743 -0.9126015305519104 
vn -0.28266653418540955 0.15707626938819885 -0.9462695717811584 
vn 0.2768961489200592 0.9605094194412231 0.02737918496131897 
vn 0.23155103623867035 0.9674266576766968 -0.10231877863407135 
vn 0.12463661283254623 0.9707852005958557 -0.20503953099250793 
vn -0.005412504076957703 0.9535759091377258 -0.30110299587249756 
vn -0.11112842708826065 0.8991529941558838 -0.4232891798019409 
vn -0.20696336030960083 0.8234139680862427 -0.5283511281013489 
vn -0.2779048979282379 0.7348636388778687 -0.6186628341674805 
vn -0.3280944526195526 0.6211037039756775 -0.7117468118667603 
vn -0.35248279571533203 0.5171654224395752 -0.7799327969551086 
vn -0.3488866984844208 0.40258336067199707 -0.8462884426116943 
vn -0.3128759562969208 0.2719857394695282 -0.9100174903869629 
vn -0.25964975357055664 0.18281744420528412 -0.9482401013374329 
vn -0.19306956231594086 0.04617083817720413 -0.9800978899002075 
vn 0.2523074448108673 0.9618044495582581 -0.10617267340421677 
vn 0.20886561274528503 0.9528689980506897 -0.22003453969955444 
vn 0.10185615718364716 0.9419174790382385 -0.32002517580986023 
vn -0.03285450115799904 0.8985468745231628 -0.4376453459262848 
vn -0.12973304092884064 0.8331960439682007 -0.5375434756278992 
vn -0.21118275821208954 0.744670033454895 -0.6331411600112915 
vn -0.26907873153686523 0.6416746973991394 -0.7182267308235168 
vn -0.30699706077575684 0.5359800457954407 -0.7864334583282471 
vn -0.31270480155944824 0.4185664653778076 -0.8526530265808105 
vn -0.2884022891521454 0.2789228558540344 -0.9159834384918213 
vn -0.25964975357055664 0.18281744420528412 -0.9482401013374329 
vn 0.22546996176242828 0.9483578205108643 -0.22311466932296753 
vn 0.18186984956264496 0.9247243404388428 -0.3343765437602997 
vn 0.06610037386417389 0.8878515958786011 -0.455356627702713 
vn -0.051459893584251404 0.8314985036849976 -0.5531378984451294 
vn -0.14270715415477753 0.7525601387023926 -0.6428743004798889 
vn -0.21311123669147491 0.6524183750152588 -0.7272779941558838 
vn -0.25715872645378113 0.5527090430259705 -0.792705237865448 
vn -0.27618876099586487 0.4339352250099182 -0.8575659394264221 
vn -0.26897338032722473 0.3055379092693329 -0.9133999347686768 
vn -0.23726670444011688 0.19466114044189453 -0.951741099357605 
vn -0.19306956231594086 0.04617083817720413 -0.9800978899002075 
vn 0.1984655112028122 0.9201772809028625 -0.33746790885925293 
vn 0.14173467457294464 0.8713317513465881 -0.46977826952934265 
vn 0.034502800554037094 0.821355402469635 -0.5693718791007996 
vn -0.07473063468933105 0.7549945712089539 -0.6514583230018616 
vn -0.15304845571517944 0.6593298316001892 -0.7361112236976624 
vn -0.21019919216632843 0.560841977596283 -0.8007946014404297 
vn -0.23994947969913483 0.44736775755882263 -0.8615601062774658 
vn -0.2431199997663498 0.3039982318878174 -0.9211282730102539 
vn -0.23726670444011688 0.19466114044189453 -0.951741099357605 
vn 0.15852414071559906 0.8670352101325989 -0.4723552465438843 
vn 0.10606811195611954 0.8057066798210144 -0.5827398300170898 
vn 0.006796643137931824 0.7444808483123779 -0.6676087379455566 
vn -0.09421683847904205 0.660549521446228 -0.7448469400405884 
vn -0.1593657284975052 0.5656379461288452 -0.8091080188751221 
vn -0.20237956941127777 0.452594518661499 -0.8684470057487488 
vn -0.21721816062927246 0.32379212975502014 -0.9208552837371826 
vn -0.20808404684066772 0.21197648346424103 -0.9548646807670593 
vn -0.19306956231594086 0.04617083817720413 -0.9800978899002075 
vn 0.11858474463224411 0.8023818731307983 -0.5849106907844543 
vn 0.06556707620620728 0.7311478853225708 -0.6790605187416077 
vn -0.025740183889865875 0.6506555080413818 -0.7589362859725952 
vn -0.1091390922665596 0.5669368505477905 -0.8164990544319153 
vn -0.16510047018527985 0.45593956112861633 -0.8745629787445068 
vn -0.19448444247245789 0.3135785460472107 -0.9294320344924927 
vn -0.20808404684066772 0.21197648346424103 -0.9548646807670593 
vn 0.08217918127775192 0.7265821099281311 -0.6821469664573669 
vn 0.024584423750638962 0.6389496326446533 -0.7688552737236023 
vn -0.051070574671030045 0.5633261203765869 -0.8246544599533081 
vn -0.12361488491296768 0.4573783874511719 -0.8806383609771729 
vn -0.16499164700508118 0.3301491141319275 -0.9293970465660095 
vn -0.17746765911579132 0.22070707380771637 -0.9590584635734558 
vn -0.19306956231594086 0.04617083817720413 -0.9800978899002075 
vn 0.041214488446712494 0.6343926191329956 -0.7719111442565918 
vn -0.00564965233206749 0.5508913397789001 -0.8345575332641602 
vn -0.08183323591947556 0.4480019211769104 -0.890279233455658 
vn -0.1426292061805725 0.318122923374176 -0.9372588992118835 
vn -0.17746765911579132 0.22070707380771637 -0.9590584635734558 
vn 0.0029095332138240337 0.5491005778312683 -0.835750937461853 
vn -0.04564543440937996 0.4457285404205322 -0.8940033912658691 
vn -0.11232001334428787 0.32468530535697937 -0.9391289353370667 
vn -0.14140208065509796 0.21941156685352325 -0.9653307795524597 
vn -0.19306956231594086 0.04617083817720413 -0.9800978899002075 
vn -0.03352521359920502 0.44148924946784973 -0.8966397643089294 
vn -0.09037359058856964 0.3108290731906891 -0.946159303188324 
vn -0.14140208065509796 0.21941156685352325 -0.9653307795524597 
vn -0.0807008221745491 0.3228146433830261 -0.9430152177810669 
vn -0.12657293677330017 0.22201013565063477 -0.9667938947677612 
vn -0.19306956231594086 0.04617083817720413 -0.9800978899002075 
vn 0.1371610462665558 -0.0740254744887352 0.9877786040306091 
vn 0.23220062255859375 -0.17273232340812683 0.9572073221206665 
vn 0.2533032298088074 -0.15243639051914215 0.95530104637146 
vn -0.9258766770362854 0.32304343581199646 0.19594475626945496 
vn -0.9258766770362854 0.32304343581199646 0.19594475626945496 
vn -0.9258440732955933 0.3253558278083801 0.19223754107952118 
vn -0.9258440732955933 0.3253558278083801 0.19223754107952118 
vn -0.9178410768508911 0.34425798058509827 0.19761881232261658 
vn -0.9178410768508911 0.34425798058509827 0.19761881232261658 
vn -0.9108906388282776 0.3547784388065338 0.21073545515537262 
vn -0.9108906388282776 0.3547784388065338 0.21073545515537262 
vn -0.9174054265022278 0.33390799164772034 0.21649855375289917 
vn -0.9174054265022278 0.33390799164772034 0.21649855375289917 
vn -0.9219693541526794 0.31976965069770813 0.21844647824764252 
vn -0.9219693541526794 0.31976965069770813 0.21844647824764252 
vn -0.924734890460968 0.31107431650161743 0.21931037306785583 
vn -0.924734890460968 0.31107431650161743 0.21931037306785583 
vn -0.9293268918991089 0.2967783212661743 0.2197115123271942 
vn -0.9293268918991089 0.2967783212661743 0.2197115123271942 
vn -0.9337194561958313 0.2864546477794647 0.21473418176174164 
vn -0.9337194561958313 0.2864546477794647 0.21473418176174164 
vn -0.9377505779266357 0.2776173949241638 0.20868973433971405 
vn -0.9377505779266357 0.2776173949241638 0.20868973433971405 
vn -0.9421567916870117 0.27247166633605957 0.19518913328647614 
vn -0.9421567916870117 0.27247166633605957 0.19518913328647614 
vn -0.9460802674293518 0.2663114666938782 0.18441598117351532 
vn -0.9460802674293518 0.2663114666938782 0.18441598117351532 
vn -0.9488359093666077 0.26647838950157166 0.16940678656101227 
vn -0.9488359093666077 0.26647838950157166 0.16940678656101227 
vn -0.949807345867157 0.2676680088043213 0.1619221270084381 
vn -0.949807345867157 0.2676680088043213 0.1619221270084381 
vn -0.9496248364448547 0.27816906571388245 0.14433865249156952 
vn -0.9496248364448547 0.27816906571388245 0.14433865249156952 
vn -0.949073314666748 0.28625550866127014 0.1315925121307373 
vn -0.949073314666748 0.28625550866127014 0.1315925121307373 
vn -0.9474583864212036 0.2914552390575409 0.13181592524051666 
vn -0.9474583864212036 0.2914552390575409 0.13181592524051666 
vn -0.9446993470191956 0.3023734390735626 0.12693466246128082 
vn -0.9446993470191956 0.3023734390735626 0.12693466246128082 
vn -0.9399458765983582 0.3166106641292572 0.12750808894634247 
vn -0.9399458765983582 0.3166106641292572 0.12750808894634247 
vn -0.936881422996521 0.3251971900463104 0.1284482181072235 
vn -0.936881422996521 0.3251971900463104 0.1284482181072235 
vn -0.928957998752594 0.34618452191352844 0.1311192512512207 
vn -0.928957998752594 0.34618452191352844 0.1311192512512207 
vn -0.923872709274292 0.3594735860824585 0.13128946721553802 
vn -0.923872709274292 0.3594735860824585 0.13128946721553802 
vn -0.9258044958114624 0.34715643525123596 0.14955760538578033 
vn -0.9258044958114624 0.34715643525123596 0.14955760538578033 
vn -0.929385244846344 0.33412978053092957 0.1568417251110077 
vn -0.929385244846344 0.33412978053092957 0.1568417251110077 
vn -0.929385244846344 0.33412978053092957 0.1568417251110077 
vn -0.929385244846344 0.33412978053092957 0.1568417251110077 
vn 0.13976624608039856 -0.06694012135267258 0.9879190325737 
vn 0.278860867023468 -0.13159829378128052 0.9512717723846436 
vn 0.2873237729072571 -0.12064241617918015 0.9502052068710327 
vn 0.360892653465271 -0.157444566488266 0.9192209839820862 
vn 0.3754401206970215 -0.1527145653963089 0.9141786098480225 
vn 0.4764045476913452 -0.2034880518913269 0.8553541302680969 
vn -0.19306956231594086 0.04617083817720413 -0.9800978899002075 
vn -0.025659283623099327 -0.026793645694851875 -0.9993114471435547 
vn -0.04580915346741676 -0.057564035058021545 -0.9972900748252869 
vn 0.048926640301942825 -0.10409613698720932 -0.9933628439903259 
s on 
f 1//1 2//2 3//3 
f 2//2 4//4 3//3 
f 3//3 4//4 5//5 
f 4//4 6//6 5//5 
f 5//5 6//6 6//6 
f 6//6 2//2 6//6 
f 6//6 2//2 2//2 
f 2//2 7//7 2//2 
f 2//2 7//7 4//4 
f 7//7 8//8 4//4 
f 4//4 8//8 6//6 
f 8//8 9//9 6//6 
f 6//6 9//9 9//9 
f 9//9 7//7 9//9 
f 9//9 7//7 7//7 
f 7//7 10//10 7//7 
f 7//7 10//10 8//8 
f 10//10 11//11 8//8 
f 8//8 11//11 9//9 
f 11//11 12//12 9//9 
f 9//9 12//12 12//12 
f 12//12 10//10 12//12 
f 12//12 10//10 10//10 
f 10//10 13//13 10//10 
f 10//10 13//13 11//11 
f 13//13 14//14 11//11 
f 11//11 14//14 12//12 
f 14//14 15//15 12//12 
f 12//12 15//15 15//15 
f 15//15 13//13 15//15 
f 15//15 13//13 13//13 
f 13//13 16//16 13//13 
f 13//13 16//16 14//14 
f 16//16 17//17 14//14 
f 14//14 17//17 15//15 
f 17//17 18//18 15//15 
f 15//15 18//18 18//18 
f 18//18 16//16 18//18 
f 18//18 16//16 16//16 
f 16//16 19//19 16//16 
f 16//16 19//19 17//17 
f 19//19 20//20 17//17 
f 17//17 20//20 18//18 
f 20//20 21//21 18//18 
f 18//18 21//21 21//21 
f 21//21 19//19 21//21 
f 21//21 19//19 19//19 
f 19//19 22//22 19//19 
f 19//19 22//22 20//20 
f 22//22 23//23 20//20 
f 20//20 23//23 21//21 
f 23//23 24//24 21//21 
f 21//21 24//24 24//24 
f 24//24 22//22 24//24 
f 24//24 22//22 22//22 
f 22//22 25//25 22//22 
f 22//22 25//25 23//23 
f 25//25 26//26 23//23 
f 23//23 26//26 24//24 
f 26//26 27//27 24//24 
f 24//24 27//27 27//27 
f 27//27 25//25 27//27 
f 27//27 25//25 25//25 
f 25//25 28//28 25//25 
f 25//25 28//28 26//26 
f 28//28 29//29 26//26 
f 26//26 29//29 27//27 
f 29//29 30//30 27//27 
f 27//27 30//30 30//30 
f 30//30 28//28 30//30 
f 30//30 28//28 28//28 
f 28//28 31//31 28//28 
f 28//28 31//31 29//29 
f 31//31 32//32 29//29 
f 29//29 32//32 30//30 
f 32//32 33//33 30//30 
f 30//30 33//33 33//33 
f 33//33 31//31 33//33 
f 33//33 31//31 31//31 
f 31//31 34//34 31//31 
f 31//31 34//34 32//32 
f 34//34 35//35 32//32 
f 32//32 35//35 33//33 
f 35//35 36//36 33//33 
f 33//33 36//36 36//36 
f 36//36 34//34 36//36 
f 36//36 34//34 34//34 
f 34//34 37//37 34//34 
f 34//34 37//37 35//35 
f 37//37 38//38 35//35 
f 35//35 38//38 36//36 
f 38//38 39//39 36//36 
f 36//36 39//39 39//39 
f 39//39 37//37 39//39 
f 39//39 37//37 37//37 
f 37//37 40//40 37//37 
f 37//37 40//40 38//38 
f 40//40 41//41 38//38 
f 38//38 41//41 39//39 
f 41//41 42//42 39//39 
f 39//39 42//42 42//42 
f 42//42 40//40 42//42 
f 42//42 40//40 40//40 
f 40//40 43//43 40//40 
f 40//40 43//43 41//41 
f 43//43 44//44 41//41 
f 41//41 44//44 42//42 
f 44//44 45//45 42//42 
f 42//42 45//45 45//45 
f 45//45 43//43 45//45 
f 45//45 43//43 43//43 
f 43//43 46//46 43//43 
f 43//43 46//46 44//44 
f 46//46 47//47 44//44 
f 44//44 47//47 45//45 
f 47//47 48//48 45//45 
f 45//45 48//48 48//48 
f 48//48 46//46 48//48 
f 48//48 46//46 46//46 
f 46//46 49//49 46//46 
f 46//46 49//49 47//47 
f 49//49 50//50 47//47 
f 47//47 50//50 48//48 
f 50//50 51//51 48//48 
f 48//48 51//51 51//51 
f 51//51 49//49 51//51 
f 51//51 49//49 49//49 
f 49//49 52//52 49//49 
f 49//49 52//52 50//50 
f 52//52 53//53 50//50 
f 50//50 53//53 51//51 
f 53//53 54//54 51//51 
f 51//51 54//54 54//54 
f 54//54 52//52 54//54 
f 54//54 52//52 52//52 
f 52//52 55//55 52//52 
f 52//52 55//55 53//53 
f 55//55 56//56 53//53 
f 53//53 56//56 54//54 
f 56//56 57//57 54//54 
f 54//54 57//57 57//57 
f 57//57 55//55 57//57 
f 57//57 55//55 55//55 
f 55//55 58//58 55//55 
f 55//55 58//58 56//56 
f 58//58 59//59 56//56 
f 56//56 59//59 57//57 
f 59//59 60//60 57//57 
f 57//57 60//60 60//60 
f 60//60 58//58 60//60 
f 60//60 58//58 58//58 
f 58//58 61//61 58//58 
f 58//58 61//61 59//59 
f 61//61 62//62 59//59 
f 59//59 62//62 60//60 
f 62//62 63//63 60//60 
f 60//60 63//63 63//63 
f 63//63 61//61 63//63 
f 63//63 61//61 61//61 
f 61//61 64//64 61//61 
f 61//61 64//64 62//62 
f 64//64 65//65 62//62 
f 62//62 65//65 63//63 
f 65//65 66//66 63//63 
f 63//63 66//66 66//66 
f 66//66 64//64 66//66 
f 66//66 64//64 64//64 
f 64//64 67//67 64//64 
f 64//64 67//67 65//65 
f 67//67 68//68 65//65 
f 65//65 68//68 66//66 
f 68//68 69//69 66//66 
f 66//66 69//69 69//69 
f 69//69 67//67 69//69 
f 69//69 67//67 67//67 
f 67//67 64//64 67//67 
f 67//67 64//64 70//70 
f 64//64 71//71 70//70 
f 70//70 71//71 72//72 
f 71//71 73//73 72//72 
f 72//72 73//73 74//74 
f 73//73 75//75 74//74 
f 74//74 75//75 76//76 
f 75//75 77//77 76//76 
f 76//76 77//77 78//78 
f 77//77 79//79 78//78 
f 78//78 79//79 80//80 
f 79//79 81//81 80//80 
f 80//80 81//81 82//82 
f 81//81 83//83 82//82 
f 82//82 83//83 84//84 
f 83//83 85//85 84//84 
f 84//84 85//85 86//86 
f 85//85 87//87 86//86 
f 86//86 87//87 88//88 
f 87//87 89//89 88//88 
f 88//88 89//89 90//90 
f 89//89 91//91 90//90 
f 90//90 91//91 92//92 
f 91//91 93//93 92//92 
f 92//92 93//93 94//94 
f 93//93 95//95 94//94 
f 94//94 95//95 96//96 
f 95//95 97//97 96//96 
f 96//96 97//97 98//98 
f 97//97 99//99 98//98 
f 98//98 99//99 100//100 
f 99//99 101//101 100//100 
f 100//100 101//101 102//102 
f 101//101 103//103 102//102 
f 102//102 103//103 104//104 
f 103//103 105//105 104//104 
f 104//104 105//105 106//106 
f 105//105 107//107 106//106 
f 106//106 107//107 108//108 
f 107//107 109//109 108//108 
f 108//108 109//109 109//109 
f 109//109 64//64 109//109 
f 109//109 64//64 64//64 
f 64//64 61//61 64//64 
f 64//64 61//61 71//71 
f 61//61 110//110 71//71 
f 71//71 110//110 73//73 
f 110//110 111//111 73//73 
f 73//73 111//111 75//75 
f 111//111 112//112 75//75 
f 75//75 112//112 77//77 
f 112//112 113//113 77//77 
f 77//77 113//113 79//79 
f 113//113 114//114 79//79 
f 79//79 114//114 81//81 
f 114//114 115//115 81//81 
f 81//81 115//115 83//83 
f 115//115 116//116 83//83 
f 83//83 116//116 85//85 
f 116//116 117//117 85//85 
f 85//85 117//117 87//87 
f 117//117 118//118 87//87 
f 87//87 118//118 89//89 
f 118//118 119//119 89//89 
f 89//89 119//119 91//91 
f 119//119 120//120 91//91 
f 91//91 120//120 93//93 
f 120//120 121//121 93//93 
f 93//93 121//121 95//95 
f 121//121 122//122 95//95 
f 95//95 122//122 97//97 
f 122//122 123//123 97//97 
f 97//97 123//123 99//99 
f 123//123 124//124 99//99 
f 99//99 124//124 101//101 
f 124//124 125//125 101//101 
f 101//101 125//125 103//103 
f 125//125 126//126 103//103 
f 103//103 126//126 105//105 
f 126//126 127//127 105//105 
f 105//105 127//127 107//107 
f 127//127 128//128 107//107 
f 107//107 128//128 109//109 
f 128//128 129//129 109//109 
f 109//109 129//129 129//129 
f 129//129 61//61 129//129 
f 129//129 61//61 61//61 
f 61//61 58//58 61//61 
f 61//61 58//58 110//110 
f 58//58 130//130 110//110 
f 110//110 130//130 111//111 
f 130//130 131//131 111//111 
f 111//111 131//131 112//112 
f 131//131 132//132 112//112 
f 112//112 132//132 113//113 
f 132//132 133//133 113//113 
f 113//113 133//133 114//114 
f 133//133 134//134 114//114 
f 114//114 134//134 115//115 
f 134//134 135//135 115//115 
f 115//115 135//135 116//116 
f 135//135 136//136 116//116 
f 116//116 136//136 117//117 
f 136//136 137//137 117//117 
f 117//117 137//137 118//118 
f 137//137 138//138 118//118 
f 118//118 138//138 119//119 
f 138//138 139//139 119//119 
f 119//119 139//139 120//120 
f 139//139 140//140 120//120 
f 120//120 140//140 121//121 
f 140//140 141//141 121//121 
f 121//121 141//141 122//122 
f 141//141 142//142 122//122 
f 122//122 142//142 123//123 
f 142//142 143//143 123//123 
f 123//123 143//143 124//124 
f 143//143 144//144 124//124 
f 124//124 144//144 125//125 
f 144//144 145//145 125//125 
f 125//125 145//145 126//126 
f 145//145 146//146 126//126 
f 126//126 146//146 127//127 
f 146//146 147//147 127//127 
f 127//127 147//147 147//147 
f 147//147 58//58 147//147 
f 147//147 58//58 58//58 
f 58//58 55//55 58//58 
f 58//58 55//55 130//130 
f 55//55 148//148 130//130 
f 130//130 148//148 131//131 
f 148//148 149//149 131//131 
f 131//131 149//149 132//132 
f 149//149 150//150 132//132 
f 132//132 150//150 133//133 
f 150//150 151//151 133//133 
f 133//133 151//151 134//134 
f 151//151 152//152 134//134 
f 134//134 152//152 135//135 
f 152//152 153//153 135//135 
f 135//135 153//153 136//136 
f 153//153 154//154 136//136 
f 136//136 154//154 137//137 
f 154//154 155//155 137//137 
f 137//137 155//155 138//138 
f 155//155 156//156 138//138 
f 138//138 156//156 139//139 
f 156//156 157//157 139//139 
f 139//139 157//157 140//140 
f 157//157 158//158 140//140 
f 140//140 158//158 141//141 
f 158//158 159//159 141//141 
f 141//141 159//159 142//142 
f 159//159 160//160 142//142 
f 142//142 160//160 143//143 
f 160//160 161//161 143//143 
f 143//143 161//161 144//144 
f 161//161 162//162 144//144 
f 144//144 162//162 145//145 
f 162//162 163//163 145//145 
f 145//145 163//163 146//146 
f 163//163 164//164 146//146 
f 146//146 164//164 147//147 
f 164//164 165//165 147//147 
f 147//147 165//165 165//165 
f 165//165 55//55 165//165 
f 165//165 55//55 55//55 
f 55//55 52//52 55//55 
f 55//55 52//52 148//148 
f 52//52 166//166 148//148 
f 148//148 166//166 149//149 
f 166//166 167//167 149//149 
f 149//149 167//167 150//150 
f 167//167 168//168 150//150 
f 150//150 168//168 151//151 
f 168//168 169//169 151//151 
f 151//151 169//169 152//152 
f 169//169 170//170 152//152 
f 152//152 170//170 153//153 
f 170//170 171//171 153//153 
f 153//153 171//171 154//154 
f 171//171 172//172 154//154 
f 154//154 172//172 155//155 
f 172//172 173//173 155//155 
f 155//155 173//173 156//156 
f 173//173 174//174 156//156 
f 156//156 174//174 157//157 
f 174//174 175//175 157//157 
f 157//157 175//175 158//158 
f 175//175 176//176 158//158 
f 158//158 176//176 159//159 
f 176//176 177//177 159//159 
f 159//159 177//177 160//160 
f 177//177 178//178 160//160 
f 160//160 178//178 161//161 
f 178//178 179//179 161//161 
f 161//161 179//179 162//162 
f 179//179 180//180 162//162 
f 162//162 180//180 163//163 
f 180//180 181//181 163//163 
f 163//163 181//181 181//181 
f 181//181 52//52 181//181 
f 181//181 52//52 52//52 
f 52//52 49//49 52//52 
f 52//52 49//49 166//166 
f 49//49 182//182 166//166 
f 166//166 182//182 167//167 
f 182//182 183//183 167//167 
f 167//167 183//183 168//168 
f 183//183 184//184 168//168 
f 168//168 184//184 169//169 
f 184//184 185//185 169//169 
f 169//169 185//185 170//170 
f 185//185 186//186 170//170 
f 170//170 186//186 171//171 
f 186//186 187//187 171//171 
f 171//171 187//187 172//172 
f 187//187 188//188 172//172 
f 172//172 188//188 173//173 
f 188//188 189//189 173//173 
f 173//173 189//189 174//174 
f 189//189 190//190 174//174 
f 174//174 190//190 175//175 
f 190//190 191//191 175//175 
f 175//175 191//191 176//176 
f 191//191 192//192 176//176 
f 176//176 192//192 177//177 
f 192//192 193//193 177//177 
f 177//177 193//193 178//178 
f 193//193 194//194 178//178 
f 178//178 194//194 179//179 
f 194//194 195//195 179//179 
f 179//179 195//195 180//180 
f 195//195 196//196 180//180 
f 180//180 196//196 181//181 
f 196//196 197//197 181//181 
f 181//181 197//197 197//197 
f 197//197 49//49 197//197 
f 197//197 49//49 49//49 
f 49//49 46//46 49//49 
f 49//49 46//46 182//182 
f 46//46 198//198 182//182 
f 182//182 198//198 183//183 
f 198//198 199//199 183//183 
f 183//183 199//199 184//184 
f 199//199 200//200 184//184 
f 184//184 200//200 185//185 
f 200//200 201//201 185//185 
f 185//185 201//201 186//186 
f 201//201 202//202 186//186 
f 186//186 202//202 187//187 
f 202//202 203//203 187//187 
f 187//187 203//203 188//188 
f 203//203 204//204 188//188 
f 188//188 204//204 189//189 
f 204//204 205//205 189//189 
f 189//189 205//205 190//190 
f 205//205 206//206 190//190 
f 190//190 206//206 191//191 
f 206//206 207//207 191//191 
f 191//191 207//207 192//192 
f 207//207 208//208 192//192 
f 192//192 208//208 193//193 
f 208//208 209//209 193//193 
f 193//193 209//209 194//194 
f 209//209 210//210 194//194 
f 194//194 210//210 195//195 
f 210//210 211//211 195//195 
f 195//195 211//211 211//211 
f 211//211 46//46 211//211 
f 211//211 46//46 46//46 
f 46//46 43//43 46//46 
f 46//46 43//43 198//198 
f 43//43 212//212 198//198 
f 198//198 212//212 199//199 
f 212//212 213//213 199//199 
f 199//199 213//213 200//200 
f 213//213 214//214 200//200 
f 200//200 214//214 201//201 
f 214//214 215//215 201//201 
f 201//201 215//215 202//202 
f 215//215 216//216 202//202 
f 202//202 216//216 203//203 
f 216//216 217//217 203//203 
f 203//203 217//217 204//204 
f 217//217 218//218 204//204 
f 204//204 218//218 205//205 
f 218//218 219//219 205//205 
f 205//205 219//219 206//206 
f 219//219 220//220 206//206 
f 206//206 220//220 207//207 
f 220//220 221//221 207//207 
f 207//207 221//221 208//208 
f 221//221 222//222 208//208 
f 208//208 222//222 209//209 
f 222//222 223//223 209//209 
f 209//209 223//223 210//210 
f 223//223 224//224 210//210 
f 210//210 224//224 211//211 
f 224//224 225//225 211//211 
f 211//211 225//225 225//225 
f 225//225 43//43 225//225 
f 225//225 43//43 43//43 
f 43//43 40//40 43//43 
f 43//43 40//40 212//212 
f 40//40 226//226 212//212 
f 212//212 226//226 213//213 
f 226//226 227//227 213//213 
f 213//213 227//227 214//214 
f 227//227 228//228 214//214 
f 214//214 228//228 215//215 
f 228//228 229//229 215//215 
f 215//215 229//229 216//216 
f 229//229 230//230 216//216 
f 216//216 230//230 217//217 
f 230//230 231//231 217//217 
f 217//217 231//231 218//218 
f 231//231 232//232 218//218 
f 218//218 232//232 219//219 
f 232//232 233//233 219//219 
f 219//219 233//233 220//220 
f 233//233 234//234 220//220 
f 220//220 234//234 221//221 
f 234//234 235//235 221//221 
f 221//221 235//235 222//222 
f 235//235 236//236 222//222 
f 222//222 236//236 223//223 
f 236//236 237//237 223//223 
f 223//223 237//237 237//237 
f 237//237 40//40 237//237 
f 237//237 40//40 40//40 
f 40//40 37//37 40//40 
f 40//40 37//37 226//226 
f 37//37 238//238 226//226 
f 226//226 238//238 227//227 
f 238//238 239//239 227//227 
f 227//227 239//239 228//228 
f 239//239 240//240 228//228 
f 228//228 240//240 229//229 
f 240//240 241//241 229//229 
f 229//229 241//241 230//230 
f 241//241 242//242 230//230 
f 230//230 242//242 231//231 
f 242//242 243//243 231//231 
f 231//231 243//243 232//232 
f 243//243 244//244 232//232 
f 232//232 244//244 233//233 
f 244//244 245//245 233//233 
f 233//233 245//245 234//234 
f 245//245 246//246 234//234 
f 234//234 246//246 235//235 
f 246//246 247//247 235//235 
f 235//235 247//247 236//236 
f 247//247 248//248 236//236 
f 236//236 248//248 237//237 
f 248//248 249//249 237//237 
f 237//237 249//249 249//249 
f 249//249 37//37 249//249 
f 249//249 37//37 37//37 
f 37//37 34//34 37//37 
f 37//37 34//34 238//238 
f 34//34 250//250 238//238 
f 238//238 250//250 239//239 
f 250//250 251//251 239//239 
f 239//239 251//251 240//240 
f 251//251 252//252 240//240 
f 240//240 252//252 241//241 
f 252//252 253//253 241//241 
f 241//241 253//253 242//242 
f 253//253 254//254 242//242 
f 242//242 254//254 243//243 
f 254//254 255//255 243//243 
f 243//243 255//255 244//244 
f 255//255 256//256 244//244 
f 244//244 256//256 245//245 
f 256//256 257//257 245//245 
f 245//245 257//257 246//246 
f 257//257 258//258 246//246 
f 246//246 258//258 247//247 
f 258//258 259//259 247//247 
f 247//247 259//259 259//259 
f 259//259 34//34 259//259 
f 259//259 34//34 34//34 
f 34//34 31//31 34//34 
f 34//34 31//31 250//250 
f 31//31 260//260 250//250 
f 250//250 260//260 251//251 
f 260//260 261//261 251//251 
f 251//251 261//261 252//252 
f 261//261 262//262 252//252 
f 252//252 262//262 253//253 
f 262//262 263//263 253//253 
f 253//253 263//263 254//254 
f 263//263 264//264 254//254 
f 254//254 264//264 255//255 
f 264//264 265//265 255//255 
f 255//255 265//265 256//256 
f 265//265 266//266 256//256 
f 256//256 266//266 257//257 
f 266//266 267//267 257//257 
f 257//257 267//267 258//258 
f 267//267 268//268 258//258 
f 258//258 268//268 259//259 
f 268//268 269//269 259//259 
f 259//259 269//269 269//269 
f 269//269 31//31 269//269 
f 269//269 31//31 31//31 
f 31//31 28//28 31//31 
f 31//31 28//28 260//260 
f 28//28 270//270 260//260 
f 260//260 270//270 261//261 
f 270//270 271//271 261//261 
f 261//261 271//271 262//262 
f 271//271 272//272 262//262 
f 262//262 272//272 263//263 
f 272//272 273//273 263//263 
f 263//263 273//273 264//264 
f 273//273 274//274 264//264 
f 264//264 274//274 265//265 
f 274//274 275//275 265//265 
f 265//265 275//275 266//266 
f 275//275 276//276 266//266 
f 266//266 276//276 267//267 
f 276//276 277//277 267//267 
f 267//267 277//277 277//277 
f 277//277 28//28 277//277 
f 277//277 28//28 28//28 
f 28//28 25//25 28//28 
f 28//28 25//25 270//270 
f 25//25 278//278 270//270 
f 270//270 278//278 271//271 
f 278//278 279//279 271//271 
f 271//271 279//279 272//272 
f 279//279 280//280 272//272 
f 272//272 280//280 273//273 
f 280//280 281//281 273//273 
f 273//273 281//281 274//274 
f 281//281 282//282 274//274 
f 274//274 282//282 275//275 
f 282//282 283//283 275//275 
f 275//275 283//283 276//276 
f 283//283 284//284 276//276 
f 276//276 284//284 277//277 
f 284//284 285//285 277//277 
f 277//277 285//285 285//285 
f 285//285 25//25 285//285 
f 285//285 25//25 25//25 
f 25//25 22//22 25//25 
f 25//25 22//22 278//278 
f 22//22 286//286 278//278 
f 278//278 286//286 279//279 
f 286//286 287//287 279//279 
f 279//279 287//287 280//280 
f 287//287 288//288 280//280 
f 280//280 288//288 281//281 
f 288//288 289//289 281//281 
f 281//281 289//289 282//282 
f 289//289 290//290 282//282 
f 282//282 290//290 283//283 
f 290//290 291//291 283//283 
f 283//283 291//291 291//291 
f 291//291 22//22 291//291 
f 291//291 22//22 22//22 
f 22//22 19//19 22//22 
f 22//22 19//19 286//286 
f 19//19 292//292 286//286 
f 286//286 292//292 287//287 
f 292//292 293//293 287//287 
f 287//287 293//293 288//288 
f 293//293 294//294 288//288 
f 288//288 294//294 289//289 
f 294//294 295//295 289//289 
f 289//289 295//295 290//290 
f 295//295 296//296 290//290 
f 290//290 296//296 291//291 
f 296//296 297//297 291//291 
f 291//291 297//297 297//297 
f 297//297 19//19 297//297 
f 297//297 19//19 19//19 
f 19//19 16//16 19//19 
f 19//19 16//16 292//292 
f 16//16 298//298 292//292 
f 292//292 298//298 293//293 
f 298//298 299//299 293//293 
f 293//293 299//299 294//294 
f 299//299 300//300 294//294 
f 294//294 300//300 295//295 
f 300//300 301//301 295//295 
f 295//295 301//301 301//301 
f 301//301 16//16 301//301 
f 301//301 16//16 16//16 
f 16//16 13//13 16//16 
f 16//16 13//13 298//298 
f 13//13 302//302 298//298 
f 298//298 302//302 299//299 
f 302//302 303//303 299//299 
f 299//299 303//303 300//300 
f 303//303 304//304 300//300 
f 300//300 304//304 301//301 
f 304//304 305//305 301//301 
f 301//301 305//305 305//305 
f 305//305 13//13 305//305 
f 305//305 13//13 13//13 
f 13//13 10//10 13//13 
f 13//13 10//10 302//302 
f 10//10 306//306 302//302 
f 302//302 306//306 303//303 
f 306//306 307//307 303//303 
f 303//303 307//307 307//307 
f 307//307 10//10 307//307 
f 307//307 10//10 10//10 
f 10//10 7//7 10//10 
f 10//10 7//7 306//306 
f 7//7 308//308 306//306 
f 306//306 308//308 307//307 
f 308//308 309//309 307//307 
f 307//307 309//309 309//309 
f 309//309 310//310 309//309 
f 309//309 310//310 310//310 
f 310//310 311//311 310//310 
f 310//310 311//311 312//312 
f 311//311 313//313 312//312 
f 312//312 313//313 314//314 
f 313//313 315//315 314//314 
f 314//314 315//315 316//316 
f 315//315 317//317 316//316 
f 316//316 317//317 318//318 
f 317//317 319//319 318//318 
f 318//318 319//319 320//320 
f 319//319 321//321 320//320 
f 320//320 321//321 322//322 
f 321//321 323//323 322//322 
f 322//322 323//323 324//324 
f 323//323 325//325 324//324 
f 324//324 325//325 326//326 
f 325//325 327//327 326//326 
f 326//326 327//327 328//328 
f 327//327 329//329 328//328 
f 328//328 329//329 330//330 
f 329//329 331//331 330//330 
f 330//330 331//331 332//332 
f 331//331 333//333 332//332 
f 332//332 333//333 334//334 
f 333//333 335//335 334//334 
f 334//334 335//335 336//336 
f 335//335 337//337 336//336 
f 336//336 337//337 338//338 
f 337//337 339//339 338//338 
f 338//338 339//339 340//340 
f 339//339 341//341 340//340 
f 340//340 341//341 342//342 
f 341//341 343//343 342//342 
f 342//342 343//343 344//344 
f 343//343 345//345 344//344 
f 344//344 345//345 346//346 
f 345//345 347//347 346//346 
f 346//346 347//347 348//348 
f 347//347 349//349 348//348 
f 348//348 349//349 350//350 
f 349//349 351//351 350//350 
f 350//350 351//351 352//352 
f 351//351 353//353 352//352 
f 352//352 353//353 354//354 
f 353//353 355//355 354//354 
f 354//354 355//355 356//356 
f 355//355 357//357 356//356 
f 356//356 357//357 358//358 
f 357//357 359//359 358//358 
f 358//358 359//359 359//359 
f 359//359 360//360 359//359 
f 359//359 360//360 360//360 
f 360//360 361//361 360//360 
f 360//360 361//361 362//362 
f 361//361 363//363 362//362 
f 362//362 363//363 364//364 
f 363//363 365//365 364//364 
f 364//364 365//365 366//366 
f 365//365 367//367 366//366 
f 366//366 367//367 368//368 
f 367//367 369//369 368//368 
f 368//368 369//369 370//370 
f 369//369 371//371 370//370 
f 370//370 371//371 372//372 
f 371//371 373//373 372//372 
f 372//372 373//373 374//374 
f 373//373 375//375 374//374 
f 374//374 375//375 376//376 
f 375//375 377//377 376//376 
f 376//376 377//377 378//378 
f 377//377 379//379 378//378 
f 378//378 379//379 380//380 
f 379//379 381//381 380//380 
f 380//380 381//381 382//382 
f 381//381 383//383 382//382 
f 382//382 383//383 384//384 
f 383//383 385//385 384//384 
f 384//384 385//385 386//386 
f 385//385 387//387 386//386 
f 386//386 387//387 388//388 
f 387//387 389//389 388//388 
f 388//388 389//389 390//390 
f 389//389 391//391 390//390 
f 390//390 391//391 392//392 
f 391//391 393//393 392//392 
f 392//392 393//393 394//394 
f 393//393 395//395 394//394 
f 394//394 395//395 396//396 
f 395//395 397//397 396//396 
f 396//396 397//397 398//398 
f 397//397 399//399 398//398 
f 398//398 399//399 400//400 
f 399//399 401//401 400//400 
f 400//400 401//401 402//402 
f 401//401 403//403 402//402 
f 402//402 403//403 404//404 
f 403//403 405//405 404//404 
f 404//404 405//405 405//405 
f 405//405 361//361 405//405 
f 405//405 361//361 361//361 
f 361//361 406//406 361//361 
f 361//361 406//406 363//363 
f 406//406 407//407 363//363 
f 363//363 407//407 365//365 
f 407//407 408//408 365//365 
f 365//365 408//408 367//367 
f 408//408 409//409 367//367 
f 367//367 409//409 369//369 
f 409//409 410//410 369//369 
f 369//369 410//410 371//371 
f 410//410 411//411 371//371 
f 371//371 411//411 373//373 
f 411//411 412//412 373//373 
f 373//373 412//412 375//375 
f 412//412 413//413 375//375 
f 375//375 413//413 377//377 
f 413//413 414//414 377//377 
f 377//377 414//414 379//379 
f 414//414 415//415 379//379 
f 379//379 415//415 381//381 
f 415//415 416//416 381//381 
f 381//381 416//416 383//383 
f 416//416 417//417 383//383 
f 383//383 417//417 385//385 
f 417//417 418//418 385//385 
f 385//385 418//418 387//387 
f 418//418 419//419 387//387 
f 387//387 419//419 389//389 
f 419//419 420//420 389//389 
f 389//389 420//420 391//391 
f 420//420 421//421 391//391 
f 391//391 421//421 393//393 
f 421//421 422//422 393//393 
f 393//393 422//422 395//395 
f 422//422 423//423 395//395 
f 395//395 423//423 397//397 
f 423//423 424//424 397//397 
f 397//397 424//424 399//399 
f 424//424 425//425 399//399 
f 399//399 425//425 401//401 
f 425//425 426//426 401//401 
f 401//401 426//426 403//403 
f 426//426 427//427 403//403 
f 403//403 427//427 405//405 
f 427//427 428//428 405//405 
f 405//405 428//428 428//428 
f 428//428 406//406 428//428 
f 428//428 406//406 406//406 
f 406//406 429//429 406//406 
f 406//406 429//429 407//407 
f 429//429 430//430 407//407 
f 407//407 430//430 408//408 
f 430//430 431//431 408//408 
f 408//408 431//431 409//409 
f 431//431 432//432 409//409 
f 409//409 432//432 410//410 
f 432//432 433//433 410//410 
f 410//410 433//433 411//411 
f 433//433 434//434 411//411 
f 411//411 434//434 412//412 
f 434//434 435//435 412//412 
f 412//412 435//435 413//413 
f 435//435 436//436 413//413 
f 413//413 436//436 414//414 
f 436//436 437//437 414//414 
f 414//414 437//437 415//415 
f 437//437 438//438 415//415 
f 415//415 438//438 416//416 
f 438//438 439//439 416//416 
f 416//416 439//439 417//417 
f 439//439 440//440 417//417 
f 417//417 440//440 418//418 
f 440//440 441//441 418//418 
f 418//418 441//441 419//419 
f 441//441 442//442 419//419 
f 419//419 442//442 420//420 
f 442//442 443//443 420//420 
f 420//420 443//443 421//421 
f 443//443 444//444 421//421 
f 421//421 444//444 422//422 
f 444//444 445//445 422//422 
f 422//422 445//445 423//423 
f 445//445 446//446 423//423 
f 423//423 446//446 424//424 
f 446//446 447//447 424//424 
f 424//424 447//447 425//425 
f 447//447 448//448 425//425 
f 425//425 448//448 426//426 
f 448//448 449//449 426//426 
f 426//426 449//449 449//449 
f 449//449 429//429 449//449 
f 449//449 429//429 429//429 
f 429//429 450//450 429//429 
f 429//429 450//450 430//430 
f 450//450 451//451 430//430 
f 430//430 451//451 431//431 
f 451//451 452//452 431//431 
f 431//431 452//452 432//432 
f 452//452 453//453 432//432 
f 432//432 453//453 433//433 
f 453//453 454//454 433//433 
f 433//433 454//454 434//434 
f 454//454 455//455 434//434 
f 434//434 455//455 435//435 
f 455//455 456//456 435//435 
f 435//435 456//456 436//436 
f 456//456 457//457 436//436 
f 436//436 457//457 437//437 
f 457//457 458//458 437//437 
f 437//437 458//458 438//438 
f 458//458 459//459 438//438 
f 438//438 459//459 439//439 
f 459//459 460//460 439//439 
f 439//439 460//460 440//440 
f 460//460 461//461 440//440 
f 440//440 461//461 441//441 
f 461//461 462//462 441//441 
f 441//441 462//462 442//442 
f 462//462 463//463 442//442 
f 442//442 463//463 443//443 
f 463//463 464//464 443//443 
f 443//443 464//464 444//444 
f 464//464 465//465 444//444 
f 444//444 465//465 445//445 
f 465//465 466//466 445//445 
f 445//445 466//466 446//446 
f 466//466 467//467 446//446 
f 446//446 467//467 447//447 
f 467//467 468//468 447//447 
f 447//447 468//468 448//448 
f 468//468 469//469 448//448 
f 448//448 469//469 449//449 
f 469//469 470//470 449//449 
f 449//449 470//470 470//470 
f 470//470 450//450 470//470 
f 470//470 450//450 450//450 
f 450//450 471//471 450//450 
f 450//450 471//471 451//451 
f 471//471 472//472 451//451 
f 451//451 472//472 452//452 
f 472//472 473//473 452//452 
f 452//452 473//473 453//453 
f 473//473 474//474 453//453 
f 453//453 474//474 454//454 
f 474//474 475//475 454//454 
f 454//454 475//475 455//455 
f 475//475 476//476 455//455 
f 455//455 476//476 456//456 
f 476//476 477//477 456//456 
f 456//456 477//477 457//457 
f 477//477 478//478 457//457 
f 457//457 478//478 458//458 
f 478//478 479//479 458//458 
f 458//458 479//479 459//459 
f 479//479 480//480 459//459 
f 459//459 480//480 460//460 
f 480//480 481//481 460//460 
f 460//460 481//481 461//461 
f 481//481 482//482 461//461 
f 461//461 482//482 462//462 
f 482//482 483//483 462//462 
f 462//462 483//483 463//463 
f 483//483 484//484 463//463 
f 463//463 484//484 464//464 
f 484//484 485//485 464//464 
f 464//464 485//485 465//465 
f 485//485 486//486 465//465 
f 465//465 486//486 466//466 
f 486//486 487//487 466//466 
f 466//466 487//487 467//467 
f 487//487 488//488 467//467 
f 467//467 488//488 468//468 
f 488//488 489//489 468//468 
f 468//468 489//489 489//489 
f 489//489 471//471 489//489 
f 489//489 471//471 471//471 
f 471//471 490//490 471//471 
f 471//471 490//490 472//472 
f 490//490 491//491 472//472 
f 472//472 491//491 473//473 
f 491//491 492//492 473//473 
f 473//473 492//492 474//474 
f 492//492 493//493 474//474 
f 474//474 493//493 475//475 
f 493//493 494//494 475//475 
f 475//475 494//494 476//476 
f 494//494 495//495 476//476 
f 476//476 495//495 477//477 
f 495//495 496//496 477//477 
f 477//477 496//496 478//478 
f 496//496 497//497 478//478 
f 478//478 497//497 479//479 
f 497//497 498//498 479//479 
f 479//479 498//498 480//480 
f 498//498 499//499 480//480 
f 480//480 499//499 481//481 
f 499//499 500//500 481//481 
f 481//481 500//500 482//482 
f 500//500 501//501 482//482 
f 482//482 501//501 483//483 
f 501//501 502//502 483//483 
f 483//483 502//502 484//484 
f 502//502 503//503 484//484 
f 484//484 503//503 485//485 
f 503//503 504//504 485//485 
f 485//485 504//504 486//486 
f 504//504 505//505 486//486 
f 486//486 505//505 487//487 
f 505//505 506//506 487//487 
f 487//487 506//506 488//488 
f 506//506 507//507 488//488 
f 488//488 507//507 489//489 
f 507//507 508//508 489//489 
f 489//489 508//508 508//508 
f 508//508 490//490 508//508 
f 508//508 490//490 490//490 
f 490//490 509//509 490//490 
f 490//490 509//509 491//491 
f 509//509 510//510 491//491 
f 491//491 510//510 492//492 
f 510//510 511//511 492//492 
f 492//492 511//511 493//493 
f 511//511 512//512 493//493 
f 493//493 512//512 494//494 
f 512//512 513//513 494//494 
f 494//494 513//513 495//495 
f 513//513 514//514 495//495 
f 495//495 514//514 496//496 
f 514//514 515//515 496//496 
f 496//496 515//515 497//497 
f 515//515 516//516 497//497 
f 497//497 516//516 498//498 
f 516//516 517//517 498//498 
f 498//498 517//517 499//499 
f 517//517 518//518 499//499 
f 499//499 518//518 500//500 
f 518//518 519//519 500//500 
f 500//500 519//519 501//501 
f 519//519 520//520 501//501 
f 501//501 520//520 502//502 
f 520//520 521//521 502//502 
f 502//502 521//521 503//503 
f 521//521 522//522 503//503 
f 503//503 522//522 504//504 
f 522//522 523//523 504//504 
f 504//504 523//523 505//505 
f 523//523 524//524 505//505 
f 505//505 524//524 506//506 
f 524//524 525//525 506//506 
f 506//506 525//525 525//525 
f 525//525 509//509 525//525 
f 525//525 509//509 509//509 
f 509//509 526//526 509//509 
f 509//509 526//526 510//510 
f 526//526 527//527 510//510 
f 510//510 527//527 511//511 
f 527//527 528//528 511//511 
f 511//511 528//528 512//512 
f 528//528 529//529 512//512 
f 512//512 529//529 513//513 
f 529//529 530//530 513//513 
f 513//513 530//530 514//514 
f 530//530 531//531 514//514 
f 514//514 531//531 515//515 
f 531//531 532//532 515//515 
f 515//515 532//532 516//516 
f 532//532 533//533 516//516 
f 516//516 533//533 517//517 
f 533//533 534//534 517//517 
f 517//517 534//534 518//518 
f 534//534 535//535 518//518 
f 518//518 535//535 519//519 
f 535//535 536//536 519//519 
f 519//519 536//536 520//520 
f 536//536 537//537 520//520 
f 520//520 537//537 521//521 
f 537//537 538//538 521//521 
f 521//521 538//538 522//522 
f 538//538 539//539 522//522 
f 522//522 539//539 523//523 
f 539//539 540//540 523//523 
f 523//523 540//540 524//524 
f 540//540 541//541 524//524 
f 524//524 541//541 525//525 
f 541//541 542//542 525//525 
f 525//525 542//542 542//542 
f 542//542 526//526 542//542 
f 542//542 526//526 526//526 
f 526//526 543//543 526//526 
f 526//526 543//543 527//527 
f 543//543 544//544 527//527 
f 527//527 544//544 528//528 
f 544//544 545//545 528//528 
f 528//528 545//545 529//529 
f 545//545 546//546 529//529 
f 529//529 546//546 530//530 
f 546//546 547//547 530//530 
f 530//530 547//547 531//531 
f 547//547 548//548 531//531 
f 531//531 548//548 532//532 
f 548//548 549//549 532//532 
f 532//532 549//549 533//533 
f 549//549 550//550 533//533 
f 533//533 550//550 534//534 
f 550//550 551//551 534//534 
f 534//534 551//551 535//535 
f 551//551 552//552 535//535 
f 535//535 552//552 536//536 
f 552//552 553//553 536//536 
f 536//536 553//553 537//537 
f 553//553 554//554 537//537 
f 537//537 554//554 538//538 
f 554//554 555//555 538//538 
f 538//538 555//555 539//539 
f 555//555 556//556 539//539 
f 539//539 556//556 540//540 
f 556//556 557//557 540//540 
f 540//540 557//557 557//557 
f 557//557 543//543 557//557 
f 557//557 543//543 543//543 
f 543//543 558//558 543//543 
f 543//543 558//558 544//544 
f 558//558 559//559 544//544 
f 544//544 559//559 545//545 
f 559//559 560//560 545//545 
f 545//545 560//560 546//546 
f 560//560 561//561 546//546 
f 546//546 561//561 547//547 
f 561//561 562//562 547//547 
f 547//547 562//562 548//548 
f 562//562 563//563 548//548 
f 548//548 563//563 549//549 
f 563//563 564//564 549//549 
f 549//549 564//564 550//550 
f 564//564 565//565 550//550 
f 550//550 565//565 551//551 
f 565//565 566//566 551//551 
f 551//551 566//566 552//552 
f 566//566 567//567 552//552 
f 552//552 567//567 553//553 
f 567//567 568//568 553//553 
f 553//553 568//568 554//554 
f 568//568 569//569 554//554 
f 554//554 569//569 555//555 
f 569//569 570//570 555//555 
f 555//555 570//570 556//556 
f 570//570 571//571 556//556 
f 556//556 571//571 557//557 
f 571//571 572//572 557//557 
f 557//557 572//572 572//572 
f 572//572 558//558 572//572 
f 572//572 558//558 558//558 
f 558//558 573//573 558//558 
f 558//558 573//573 559//559 
f 573//573 574//574 559//559 
f 559//559 574//574 560//560 
f 574//574 575//575 560//560 
f 560//560 575//575 561//561 
f 575//575 576//576 561//561 
f 561//561 576//576 562//562 
f 576//576 577//577 562//562 
f 562//562 577//577 563//563 
f 577//577 578//578 563//563 
f 563//563 578//578 564//564 
f 578//578 579//579 564//564 
f 564//564 579//579 565//565 
f 579//579 580//580 565//565 
f 565//565 580//580 566//566 
f 580//580 581//581 566//566 
f 566//566 581//581 567//567 
f 581//581 582//582 567//567 
f 567//567 582//582 568//568 
f 582//582 583//583 568//568 
f 568//568 583//583 569//569 
f 583//583 584//584 569//569 
f 569//569 584//584 570//570 
f 584//584 585//585 570//570 
f 570//570 585//585 585//585 
f 585//585 573//573 585//585 
f 585//585 573//573 573//573 
f 573//573 586//586 573//573 
f 573//573 586//586 574//574 
f 586//586 587//587 574//574 
f 574//574 587//587 575//575 
f 587//587 588//588 575//575 
f 575//575 588//588 576//576 
f 588//588 589//589 576//576 
f 576//576 589//589 577//577 
f 589//589 590//590 577//577 
f 577//577 590//590 578//578 
f 590//590 591//591 578//578 
f 578//578 591//591 579//579 
f 591//591 592//592 579//579 
f 579//579 592//592 580//580 
f 592//592 593//593 580//580 
f 580//580 593//593 581//581 
f 593//593 594//594 581//581 
f 581//581 594//594 582//582 
f 594//594 595//595 582//582 
f 582//582 595//595 583//583 
f 595//595 596//596 583//583 
f 583//583 596//596 584//584 
f 596//596 597//597 584//584 
f 584//584 597//597 585//585 
f 597//597 598//598 585//585 
f 585//585 598//598 598//598 
f 598//598 586//586 598//598 
f 598//598 586//586 586//586 
f 586//586 599//599 586//586 
f 586//586 599//599 587//587 
f 599//599 600//600 587//587 
f 587//587 600//600 588//588 
f 600//600 601//601 588//588 
f 588//588 601//601 589//589 
f 601//601 602//602 589//589 
f 589//589 602//602 590//590 
f 602//602 603//603 590//590 
f 590//590 603//603 591//591 
f 603//603 604//604 591//591 
f 591//591 604//604 592//592 
f 604//604 605//605 592//592 
f 592//592 605//605 593//593 
f 605//605 606//606 593//593 
f 593//593 606//606 594//594 
f 606//606 607//607 594//594 
f 594//594 607//607 595//595 
f 607//607 608//608 595//595 
f 595//595 608//608 596//596 
f 608//608 609//609 596//596 
f 596//596 609//609 609//609 
f 609//609 599//599 609//609 
f 609//609 599//599 599//599 
f 599//599 610//610 599//599 
f 599//599 610//610 600//600 
f 610//610 611//611 600//600 
f 600//600 611//611 601//601 
f 611//611 612//612 601//601 
f 601//601 612//612 602//602 
f 612//612 613//613 602//602 
f 602//602 613//613 603//603 
f 613//613 614//614 603//603 
f 603//603 614//614 604//604 
f 614//614 615//615 604//604 
f 604//604 615//615 605//605 
f 615//615 616//616 605//605 
f 605//605 616//616 606//606 
f 616//616 617//617 606//606 
f 606//606 617//617 607//607 
f 617//617 618//618 607//607 
f 607//607 618//618 608//608 
f 618//618 619//619 608//608 
f 608//608 619//619 609//609 
f 619//619 620//620 609//609 
f 609//609 620//620 620//620 
f 620//620 610//610 620//620 
f 620//620 610//610 610//610 
f 610//610 621//621 610//610 
f 610//610 621//621 611//611 
f 621//621 622//622 611//611 
f 611//611 622//622 612//612 
f 622//622 623//623 612//612 
f 612//612 623//623 613//613 
f 623//623 624//624 613//613 
f 613//613 624//624 614//614 
f 624//624 625//625 614//614 
f 614//614 625//625 615//615 
f 625//625 626//626 615//615 
f 615//615 626//626 616//616 
f 626//626 627//627 616//616 
f 616//616 627//627 617//617 
f 627//627 628//628 617//617 
f 617//617 628//628 618//618 
f 628//628 629//629 618//618 
f 618//618 629//629 629//629 
f 629//629 621//621 629//629 
f 629//629 621//621 621//621 
f 621//621 630//630 621//621 
f 621//621 630//630 622//622 
f 630//630 631//631 622//622 
f 622//622 631//631 623//623 
f 631//631 632//632 623//623 
f 623//623 632//632 624//624 
f 632//632 633//633 624//624 
f 624//624 633//633 625//625 
f 633//633 634//634 625//625 
f 625//625 634//634 626//626 
f 634//634 635//635 626//626 
f 626//626 635//635 627//627 
f 635//635 636//636 627//627 
f 627//627 636//636 628//628 
f 636//636 637//637 628//628 
f 628//628 637//637 629//629 
f 637//637 638//638 629//629 
f 629//629 638//638 638//638 
f 638//638 630//630 638//638 
f 638//638 630//630 630//630 
f 630//630 639//639 630//630 
f 630//630 639//639 631//631 
f 639//639 640//640 631//631 
f 631//631 640//640 632//632 
f 640//640 641//641 632//632 
f 632//632 641//641 633//633 
f 641//641 642//642 633//633 
f 633//633 642//642 634//634 
f 642//642 643//643 634//634 
f 634//634 643//643 635//635 
f 643//643 644//644 635//635 
f 635//635 644//644 636//636 
f 644//644 645//645 636//636 
f 636//636 645//645 645//645 
f 645//645 639//639 645//645 
f 645//645 639//639 639//639 
f 639//639 646//646 639//639 
f 639//639 646//646 640//640 
f 646//646 647//647 640//640 
f 640//640 647//647 641//641 
f 647//647 648//648 641//641 
f 641//641 648//648 642//642 
f 648//648 649//649 642//642 
f 642//642 649//649 643//643 
f 649//649 650//650 643//643 
f 643//643 650//650 644//644 
f 650//650 651//651 644//644 
f 644//644 651//651 645//645 
f 651//651 652//652 645//645 
f 645//645 652//652 652//652 
f 652//652 646//646 652//652 
f 652//652 646//646 646//646 
f 646//646 653//653 646//646 
f 646//646 653//653 647//647 
f 653//653 654//654 647//647 
f 647//647 654//654 648//648 
f 654//654 655//655 648//648 
f 648//648 655//655 649//649 
f 655//655 656//656 649//649 
f 649//649 656//656 650//650 
f 656//656 657//657 650//650 
f 650//650 657//657 657//657 
f 657//657 653//653 657//657 
f 657//657 653//653 653//653 
f 653//653 658//658 653//653 
f 653//653 658//658 654//654 
f 658//658 659//659 654//654 
f 654//654 659//659 655//655 
f 659//659 660//660 655//655 
f 655//655 660//660 656//656 
f 660//660 661//661 656//656 
f 656//656 661//661 657//657 
f 661//661 662//662 657//657 
f 657//657 662//662 662//662 
f 662//662 658//658 662//662 
f 662//662 658//658 658//658 
f 658//658 663//663 658//658 
f 658//658 663//663 659//659 
f 663//663 664//664 659//659 
f 659//659 664//664 660//660 
f 664//664 665//665 660//660 
f 660//660 665//665 665//665 
f 665//665 663//663 665//665 
f 665//665 663//663 663//663 
f 663//663 666//666 663//663 
f 663//663 666//666 664//664 
f 666//666 667//667 664//664 
f 664//664 667//667 665//665 
f 667//667 668//668 665//665 
f 665//665 668//668 668//668 
f 668//668 666//666 668//668 
f 668//668 666//666 666//666 
f 666//666 663//663 666//666 
f 666//666 663//663 669//669 
f 663//663 670//670 669//669 
f 669//669 670//670 671//671 
f 670//670 672//672 671//671 
f 671//671 672//672 673//673 
f 672//672 674//674 673//673 
f 673//673 674//674 675//675 
f 674//674 676//676 675//675 
f 675//675 676//676 677//677 
f 676//676 678//678 677//677 
f 677//677 678//678 679//679 
f 678//678 680//680 679//679 
f 679//679 680//680 681//681 
f 680//680 682//682 681//681 
f 681//681 682//682 683//683 
f 682//682 684//684 683//683 
f 683//683 684//684 685//685 
f 684//684 686//686 685//685 
f 685//685 686//686 687//687 
f 686//686 688//688 687//687 
f 687//687 688//688 689//689 
f 688//688 690//690 689//689 
f 689//689 690//690 691//691 
f 690//690 692//692 691//691 
f 691//691 692//692 693//693 
f 692//692 694//694 693//693 
f 693//693 694//694 695//695 
f 694//694 696//696 695//695 
f 695//695 696//696 697//697 
f 696//696 698//698 697//697 
f 697//697 698//698 699//699 
f 698//698 700//700 699//699 
f 699//699 700//700 701//701 
f 700//700 702//702 701//701 
f 701//701 702//702 703//703 
f 702//702 704//704 703//703 
f 703//703 704//704 704//704 
f 704//704 663//663 704//704 
f 704//704 663//663 663//663 
f 663//663 658//658 663//663 
f 663//663 658//658 670//670 
f 658//658 705//705 670//670 
f 670//670 705//705 672//672 
f 705//705 706//706 672//672 
f 672//672 706//706 674//674 
f 706//706 707//707 674//674 
f 674//674 707//707 676//676 
f 707//707 708//708 676//676 
f 676//676 708//708 678//678 
f 708//708 709//709 678//678 
f 678//678 709//709 680//680 
f 709//709 710//710 680//680 
f 680//680 710//710 682//682 
f 710//710 711//711 682//682 
f 682//682 711//711 684//684 
f 711//711 712//712 684//684 
f 684//684 712//712 686//686 
f 712//712 713//713 686//686 
f 686//686 713//713 688//688 
f 713//713 714//714 688//688 
f 688//688 714//714 690//690 
f 714//714 715//715 690//690 
f 690//690 715//715 692//692 
f 715//715 716//716 692//692 
f 692//692 716//716 694//694 
f 716//716 717//717 694//694 
f 694//694 717//717 696//696 
f 717//717 718//718 696//696 
f 696//696 718//718 698//698 
f 718//718 719//719 698//698 
f 698//698 719//719 700//700 
f 719//719 720//720 700//700 
f 700//700 720//720 702//702 
f 720//720 721//721 702//702 
f 702//702 721//721 704//704 
f 721//721 722//722 704//704 
f 704//704 722//722 722//722 
f 722//722 658//658 722//722 
f 722//722 658//658 658//658 
f 658//658 653//653 658//658 
f 658//658 653//653 705//705 
f 653//653 723//723 705//705 
f 705//705 723//723 706//706 
f 723//723 724//724 706//706 
f 706//706 724//724 707//707 
f 724//724 725//725 707//707 
f 707//707 725//725 708//708 
f 725//725 726//726 708//708 
f 708//708 726//726 709//709 
f 726//726 727//727 709//709 
f 709//709 727//727 710//710 
f 727//727 728//728 710//710 
f 710//710 728//728 711//711 
f 728//728 729//729 711//711 
f 711//711 729//729 712//712 
f 729//729 730//730 712//712 
f 712//712 730//730 713//713 
f 730//730 731//731 713//713 
f 713//713 731//731 714//714 
f 731//731 732//732 714//714 
f 714//714 732//732 715//715 
f 732//732 733//733 715//715 
f 715//715 733//733 716//716 
f 733//733 734//734 716//716 
f 716//716 734//734 717//717 
f 734//734 735//735 717//717 
f 717//717 735//735 718//718 
f 735//735 736//736 718//718 
f 718//718 736//736 719//719 
f 736//736 737//737 719//719 
f 719//719 737//737 720//720 
f 737//737 738//738 720//720 
f 720//720 738//738 721//721 
f 738//738 739//739 721//721 
f 721//721 739//739 722//722 
f 739//739 740//740 722//722 
f 722//722 740//740 740//740 
f 740//740 653//653 740//740 
f 740//740 653//653 653//653 
f 653//653 646//646 653//653 
f 653//653 646//646 723//723 
f 646//646 741//741 723//723 
f 723//723 741//741 724//724 
f 741//741 742//742 724//724 
f 724//724 742//742 725//725 
f 742//742 743//743 725//725 
f 725//725 743//743 726//726 
f 743//743 744//744 726//726 
f 726//726 744//744 727//727 
f 744//744 745//745 727//727 
f 727//727 745//745 728//728 
f 745//745 746//746 728//728 
f 728//728 746//746 729//729 
f 746//746 747//747 729//729 
f 729//729 747//747 730//730 
f 747//747 748//748 730//730 
f 730//730 748//748 731//731 
f 748//748 749//749 731//731 
f 731//731 749//749 732//732 
f 749//749 750//750 732//732 
f 732//732 750//750 733//733 
f 750//750 751//751 733//733 
f 733//733 751//751 734//734 
f 751//751 752//752 734//734 
f 734//734 752//752 735//735 
f 752//752 753//753 735//735 
f 735//735 753//753 736//736 
f 753//753 754//754 736//736 
f 736//736 754//754 737//737 
f 754//754 755//755 737//737 
f 737//737 755//755 738//738 
f 755//755 756//756 738//738 
f 738//738 756//756 739//739 
f 756//756 757//757 739//739 
f 739//739 757//757 740//740 
f 757//757 758//758 740//740 
f 740//740 758//758 758//758 
f 758//758 646//646 758//758 
f 758//758 646//646 646//646 
f 646//646 639//639 646//646 
f 646//646 639//639 741//741 
f 639//639 759//759 741//741 
f 741//741 759//759 742//742 
f 759//759 760//760 742//742 
f 742//742 760//760 743//743 
f 760//760 761//761 743//743 
f 743//743 761//761 744//744 
f 761//761 762//762 744//744 
f 744//744 762//762 745//745 
f 762//762 763//763 745//745 
f 745//745 763//763 746//746 
f 763//763 764//764 746//746 
f 746//746 764//764 747//747 
f 764//764 765//765 747//747 
f 747//747 765//765 748//748 
f 765//765 766//766 748//748 
f 748//748 766//766 749//749 
f 766//766 767//767 749//749 
f 749//749 767//767 750//750 
f 767//767 768//768 750//750 
f 750//750 768//768 751//751 
f 768//768 769//769 751//751 
f 751//751 769//769 752//752 
f 769//769 770//770 752//752 
f 752//752 770//770 753//753 
f 770//770 771//771 753//753 
f 753//753 771//771 754//754 
f 771//771 772//772 754//754 
f 754//754 772//772 755//755 
f 772//772 773//773 755//755 
f 755//755 773//773 756//756 
f 773//773 774//774 756//756 
f 756//756 774//774 774//774 
f 774//774 639//639 774//774 
f 774//774 639//639 639//639 
f 639//639 630//630 639//639 
f 639//639 630//630 759//759 
f 630//630 775//775 759//759 
f 759//759 775//775 760//760 
f 775//775 776//776 760//760 
f 760//760 776//776 761//761 
f 776//776 777//777 761//761 
f 761//761 777//777 762//762 
f 777//777 778//778 762//762 
f 762//762 778//778 763//763 
f 778//778 779//779 763//763 
f 763//763 779//779 764//764 
f 779//779 780//780 764//764 
f 764//764 780//780 765//765 
f 780//780 781//781 765//765 
f 765//765 781//781 766//766 
f 781//781 782//782 766//766 
f 766//766 782//782 767//767 
f 782//782 783//783 767//767 
f 767//767 783//783 768//768 
f 783//783 784//784 768//768 
f 768//768 784//784 769//769 
f 784//784 785//785 769//769 
f 769//769 785//785 770//770 
f 785//785 786//786 770//770 
f 770//770 786//786 771//771 
f 786//786 787//787 771//771 
f 771//771 787//787 772//772 
f 787//787 788//788 772//772 
f 772//772 788//788 773//773 
f 788//788 789//789 773//773 
f 773//773 789//789 774//774 
f 789//789 790//790 774//774 
f 774//774 790//790 790//790 
f 790//790 630//630 790//790 
f 790//790 630//630 630//630 
f 630//630 621//621 630//630 
f 630//630 621//621 775//775 
f 621//621 791//791 775//775 
f 775//775 791//791 776//776 
f 791//791 792//792 776//776 
f 776//776 792//792 777//777 
f 792//792 793//793 777//777 
f 777//777 793//793 778//778 
f 793//793 794//794 778//778 
f 778//778 794//794 779//779 
f 794//794 795//795 779//779 
f 779//779 795//795 780//780 
f 795//795 796//796 780//780 
f 780//780 796//796 781//781 
f 796//796 797//797 781//781 
f 781//781 797//797 782//782 
f 797//797 798//798 782//782 
f 782//782 798//798 783//783 
f 798//798 799//799 783//783 
f 783//783 799//799 784//784 
f 799//799 800//800 784//784 
f 784//784 800//800 785//785 
f 800//800 801//801 785//785 
f 785//785 801//801 786//786 
f 801//801 802//802 786//786 
f 786//786 802//802 787//787 
f 802//802 803//803 787//787 
f 787//787 803//803 788//788 
f 803//803 804//804 788//788 
f 788//788 804//804 804//804 
f 804//804 621//621 804//804 
f 804//804 621//621 621//621 
f 621//621 610//610 621//621 
f 621//621 610//610 791//791 
f 610//610 805//805 791//791 
f 791//791 805//805 792//792 
f 805//805 806//806 792//792 
f 792//792 806//806 793//793 
f 806//806 807//807 793//793 
f 793//793 807//807 794//794 
f 807//807 808//808 794//794 
f 794//794 808//808 795//795 
f 808//808 809//809 795//795 
f 795//795 809//809 796//796 
f 809//809 810//810 796//796 
f 796//796 810//810 797//797 
f 810//810 811//811 797//797 
f 797//797 811//811 798//798 
f 811//811 812//812 798//798 
f 798//798 812//812 799//799 
f 812//812 813//813 799//799 
f 799//799 813//813 800//800 
f 813//813 814//814 800//800 
f 800//800 814//814 801//801 
f 814//814 815//815 801//801 
f 801//801 815//815 802//802 
f 815//815 816//816 802//802 
f 802//802 816//816 803//803 
f 816//816 817//817 803//803 
f 803//803 817//817 804//804 
f 817//817 818//818 804//804 
f 804//804 818//818 818//818 
f 818//818 610//610 818//818 
f 818//818 610//610 610//610 
f 610//610 599//599 610//610 
f 610//610 599//599 805//805 
f 599//599 819//819 805//805 
f 805//805 819//819 806//806 
f 819//819 820//820 806//806 
f 806//806 820//820 807//807 
f 820//820 821//821 807//807 
f 807//807 821//821 808//808 
f 821//821 822//822 808//808 
f 808//808 822//822 809//809 
f 822//822 823//823 809//809 
f 809//809 823//823 810//810 
f 823//823 824//824 810//810 
f 810//810 824//824 811//811 
f 824//824 825//825 811//811 
f 811//811 825//825 812//812 
f 825//825 826//826 812//812 
f 812//812 826//826 813//813 
f 826//826 827//827 813//813 
f 813//813 827//827 814//814 
f 827//827 828//828 814//814 
f 814//814 828//828 815//815 
f 828//828 829//829 815//815 
f 815//815 829//829 816//816 
f 829//829 830//830 816//816 
f 816//816 830//830 830//830 
f 830//830 599//599 830//830 
f 830//830 599//599 599//599 
f 599//599 586//586 599//599 
f 599//599 586//586 819//819 
f 586//586 831//831 819//819 
f 819//819 831//831 820//820 
f 831//831 832//832 820//820 
f 820//820 832//832 821//821 
f 832//832 833//833 821//821 
f 821//821 833//833 822//822 
f 833//833 834//834 822//822 
f 822//822 834//834 823//823 
f 834//834 835//835 823//823 
f 823//823 835//835 824//824 
f 835//835 836//836 824//824 
f 824//824 836//836 825//825 
f 836//836 837//837 825//825 
f 825//825 837//837 826//826 
f 837//837 838//838 826//826 
f 826//826 838//838 827//827 
f 838//838 839//839 827//827 
f 827//827 839//839 828//828 
f 839//839 840//840 828//828 
f 828//828 840//840 829//829 
f 840//840 841//841 829//829 
f 829//829 841//841 830//830 
f 841//841 842//842 830//830 
f 830//830 842//842 842//842 
f 842//842 586//586 842//842 
f 842//842 586//586 586//586 
f 586//586 573//573 586//586 
f 586//586 573//573 831//831 
f 573//573 843//843 831//831 
f 831//831 843//843 832//832 
f 843//843 844//844 832//832 
f 832//832 844//844 833//833 
f 844//844 845//845 833//833 
f 833//833 845//845 834//834 
f 845//845 846//846 834//834 
f 834//834 846//846 835//835 
f 846//846 847//847 835//835 
f 835//835 847//847 836//836 
f 847//847 848//848 836//836 
f 836//836 848//848 837//837 
f 848//848 849//849 837//837 
f 837//837 849//849 838//838 
f 849//849 850//850 838//838 
f 838//838 850//850 839//839 
f 850//850 851//851 839//839 
f 839//839 851//851 840//840 
f 851//851 852//852 840//840 
f 840//840 852//852 852//852 
f 852//852 573//573 852//852 
f 852//852 573//573 573//573 
f 573//573 558//558 573//573 
f 573//573 558//558 843//843 
f 558//558 853//853 843//843 
f 843//843 853//853 844//844 
f 853//853 854//854 844//844 
f 844//844 854//854 845//845 
f 854//854 855//855 845//845 
f 845//845 855//855 846//846 
f 855//855 856//856 846//846 
f 846//846 856//856 847//847 
f 856//856 857//857 847//847 
f 847//847 857//857 848//848 
f 857//857 858//858 848//848 
f 848//848 858//858 849//849 
f 858//858 859//859 849//849 
f 849//849 859//859 850//850 
f 859//859 860//860 850//850 
f 850//850 860//860 851//851 
f 860//860 861//861 851//851 
f 851//851 861//861 852//852 
f 861//861 862//862 852//852 
f 852//852 862//862 862//862 
f 862//862 558//558 862//862 
f 862//862 558//558 558//558 
f 558//558 543//543 558//558 
f 558//558 543//543 853//853 
f 543//543 863//863 853//853 
f 853//853 863//863 854//854 
f 863//863 864//864 854//854 
f 854//854 864//864 855//855 
f 864//864 865//865 855//855 
f 855//855 865//865 856//856 
f 865//865 866//866 856//856 
f 856//856 866//866 857//857 
f 866//866 867//867 857//857 
f 857//857 867//867 858//858 
f 867//867 868//868 858//858 
f 858//858 868//868 859//859 
f 868//868 869//869 859//859 
f 859//859 869//869 860//860 
f 869//869 870//870 860//860 
f 860//860 870//870 870//870 
f 870//870 543//543 870//870 
f 870//870 543//543 543//543 
f 543//543 526//526 543//543 
f 543//543 526//526 863//863 
f 526//526 871//871 863//863 
f 863//863 871//871 864//864 
f 871//871 872//872 864//864 
f 864//864 872//872 865//865 
f 872//872 873//873 865//865 
f 865//865 873//873 866//866 
f 873//873 874//874 866//866 
f 866//866 874//874 867//867 
f 874//874 875//875 867//867 
f 867//867 875//875 868//868 
f 875//875 876//876 868//868 
f 868//868 876//876 869//869 
f 876//876 877//877 869//869 
f 869//869 877//877 870//870 
f 877//877 878//878 870//870 
f 870//870 878//878 878//878 
f 878//878 526//526 878//878 
f 878//878 526//526 526//526 
f 526//526 509//509 526//526 
f 526//526 509//509 871//871 
f 509//509 879//879 871//871 
f 871//871 879//879 872//872 
f 879//879 880//880 872//872 
f 872//872 880//880 873//873 
f 880//880 881//881 873//873 
f 873//873 881//881 874//874 
f 881//881 882//882 874//874 
f 874//874 882//882 875//875 
f 882//882 883//883 875//875 
f 875//875 883//883 876//876 
f 883//883 884//884 876//876 
f 876//876 884//884 884//884 
f 884//884 509//509 884//884 
f 884//884 509//509 509//509 
f 509//509 490//490 509//509 
f 509//509 490//490 879//879 
f 490//490 885//885 879//879 
f 879//879 885//885 880//880 
f 885//885 886//886 880//880 
f 880//880 886//886 881//881 
f 886//886 887//887 881//881 
f 881//881 887//887 882//882 
f 887//887 888//888 882//882 
f 882//882 888//888 883//883 
f 888//888 889//889 883//883 
f 883//883 889//889 884//884 
f 889//889 890//890 884//884 
f 884//884 890//890 890//890 
f 890//890 490//490 890//890 
f 890//890 490//490 490//490 
f 490//490 471//471 490//490 
f 490//490 471//471 885//885 
f 471//471 891//891 885//885 
f 885//885 891//891 886//886 
f 891//891 892//892 886//886 
f 886//886 892//892 887//887 
f 892//892 893//893 887//887 
f 887//887 893//893 888//888 
f 893//893 894//894 888//888 
f 888//888 894//894 894//894 
f 894//894 471//471 894//894 
f 894//894 471//471 471//471 
f 471//471 450//450 471//471 
f 471//471 450//450 891//891 
f 450//450 895//895 891//891 
f 891//891 895//895 892//892 
f 895//895 896//896 892//892 
f 892//892 896//896 893//893 
f 896//896 897//897 893//893 
f 893//893 897//897 894//894 
f 897//897 898//898 894//894 
f 894//894 898//898 898//898 
f 898//898 450//450 898//898 
f 898//898 450//450 450//450 
f 450//450 429//429 450//450 
f 450//450 429//429 895//895 
f 429//429 899//899 895//895 
f 895//895 899//899 896//896 
f 899//899 900//900 896//896 
f 896//896 900//900 900//900 
f 900//900 429//429 900//900 
f 900//900 429//429 429//429 
f 429//429 406//406 429//429 
f 429//429 406//406 899//899 
f 406//406 901//901 899//899 
f 899//899 901//901 900//900 
f 901//901 902//902 900//900 
f 900//900 902//902 902//902 
f 902//902 903//903 902//902 
f 902//902 903//903 903//903 
f 903//903 904//904 903//903 
f 903//903 904//904 905//905 
f 904//904 906//906 905//905 
f 905//905 906//906 907//907 
f 906//906 908//908 907//907 
f 907//907 908//908 909//909 
f 908//908 910//910 909//909 
f 909//909 910//910 911//911 
f 910//910 912//912 911//911 
f 911//911 912//912 913//913 
f 912//912 914//914 913//913 
f 913//913 914//914 915//915 
f 914//914 916//916 915//915 
f 915//915 916//916 917//917 
f 916//916 918//918 917//917 
f 917//917 918//918 919//919 
f 918//918 920//920 919//919 
f 919//919 920//920 921//921 
f 920//920 922//922 921//921 
f 921//921 922//922 923//923 
f 922//922 924//924 923//923 
f 923//923 924//924 925//925 
f 924//924 926//926 925//925 
f 925//925 926//926 927//927 
f 926//926 928//928 927//927 
f 927//927 928//928 929//929 
f 928//928 930//930 929//929 
f 929//929 930//930 931//931 
f 930//930 932//932 931//931 
f 931//931 932//932 933//933 
f 932//932 934//934 933//933 
f 933//933 934//934 935//935 
f 934//934 936//936 935//935 
f 935//935 936//936 937//937 
f 936//936 938//938 937//937 
f 937//937 938//938 939//939 
f 938//938 940//940 939//939 
f 939//939 940//940 941//941 
f 940//940 942//942 941//941 
f 941//941 942//942 943//943 
f 942//942 944//944 943//943 
f 943//943 944//944 945//945 
f 944//944 946//946 945//945 
f 945//945 946//946 947//947 
f 946//946 948//948 947//947 
f 947//947 948//948 948//948 
f 948//948 904//904 948//948 
f 948//948 904//904 904//904 
f 904//904 949//949 904//904 
f 904//904 949//949 906//906 
f 949//949 950//950 906//906 
f 906//906 950//950 908//908 
f 950//950 951//951 908//908 
f 908//908 951//951 910//910 
f 951//951 952//952 910//910 
f 910//910 952//952 912//912 
f 952//952 953//953 912//912 
f 912//912 953//953 914//914 
f 953//953 954//954 914//914 
f 914//914 954//954 916//916 
f 954//954 955//955 916//916 
f 916//916 955//955 918//918 
f 955//955 956//956 918//918 
f 918//918 956//956 920//920 
f 956//956 957//957 920//920 
f 920//920 957//957 922//922 
f 957//957 958//958 922//922 
f 922//922 958//958 924//924 
f 958//958 959//959 924//924 
f 924//924 959//959 926//926 
f 959//959 960//960 926//926 
f 926//926 960//960 928//928 
f 960//960 961//961 928//928 
f 928//928 961//961 930//930 
f 961//961 962//962 930//930 
f 930//930 962//962 932//932 
f 962//962 963//963 932//932 
f 932//932 963//963 934//934 
f 963//963 964//964 934//934 
f 934//934 964//964 936//936 
f 964//964 965//965 936//936 
f 936//936 965//965 938//938 
f 965//965 966//966 938//938 
f 938//938 966//966 940//940 
f 966//966 967//967 940//940 
f 940//940 967//967 942//942 
f 967//967 968//968 942//942 
f 942//942 968//968 944//944 
f 968//968 969//969 944//944 
f 944//944 969//969 946//946 
f 969//969 970//970 946//946 
f 946//946 970//970 948//948 
f 970//970 971//971 948//948 
f 948//948 971//971 971//971 
f 971//971 949//949 971//971 
f 971//971 949//949 949//949 
f 949//949 972//972 949//949 
f 949//949 972//972 950//950 
f 972//972 973//973 950//950 
f 950//950 973//973 951//951 
f 973//973 974//974 951//951 
f 951//951 974//974 952//952 
f 974//974 975//975 952//952 
f 952//952 975//975 953//953 
f 975//975 976//976 953//953 
f 953//953 976//976 954//954 
f 976//976 977//977 954//954 
f 954//954 977//977 955//955 
f 977//977 978//978 955//955 
f 955//955 978//978 956//956 
f 978//978 979//979 956//956 
f 956//956 979//979 957//957 
f 979//979 980//980 957//957 
f 957//957 980//980 958//958 
f 980//980 981//981 958//958 
f 958//958 981//981 959//959 
f 981//981 982//982 959//959 
f 959//959 982//982 960//960 
f 982//982 983//983 960//960 
f 960//960 983//983 961//961 
f 983//983 984//984 961//961 
f 961//961 984//984 962//962 
f 984//984 985//985 962//962 
f 962//962 985//985 963//963 
f 985//985 986//986 963//963 
f 963//963 986//986 964//964 
f 986//986 987//987 964//964 
f 964//964 987//987 965//965 
f 987//987 988//988 965//965 
f 965//965 988//988 966//966 
f 988//988 989//989 966//966 
f 966//966 989//989 967//967 
f 989//989 990//990 967//967 
f 967//967 990//990 968//968 
f 990//990 991//991 968//968 
f 968//968 991//991 969//969 
f 991//991 992//992 969//969 
f 969//969 992//992 992//992 
f 992//992 972//972 992//992 
f 992//992 972//972 972//972 
f 972//972 993//993 972//972 
f 972//972 993//993 973//973 
f 993//993 994//994 973//973 
f 973//973 994//994 974//974 
f 994//994 995//995 974//974 
f 974//974 995//995 975//975 
f 995//995 996//996 975//975 
f 975//975 996//996 976//976 
f 996//996 997//997 976//976 
f 976//976 997//997 977//977 
f 997//997 998//998 977//977 
f 977//977 998//998 978//978 
f 998//998 999//999 978//978 
f 978//978 999//999 979//979 
f 999//999 1000//1000 979//979 
f 979//979 1000//1000 980//980 
f 1000//1000 1001//1001 980//980 
f 980//980 1001//1001 981//981 
f 1001//1001 1002//1002 981//981 
f 981//981 1002//1002 982//982 
f 1002//1002 1003//1003 982//982 
f 982//982 1003//1003 983//983 
f 1003//1003 1004//1004 983//983 
f 983//983 1004//1004 984//984 
f 1004//1004 1005//1005 984//984 
f 984//984 1005//1005 985//985 
f 1005//1005 1006//1006 985//985 
f 985//985 1006//1006 986//986 
f 1006//1006 1007//1007 986//986 
f 986//986 1007//1007 987//987 
f 1007//1007 1008//1008 987//987 
f 987//987 1008//1008 988//988 
f 1008//1008 1009//1009 988//988 
f 988//988 1009//1009 989//989 
f 1009//1009 1010//1010 989//989 
f 989//989 1010//1010 990//990 
f 1010//1010 1011//1011 990//990 
f 990//990 1011//1011 991//991 
f 1011//1011 1012//1012 991//991 
f 991//991 1012//1012 992//992 
f 1012//1012 1013//1013 992//992 
f 992//992 1013//1013 1013//1013 
f 1013//1013 993//993 1013//1013 
f 1013//1013 993//993 993//993 
f 993//993 1014//1014 993//993 
f 993//993 1014//1014 994//994 
f 1014//1014 1015//1015 994//994 
f 994//994 1015//1015 995//995 
f 1015//1015 1016//1016 995//995 
f 995//995 1016//1016 996//996 
f 1016//1016 1017//1017 996//996 
f 996//996 1017//1017 997//997 
f 1017//1017 1018//1018 997//997 
f 997//997 1018//1018 998//998 
f 1018//1018 1019//1019 998//998 
f 998//998 1019//1019 999//999 
f 1019//1019 1020//1020 999//999 
f 999//999 1020//1020 1000//1000 
f 1020//1020 1021//1021 1000//1000 
f 1000//1000 1021//1021 1001//1001 
f 1021//1021 1022//1022 1001//1001 
f 1001//1001 1022//1022 1002//1002 
f 1022//1022 1023//1023 1002//1002 
f 1002//1002 1023//1023 1003//1003 
f 1023//1023 1024//1024 1003//1003 
f 1003//1003 1024//1024 1004//1004 
f 1024//1024 1025//1025 1004//1004 
f 1004//1004 1025//1025 1005//1005 
f 1025//1025 1026//1026 1005//1005 
f 1005//1005 1026//1026 1006//1006 
f 1026//1026 1027//1027 1006//1006 
f 1006//1006 1027//1027 1007//1007 
f 1027//1027 1028//1028 1007//1007 
f 1007//1007 1028//1028 1008//1008 
f 1028//1028 1029//1029 1008//1008 
f 1008//1008 1029//1029 1009//1009 
f 1029//1029 1030//1030 1009//1009 
f 1009//1009 1030//1030 1010//1010 
f 1030//1030 1031//1031 1010//1010 
f 1010//1010 1031//1031 1011//1011 
f 1031//1031 1032//1032 1011//1011 
f 1011//1011 1032//1032 1032//1032 
f 1032//1032 1014//1014 1032//1032 
f 1032//1032 1014//1014 1014//1014 
f 1014//1014 1033//1033 1014//1014 
f 1014//1014 1033//1033 1015//1015 
f 1033//1033 1034//1034 1015//1015 
f 1015//1015 1034//1034 1016//1016 
f 1034//1034 1035//1035 1016//1016 
f 1016//1016 1035//1035 1017//1017 
f 1035//1035 1036//1036 1017//1017 
f 1017//1017 1036//1036 1018//1018 
f 1036//1036 1037//1037 1018//1018 
f 1018//1018 1037//1037 1019//1019 
f 1037//1037 1038//1038 1019//1019 
f 1019//1019 1038//1038 1020//1020 
f 1038//1038 1039//1039 1020//1020 
f 1020//1020 1039//1039 1021//1021 
f 1039//1039 1040//1040 1021//1021 
f 1021//1021 1040//1040 1022//1022 
f 1040//1040 1041//1041 1022//1022 
f 1022//1022 1041//1041 1023//1023 
f 1041//1041 1042//1042 1023//1023 
f 1023//1023 1042//1042 1024//1024 
f 1042//1042 1043//1043 1024//1024 
f 1024//1024 1043//1043 1025//1025 
f 1043//1043 1044//1044 1025//1025 
f 1025//1025 1044//1044 1026//1026 
f 1044//1044 1045//1045 1026//1026 
f 1026//1026 1045//1045 1027//1027 
f 1045//1045 1046//1046 1027//1027 
f 1027//1027 1046//1046 1028//1028 
f 1046//1046 1047//1047 1028//1028 
f 1028//1028 1047//1047 1029//1029 
f 1047//1047 1048//1048 1029//1029 
f 1029//1029 1048//1048 1030//1030 
f 1048//1048 1049//1049 1030//1030 
f 1030//1030 1049//1049 1031//1031 
f 1049//1049 1050//1050 1031//1031 
f 1031//1031 1050//1050 1032//1032 
f 1050//1050 1051//1051 1032//1032 
f 1032//1032 1051//1051 1051//1051 
f 1051//1051 1033//1033 1051//1051 
f 1051//1051 1033//1033 1033//1033 
f 1033//1033 1052//1052 1033//1033 
f 1033//1033 1052//1052 1034//1034 
f 1052//1052 1053//1053 1034//1034 
f 1034//1034 1053//1053 1035//1035 
f 1053//1053 1054//1054 1035//1035 
f 1035//1035 1054//1054 1036//1036 
f 1054//1054 1055//1055 1036//1036 
f 1036//1036 1055//1055 1037//1037 
f 1055//1055 1056//1056 1037//1037 
f 1037//1037 1056//1056 1038//1038 
f 1056//1056 1057//1057 1038//1038 
f 1038//1038 1057//1057 1039//1039 
f 1057//1057 1058//1058 1039//1039 
f 1039//1039 1058//1058 1040//1040 
f 1058//1058 1059//1059 1040//1040 
f 1040//1040 1059//1059 1041//1041 
f 1059//1059 1060//1060 1041//1041 
f 1041//1041 1060//1060 1042//1042 
f 1060//1060 1061//1061 1042//1042 
f 1042//1042 1061//1061 1043//1043 
f 1061//1061 1062//1062 1043//1043 
f 1043//1043 1062//1062 1044//1044 
f 1062//1062 1063//1063 1044//1044 
f 1044//1044 1063//1063 1045//1045 
f 1063//1063 1064//1064 1045//1045 
f 1045//1045 1064//1064 1046//1046 
f 1064//1064 1065//1065 1046//1046 
f 1046//1046 1065//1065 1047//1047 
f 1065//1065 1066//1066 1047//1047 
f 1047//1047 1066//1066 1048//1048 
f 1066//1066 1067//1067 1048//1048 
f 1048//1048 1067//1067 1049//1049 
f 1067//1067 1068//1068 1049//1049 
f 1049//1049 1068//1068 1068//1068 
f 1068//1068 1052//1052 1068//1068 
f 1068//1068 1052//1052 1052//1052 
f 1052//1052 1069//1069 1052//1052 
f 1052//1052 1069//1069 1053//1053 
f 1069//1069 1070//1070 1053//1053 
f 1053//1053 1070//1070 1054//1054 
f 1070//1070 1071//1071 1054//1054 
f 1054//1054 1071//1071 1055//1055 
f 1071//1071 1072//1072 1055//1055 
f 1055//1055 1072//1072 1056//1056 
f 1072//1072 1073//1073 1056//1056 
f 1056//1056 1073//1073 1057//1057 
f 1073//1073 1074//1074 1057//1057 
f 1057//1057 1074//1074 1058//1058 
f 1074//1074 1075//1075 1058//1058 
f 1058//1058 1075//1075 1059//1059 
f 1075//1075 1076//1076 1059//1059 
f 1059//1059 1076//1076 1060//1060 
f 1076//1076 1077//1077 1060//1060 
f 1060//1060 1077//1077 1061//1061 
f 1077//1077 1078//1078 1061//1061 
f 1061//1061 1078//1078 1062//1062 
f 1078//1078 1079//1079 1062//1062 
f 1062//1062 1079//1079 1063//1063 
f 1079//1079 1080//1080 1063//1063 
f 1063//1063 1080//1080 1064//1064 
f 1080//1080 1081//1081 1064//1064 
f 1064//1064 1081//1081 1065//1065 
f 1081//1081 1082//1082 1065//1065 
f 1065//1065 1082//1082 1066//1066 
f 1082//1082 1083//1083 1066//1066 
f 1066//1066 1083//1083 1067//1067 
f 1083//1083 1084//1084 1067//1067 
f 1067//1067 1084//1084 1068//1068 
f 1084//1084 1085//1085 1068//1068 
f 1068//1068 1085//1085 1085//1085 
f 1085//1085 1069//1069 1085//1085 
f 1085//1085 1069//1069 1069//1069 
f 1069//1069 1086//1086 1069//1069 
f 1069//1069 1086//1086 1070//1070 
f 1086//1086 1087//1087 1070//1070 
f 1070//1070 1087//1087 1071//1071 
f 1087//1087 1088//1088 1071//1071 
f 1071//1071 1088//1088 1072//1072 
f 1088//1088 1089//1089 1072//1072 
f 1072//1072 1089//1089 1073//1073 
f 1089//1089 1090//1090 1073//1073 
f 1073//1073 1090//1090 1074//1074 
f 1090//1090 1091//1091 1074//1074 
f 1074//1074 1091//1091 1075//1075 
f 1091//1091 1092//1092 1075//1075 
f 1075//1075 1092//1092 1076//1076 
f 1092//1092 1093//1093 1076//1076 
f 1076//1076 1093//1093 1077//1077 
f 1093//1093 1094//1094 1077//1077 
f 1077//1077 1094//1094 1078//1078 
f 1094//1094 1095//1095 1078//1078 
f 1078//1078 1095//1095 1079//1079 
f 1095//1095 1096//1096 1079//1079 
f 1079//1079 1096//1096 1080//1080 
f 1096//1096 1097//1097 1080//1080 
f 1080//1080 1097//1097 1081//1081 
f 1097//1097 1098//1098 1081//1081 
f 1081//1081 1098//1098 1082//1082 
f 1098//1098 1099//1099 1082//1082 
f 1082//1082 1099//1099 1083//1083 
f 1099//1099 1100//1100 1083//1083 
f 1083//1083 1100//1100 1100//1100 
f 1100//1100 1086//1086 1100//1100 
f 1100//1100 1086//1086 1086//1086 
f 1086//1086 1101//1101 1086//1086 
f 1086//1086 1101//1101 1087//1087 
f 1101//1101 1102//1102 1087//1087 
f 1087//1087 1102//1102 1088//1088 
f 1102//1102 1103//1103 1088//1088 
f 1088//1088 1103//1103 1089//1089 
f 1103//1103 1104//1104 1089//1089 
f 1089//1089 1104//1104 1090//1090 
f 1104//1104 1105//1105 1090//1090 
f 1090//1090 1105//1105 1091//1091 
f 1105//1105 1106//1106 1091//1091 
f 1091//1091 1106//1106 1092//1092 
f 1106//1106 1107//1107 1092//1092 
f 1092//1092 1107//1107 1093//1093 
f 1107//1107 1108//1108 1093//1093 
f 1093//1093 1108//1108 1094//1094 
f 1108//1108 1109//1109 1094//1094 
f 1094//1094 1109//1109 1095//1095 
f 1109//1109 1110//1110 1095//1095 
f 1095//1095 1110//1110 1096//1096 
f 1110//1110 1111//1111 1096//1096 
f 1096//1096 1111//1111 1097//1097 
f 1111//1111 1112//1112 1097//1097 
f 1097//1097 1112//1112 1098//1098 
f 1112//1112 1113//1113 1098//1098 
f 1098//1098 1113//1113 1099//1099 
f 1113//1113 1114//1114 1099//1099 
f 1099//1099 1114//1114 1100//1100 
f 1114//1114 1115//1115 1100//1100 
f 1100//1100 1115//1115 1115//1115 
f 1115//1115 1101//1101 1115//1115 
f 1115//1115 1101//1101 1101//1101 
f 1101//1101 1116//1116 1101//1101 
f 1101//1101 1116//1116 1102//1102 
f 1116//1116 1117//1117 1102//1102 
f 1102//1102 1117//1117 1103//1103 
f 1117//1117 1118//1118 1103//1103 
f 1103//1103 1118//1118 1104//1104 
f 1118//1118 1119//1119 1104//1104 
f 1104//1104 1119//1119 1105//1105 
f 1119//1119 1120//1120 1105//1105 
f 1105//1105 1120//1120 1106//1106 
f 1120//1120 1121//1121 1106//1106 
f 1106//1106 1121//1121 1107//1107 
f 1121//1121 1122//1122 1107//1107 
f 1107//1107 1122//1122 1108//1108 
f 1122//1122 1123//1123 1108//1108 
f 1108//1108 1123//1123 1109//1109 
f 1123//1123 1124//1124 1109//1109 
f 1109//1109 1124//1124 1110//1110 
f 1124//1124 1125//1125 1110//1110 
f 1110//1110 1125//1125 1111//1111 
f 1125//1125 1126//1126 1111//1111 
f 1111//1111 1126//1126 1112//1112 
f 1126//1126 1127//1127 1112//1112 
f 1112//1112 1127//1127 1113//1113 
f 1127//1127 1128//1128 1113//1113 
f 1113//1113 1128//1128 1128//1128 
f 1128//1128 1116//1116 1128//1128 
f 1128//1128 1116//1116 1116//1116 
f 1116//1116 1129//1129 1116//1116 
f 1116//1116 1129//1129 1117//1117 
f 1129//1129 1130//1130 1117//1117 
f 1117//1117 1130//1130 1118//1118 
f 1130//1130 1131//1131 1118//1118 
f 1118//1118 1131//1131 1119//1119 
f 1131//1131 1132//1132 1119//1119 
f 1119//1119 1132//1132 1120//1120 
f 1132//1132 1133//1133 1120//1120 
f 1120//1120 1133//1133 1121//1121 
f 1133//1133 1134//1134 1121//1121 
f 1121//1121 1134//1134 1122//1122 
f 1134//1134 1135//1135 1122//1122 
f 1122//1122 1135//1135 1123//1123 
f 1135//1135 1136//1136 1123//1123 
f 1123//1123 1136//1136 1124//1124 
f 1136//1136 1137//1137 1124//1124 
f 1124//1124 1137//1137 1125//1125 
f 1137//1137 1138//1138 1125//1125 
f 1125//1125 1138//1138 1126//1126 
f 1138//1138 1139//1139 1126//1126 
f 1126//1126 1139//1139 1127//1127 
f 1139//1139 1140//1140 1127//1127 
f 1127//1127 1140//1140 1128//1128 
f 1140//1140 1141//1141 1128//1128 
f 1128//1128 1141//1141 1141//1141 
f 1141//1141 1129//1129 1141//1141 
f 1141//1141 1129//1129 1129//1129 
f 1129//1129 1142//1142 1129//1129 
f 1129//1129 1142//1142 1130//1130 
f 1142//1142 1143//1143 1130//1130 
f 1130//1130 1143//1143 1131//1131 
f 1143//1143 1144//1144 1131//1131 
f 1131//1131 1144//1144 1132//1132 
f 1144//1144 1145//1145 1132//1132 
f 1132//1132 1145//1145 1133//1133 
f 1145//1145 1146//1146 1133//1133 
f 1133//1133 1146//1146 1134//1134 
f 1146//1146 1147//1147 1134//1134 
f 1134//1134 1147//1147 1135//1135 
f 1147//1147 1148//1148 1135//1135 
f 1135//1135 1148//1148 1136//1136 
f 1148//1148 1149//1149 1136//1136 
f 1136//1136 1149//1149 1137//1137 
f 1149//1149 1150//1150 1137//1137 
f 1137//1137 1150//1150 1138//1138 
f 1150//1150 1151//1151 1138//1138 
f 1138//1138 1151//1151 1139//1139 
f 1151//1151 1152//1152 1139//1139 
f 1139//1139 1152//1152 1152//1152 
f 1152//1152 1142//1142 1152//1152 
f 1152//1152 1142//1142 1142//1142 
f 1142//1142 1153//1153 1142//1142 
f 1142//1142 1153//1153 1143//1143 
f 1153//1153 1154//1154 1143//1143 
f 1143//1143 1154//1154 1144//1144 
f 1154//1154 1155//1155 1144//1144 
f 1144//1144 1155//1155 1145//1145 
f 1155//1155 1156//1156 1145//1145 
f 1145//1145 1156//1156 1146//1146 
f 1156//1156 1157//1157 1146//1146 
f 1146//1146 1157//1157 1147//1147 
f 1157//1157 1158//1158 1147//1147 
f 1147//1147 1158//1158 1148//1148 
f 1158//1158 1159//1159 1148//1148 
f 1148//1148 1159//1159 1149//1149 
f 1159//1159 1160//1160 1149//1149 
f 1149//1149 1160//1160 1150//1150 
f 1160//1160 1161//1161 1150//1150 
f 1150//1150 1161//1161 1151//1151 
f 1161//1161 1162//1162 1151//1151 
f 1151//1151 1162//1162 1152//1152 
f 1162//1162 1163//1163 1152//1152 
f 1152//1152 1163//1163 1163//1163 
f 1163//1163 1153//1153 1163//1163 
f 1163//1163 1153//1153 1153//1153 
f 1153//1153 1164//1164 1153//1153 
f 1153//1153 1164//1164 1154//1154 
f 1164//1164 1165//1165 1154//1154 
f 1154//1154 1165//1165 1155//1155 
f 1165//1165 1166//1166 1155//1155 
f 1155//1155 1166//1166 1156//1156 
f 1166//1166 1167//1167 1156//1156 
f 1156//1156 1167//1167 1157//1157 
f 1167//1167 1168//1168 1157//1157 
f 1157//1157 1168//1168 1158//1158 
f 1168//1168 1169//1169 1158//1158 
f 1158//1158 1169//1169 1159//1159 
f 1169//1169 1170//1170 1159//1159 
f 1159//1159 1170//1170 1160//1160 
f 1170//1170 1171//1171 1160//1160 
f 1160//1160 1171//1171 1161//1161 
f 1171//1171 1172//1172 1161//1161 
f 1161//1161 1172//1172 1172//1172 
f 1172//1172 1164//1164 1172//1172 
f 1172//1172 1164//1164 1164//1164 
f 1164//1164 1173//1173 1164//1164 
f 1164//1164 1173//1173 1165//1165 
f 1173//1173 1174//1174 1165//1165 
f 1165//1165 1174//1174 1166//1166 
f 1174//1174 1175//1175 1166//1166 
f 1166//1166 1175//1175 1167//1167 
f 1175//1175 1176//1176 1167//1167 
f 1167//1167 1176//1176 1168//1168 
f 1176//1176 1177//1177 1168//1168 
f 1168//1168 1177//1177 1169//1169 
f 1177//1177 1178//1178 1169//1169 
f 1169//1169 1178//1178 1170//1170 
f 1178//1178 1179//1179 1170//1170 
f 1170//1170 1179//1179 1171//1171 
f 1179//1179 1180//1180 1171//1171 
f 1171//1171 1180//1180 1172//1172 
f 1180//1180 1181//1181 1172//1172 
f 1172//1172 1181//1181 1181//1181 
f 1181//1181 1173//1173 1181//1181 
f 1181//1181 1173//1173 1173//1173 
f 1173//1173 1182//1182 1173//1173 
f 1173//1173 1182//1182 1174//1174 
f 1182//1182 1183//1183 1174//1174 
f 1174//1174 1183//1183 1175//1175 
f 1183//1183 1184//1184 1175//1175 
f 1175//1175 1184//1184 1176//1176 
f 1184//1184 1185//1185 1176//1176 
f 1176//1176 1185//1185 1177//1177 
f 1185//1185 1186//1186 1177//1177 
f 1177//1177 1186//1186 1178//1178 
f 1186//1186 1187//1187 1178//1178 
f 1178//1178 1187//1187 1179//1179 
f 1187//1187 1188//1188 1179//1179 
f 1179//1179 1188//1188 1188//1188 
f 1188//1188 1182//1182 1188//1188 
f 1188//1188 1182//1182 1182//1182 
f 1182//1182 100//100 1182//1182 
f 1182//1182 100//100 1183//1183 
f 100//100 102//102 1183//1183 
f 1183//1183 102//102 1184//1184 
f 102//102 104//104 1184//1184 
f 1184//1184 104//104 1185//1185 
f 104//104 106//106 1185//1185 
f 1185//1185 106//106 1186//1186 
f 106//106 108//108 1186//1186 
f 1186//1186 108//108 1187//1187 
f 108//108 1189//1189 1187//1187 
f 1187//1187 1189//1189 1188//1188 
f 1189//1189 1190//1190 1188//1188 
f 1188//1188 1190//1190 1190//1190 
f 1190//1190 100//100 1190//1190 
f 1190//1190 100//100 100//100 
f 100//100 1182//1182 100//100 
f 100//100 1182//1182 98//98 
f 1182//1182 1191//1191 98//98 
f 98//98 1191//1191 96//96 
f 1191//1191 1192//1192 96//96 
f 96//96 1192//1192 94//94 
f 1192//1192 1193//1193 94//94 
f 94//94 1193//1193 92//92 
f 1193//1193 1194//1194 92//92 
f 92//92 1194//1194 90//90 
f 1194//1194 1195//1195 90//90 
f 90//90 1195//1195 88//88 
f 1195//1195 1196//1196 88//88 
f 88//88 1196//1196 86//86 
f 1196//1196 1197//1197 86//86 
f 86//86 1197//1197 84//84 
f 1197//1197 1198//1198 84//84 
f 84//84 1198//1198 82//82 
f 1198//1198 1199//1199 82//82 
f 82//82 1199//1199 80//80 
f 1199//1199 1200//1200 80//80 
f 80//80 1200//1200 78//78 
f 1200//1200 1201//1201 78//78 
f 78//78 1201//1201 76//76 
f 1201//1201 1202//1202 76//76 
f 76//76 1202//1202 74//74 
f 1202//1202 1203//1203 74//74 
f 74//74 1203//1203 72//72 
f 1203//1203 1204//1204 72//72 
f 72//72 1204//1204 70//70 
f 1204//1204 1205//1205 70//70 
f 70//70 1205//1205 67//67 
f 1205//1205 1206//1206 67//67 
f 67//67 1206//1206 1206//1206 
f 1206//1206 1182//1182 1206//1206 
f 1206//1206 1182//1182 1182//1182 
f 1182//1182 1173//1173 1182//1182 
f 1182//1182 1173//1173 1191//1191 
f 1173//1173 1207//1207 1191//1191 
f 1191//1191 1207//1207 1192//1192 
f 1207//1207 1208//1208 1192//1192 
f 1192//1192 1208//1208 1193//1193 
f 1208//1208 1209//1209 1193//1193 
f 1193//1193 1209//1209 1194//1194 
f 1209//1209 1210//1210 1194//1194 
f 1194//1194 1210//1210 1195//1195 
f 1210//1210 1211//1211 1195//1195 
f 1195//1195 1211//1211 1196//1196 
f 1211//1211 1212//1212 1196//1196 
f 1196//1196 1212//1212 1197//1197 
f 1212//1212 1213//1213 1197//1197 
f 1197//1197 1213//1213 1198//1198 
f 1213//1213 1214//1214 1198//1198 
f 1198//1198 1214//1214 1199//1199 
f 1214//1214 1215//1215 1199//1199 
f 1199//1199 1215//1215 1200//1200 
f 1215//1215 1216//1216 1200//1200 
f 1200//1200 1216//1216 1201//1201 
f 1216//1216 1217//1217 1201//1201 
f 1201//1201 1217//1217 1202//1202 
f 1217//1217 1218//1218 1202//1202 
f 1202//1202 1218//1218 1203//1203 
f 1218//1218 1219//1219 1203//1203 
f 1203//1203 1219//1219 1204//1204 
f 1219//1219 1220//1220 1204//1204 
f 1204//1204 1220//1220 1205//1205 
f 1220//1220 1221//1221 1205//1205 
f 1205//1205 1221//1221 1206//1206 
f 1221//1221 1222//1222 1206//1206 
f 1206//1206 1222//1222 1222//1222 
f 1222//1222 1173//1173 1222//1222 
f 1222//1222 1173//1173 1173//1173 
f 1173//1173 1164//1164 1173//1173 
f 1173//1173 1164//1164 1207//1207 
f 1164//1164 1223//1223 1207//1207 
f 1207//1207 1223//1223 1208//1208 
f 1223//1223 1224//1224 1208//1208 
f 1208//1208 1224//1224 1209//1209 
f 1224//1224 1225//1225 1209//1209 
f 1209//1209 1225//1225 1210//1210 
f 1225//1225 1226//1226 1210//1210 
f 1210//1210 1226//1226 1211//1211 
f 1226//1226 1227//1227 1211//1211 
f 1211//1211 1227//1227 1212//1212 
f 1227//1227 1228//1228 1212//1212 
f 1212//1212 1228//1228 1213//1213 
f 1228//1228 1229//1229 1213//1213 
f 1213//1213 1229//1229 1214//1214 
f 1229//1229 1230//1230 1214//1214 
f 1214//1214 1230//1230 1215//1215 
f 1230//1230 1231//1231 1215//1215 
f 1215//1215 1231//1231 1216//1216 
f 1231//1231 1232//1232 1216//1216 
f 1216//1216 1232//1232 1217//1217 
f 1232//1232 1233//1233 1217//1217 
f 1217//1217 1233//1233 1218//1218 
f 1233//1233 1234//1234 1218//1218 
f 1218//1218 1234//1234 1219//1219 
f 1234//1234 1235//1235 1219//1219 
f 1219//1219 1235//1235 1220//1220 
f 1235//1235 1236//1236 1220//1220 
f 1220//1220 1236//1236 1236//1236 
f 1236//1236 1164//1164 1236//1236 
f 1236//1236 1164//1164 1164//1164 
f 1164//1164 1153//1153 1164//1164 
f 1164//1164 1153//1153 1223//1223 
f 1153//1153 1237//1237 1223//1223 
f 1223//1223 1237//1237 1224//1224 
f 1237//1237 1238//1238 1224//1224 
f 1224//1224 1238//1238 1225//1225 
f 1238//1238 1239//1239 1225//1225 
f 1225//1225 1239//1239 1226//1226 
f 1239//1239 1240//1240 1226//1226 
f 1226//1226 1240//1240 1227//1227 
f 1240//1240 1241//1241 1227//1227 
f 1227//1227 1241//1241 1228//1228 
f 1241//1241 1242//1242 1228//1228 
f 1228//1228 1242//1242 1229//1229 
f 1242//1242 1243//1243 1229//1229 
f 1229//1229 1243//1243 1230//1230 
f 1243//1243 1244//1244 1230//1230 
f 1230//1230 1244//1244 1231//1231 
f 1244//1244 1245//1245 1231//1231 
f 1231//1231 1245//1245 1232//1232 
f 1245//1245 1246//1246 1232//1232 
f 1232//1232 1246//1246 1233//1233 
f 1246//1246 1247//1247 1233//1233 
f 1233//1233 1247//1247 1234//1234 
f 1247//1247 1248//1248 1234//1234 
f 1234//1234 1248//1248 1235//1235 
f 1248//1248 1249//1249 1235//1235 
f 1235//1235 1249//1249 1236//1236 
f 1249//1249 1250//1250 1236//1236 
f 1236//1236 1250//1250 1250//1250 
f 1250//1250 1153//1153 1250//1250 
f 1250//1250 1153//1153 1153//1153 
f 1153//1153 1142//1142 1153//1153 
f 1153//1153 1142//1142 1237//1237 
f 1142//1142 1251//1251 1237//1237 
f 1237//1237 1251//1251 1238//1238 
f 1251//1251 1252//1252 1238//1238 
f 1238//1238 1252//1252 1239//1239 
f 1252//1252 1253//1253 1239//1239 
f 1239//1239 1253//1253 1240//1240 
f 1253//1253 1254//1254 1240//1240 
f 1240//1240 1254//1254 1241//1241 
f 1254//1254 1255//1255 1241//1241 
f 1241//1241 1255//1255 1242//1242 
f 1255//1255 1256//1256 1242//1242 
f 1242//1242 1256//1256 1243//1243 
f 1256//1256 1257//1257 1243//1243 
f 1243//1243 1257//1257 1244//1244 
f 1257//1257 1258//1258 1244//1244 
f 1244//1244 1258//1258 1245//1245 
f 1258//1258 1259//1259 1245//1245 
f 1245//1245 1259//1259 1246//1246 
f 1259//1259 1260//1260 1246//1246 
f 1246//1246 1260//1260 1247//1247 
f 1260//1260 1261//1261 1247//1247 
f 1247//1247 1261//1261 1248//1248 
f 1261//1261 1262//1262 1248//1248 
f 1248//1248 1262//1262 1262//1262 
f 1262//1262 1142//1142 1262//1262 
f 1262//1262 1142//1142 1142//1142 
f 1142//1142 1129//1129 1142//1142 
f 1142//1142 1129//1129 1251//1251 
f 1129//1129 1263//1263 1251//1251 
f 1251//1251 1263//1263 1252//1252 
f 1263//1263 1264//1264 1252//1252 
f 1252//1252 1264//1264 1253//1253 
f 1264//1264 1265//1265 1253//1253 
f 1253//1253 1265//1265 1254//1254 
f 1265//1265 1266//1266 1254//1254 
f 1254//1254 1266//1266 1255//1255 
f 1266//1266 1267//1267 1255//1255 
f 1255//1255 1267//1267 1256//1256 
f 1267//1267 1268//1268 1256//1256 
f 1256//1256 1268//1268 1257//1257 
f 1268//1268 1269//1269 1257//1257 
f 1257//1257 1269//1269 1258//1258 
f 1269//1269 1270//1270 1258//1258 
f 1258//1258 1270//1270 1259//1259 
f 1270//1270 1271//1271 1259//1259 
f 1259//1259 1271//1271 1260//1260 
f 1271//1271 1272//1272 1260//1260 
f 1260//1260 1272//1272 1261//1261 
f 1272//1272 1273//1273 1261//1261 
f 1261//1261 1273//1273 1262//1262 
f 1273//1273 1274//1274 1262//1262 
f 1262//1262 1274//1274 1274//1274 
f 1274//1274 1129//1129 1274//1274 
f 1274//1274 1129//1129 1129//1129 
f 1129//1129 1116//1116 1129//1129 
f 1129//1129 1116//1116 1263//1263 
f 1116//1116 1275//1275 1263//1263 
f 1263//1263 1275//1275 1264//1264 
f 1275//1275 1276//1276 1264//1264 
f 1264//1264 1276//1276 1265//1265 
f 1276//1276 1277//1277 1265//1265 
f 1265//1265 1277//1277 1266//1266 
f 1277//1277 1278//1278 1266//1266 
f 1266//1266 1278//1278 1267//1267 
f 1278//1278 1279//1279 1267//1267 
f 1267//1267 1279//1279 1268//1268 
f 1279//1279 1280//1280 1268//1268 
f 1268//1268 1280//1280 1269//1269 
f 1280//1280 1281//1281 1269//1269 
f 1269//1269 1281//1281 1270//1270 
f 1281//1281 1282//1282 1270//1270 
f 1270//1270 1282//1282 1271//1271 
f 1282//1282 1283//1283 1271//1271 
f 1271//1271 1283//1283 1272//1272 
f 1283//1283 1284//1284 1272//1272 
f 1272//1272 1284//1284 1284//1284 
f 1284//1284 1116//1116 1284//1284 
f 1284//1284 1116//1116 1116//1116 
f 1116//1116 1101//1101 1116//1116 
f 1116//1116 1101//1101 1275//1275 
f 1101//1101 1285//1285 1275//1275 
f 1275//1275 1285//1285 1276//1276 
f 1285//1285 1286//1286 1276//1276 
f 1276//1276 1286//1286 1277//1277 
f 1286//1286 1287//1287 1277//1277 
f 1277//1277 1287//1287 1278//1278 
f 1287//1287 1288//1288 1278//1278 
f 1278//1278 1288//1288 1279//1279 
f 1288//1288 1289//1289 1279//1279 
f 1279//1279 1289//1289 1280//1280 
f 1289//1289 1290//1290 1280//1280 
f 1280//1280 1290//1290 1281//1281 
f 1290//1290 1291//1291 1281//1281 
f 1281//1281 1291//1291 1282//1282 
f 1291//1291 1292//1292 1282//1282 
f 1282//1282 1292//1292 1283//1283 
f 1292//1292 1293//1293 1283//1283 
f 1283//1283 1293//1293 1284//1284 
f 1293//1293 1294//1294 1284//1284 
f 1284//1284 1294//1294 1294//1294 
f 1294//1294 1101//1101 1294//1294 
f 1294//1294 1101//1101 1101//1101 
f 1101//1101 1086//1086 1101//1101 
f 1101//1101 1086//1086 1285//1285 
f 1086//1086 1295//1295 1285//1285 
f 1285//1285 1295//1295 1286//1286 
f 1295//1295 1296//1296 1286//1286 
f 1286//1286 1296//1296 1287//1287 
f 1296//1296 1297//1297 1287//1287 
f 1287//1287 1297//1297 1288//1288 
f 1297//1297 1298//1298 1288//1288 
f 1288//1288 1298//1298 1289//1289 
f 1298//1298 1299//1299 1289//1289 
f 1289//1289 1299//1299 1290//1290 
f 1299//1299 1300//1300 1290//1290 
f 1290//1290 1300//1300 1291//1291 
f 1300//1300 1301//1301 1291//1291 
f 1291//1291 1301//1301 1292//1292 
f 1301//1301 1302//1302 1292//1292 
f 1292//1292 1302//1302 1302//1302 
f 1302//1302 1086//1086 1302//1302 
f 1302//1302 1086//1086 1086//1086 
f 1086//1086 1069//1069 1086//1086 
f 1086//1086 1069//1069 1295//1295 
f 1069//1069 1303//1303 1295//1295 
f 1295//1295 1303//1303 1296//1296 
f 1303//1303 1304//1304 1296//1296 
f 1296//1296 1304//1304 1297//1297 
f 1304//1304 1305//1305 1297//1297 
f 1297//1297 1305//1305 1298//1298 
f 1305//1305 1306//1306 1298//1298 
f 1298//1298 1306//1306 1299//1299 
f 1306//1306 1307//1307 1299//1299 
f 1299//1299 1307//1307 1300//1300 
f 1307//1307 1308//1308 1300//1300 
f 1300//1300 1308//1308 1301//1301 
f 1308//1308 1309//1309 1301//1301 
f 1301//1301 1309//1309 1302//1302 
f 1309//1309 1310//1310 1302//1302 
f 1302//1302 1310//1310 1310//1310 
f 1310//1310 1069//1069 1310//1310 
f 1310//1310 1069//1069 1069//1069 
f 1069//1069 1052//1052 1069//1069 
f 1069//1069 1052//1052 1303//1303 
f 1052//1052 1311//1311 1303//1303 
f 1303//1303 1311//1311 1304//1304 
f 1311//1311 1312//1312 1304//1304 
f 1304//1304 1312//1312 1305//1305 
f 1312//1312 1313//1313 1305//1305 
f 1305//1305 1313//1313 1306//1306 
f 1313//1313 1314//1314 1306//1306 
f 1306//1306 1314//1314 1307//1307 
f 1314//1314 1315//1315 1307//1307 
f 1307//1307 1315//1315 1308//1308 
f 1315//1315 1316//1316 1308//1308 
f 1308//1308 1316//1316 1316//1316 
f 1316//1316 1052//1052 1316//1316 
f 1316//1316 1052//1052 1052//1052 
f 1052//1052 1033//1033 1052//1052 
f 1052//1052 1033//1033 1311//1311 
f 1033//1033 1317//1317 1311//1311 
f 1311//1311 1317//1317 1312//1312 
f 1317//1317 1318//1318 1312//1312 
f 1312//1312 1318//1318 1313//1313 
f 1318//1318 1319//1319 1313//1313 
f 1313//1313 1319//1319 1314//1314 
f 1319//1319 1320//1320 1314//1314 
f 1314//1314 1320//1320 1315//1315 
f 1320//1320 1321//1321 1315//1315 
f 1315//1315 1321//1321 1316//1316 
f 1321//1321 1322//1322 1316//1316 
f 1316//1316 1322//1322 1322//1322 
f 1322//1322 1033//1033 1322//1322 
f 1322//1322 1033//1033 1033//1033 
f 1033//1033 1014//1014 1033//1033 
f 1033//1033 1014//1014 1317//1317 
f 1014//1014 1323//1323 1317//1317 
f 1317//1317 1323//1323 1318//1318 
f 1323//1323 1324//1324 1318//1318 
f 1318//1318 1324//1324 1319//1319 
f 1324//1324 1325//1325 1319//1319 
f 1319//1319 1325//1325 1320//1320 
f 1325//1325 1326//1326 1320//1320 
f 1320//1320 1326//1326 1326//1326 
f 1326//1326 1014//1014 1326//1326 
f 1326//1326 1014//1014 1014//1014 
f 1014//1014 993//993 1014//1014 
f 1014//1014 993//993 1323//1323 
f 993//993 1327//1327 1323//1323 
f 1323//1323 1327//1327 1324//1324 
f 1327//1327 1328//1328 1324//1324 
f 1324//1324 1328//1328 1325//1325 
f 1328//1328 1329//1329 1325//1325 
f 1325//1325 1329//1329 1326//1326 
f 1329//1329 1330//1330 1326//1326 
f 1326//1326 1330//1330 1330//1330 
f 1330//1330 993//993 1330//1330 
f 1330//1330 993//993 993//993 
f 993//993 972//972 993//993 
f 993//993 972//972 1327//1327 
f 972//972 1331//1331 1327//1327 
f 1327//1327 1331//1331 1328//1328 
f 1331//1331 1332//1332 1328//1328 
f 1328//1328 1332//1332 1332//1332 
f 1332//1332 972//972 1332//1332 
f 1332//1332 972//972 972//972 
f 972//972 949//949 972//972 
f 972//972 949//949 1331//1331 
f 949//949 1333//1333 1331//1331 
f 1331//1331 1333//1333 1332//1332 
f 1333//1333 1334//1334 1332//1332 
f 1332//1332 1334//1334 1334//1334 
f 1334//1334 1335//1335 1334//1334 
f 1334//1334 1335//1335 1335//1335 
f 1335//1335 1336//1336 1335//1335 
f 1335//1335 1336//1336 1337//1337 
f 1336//1336 1338//1338 1337//1337 
f 1337//1337 1338//1338 1339//1339 
f 1338//1338 1340//1340 1339//1339 
f 1339//1339 1340//1340 1341//1341 
f 1340//1340 1342//1342 1341//1341 
f 1341//1341 1342//1342 1343//1343 
f 1342//1342 1344//1344 1343//1343 
f 1343//1343 1344//1344 1345//1345 
f 1344//1344 1346//1346 1345//1345 
f 1345//1345 1346//1346 1347//1347 
f 1346//1346 1348//1348 1347//1347 
f 1347//1347 1348//1348 1349//1349 
f 1348//1348 1350//1350 1349//1349 
f 1349//1349 1350//1350 1351//1351 
f 1350//1350 1352//1352 1351//1351 
f 1351//1351 1352//1352 1353//1353 
f 1352//1352 1354//1354 1353//1353 
f 1353//1353 1354//1354 1355//1355 
f 1354//1354 1356//1356 1355//1355 
f 1355//1355 1356//1356 1356//1356 
f 1356//1356 1336//1336 1356//1356 
f 1356//1356 1336//1336 1336//1336 
f 1336//1336 1357//1357 1336//1336 
f 1336//1336 1357//1357 1338//1338 
f 1357//1357 1358//1358 1338//1338 
f 1338//1338 1358//1358 1340//1340 
f 1358//1358 1359//1359 1340//1340 
f 1340//1340 1359//1359 1342//1342 
f 1359//1359 1360//1360 1342//1342 
f 1342//1342 1360//1360 1344//1344 
f 1360//1360 1361//1361 1344//1344 
f 1344//1344 1361//1361 1346//1346 
f 1361//1361 1362//1362 1346//1346 
f 1346//1346 1362//1362 1348//1348 
f 1362//1362 1363//1363 1348//1348 
f 1348//1348 1363//1363 1350//1350 
f 1363//1363 1364//1364 1350//1350 
f 1350//1350 1364//1364 1352//1352 
f 1364//1364 1365//1365 1352//1352 
f 1352//1352 1365//1365 1354//1354 
f 1365//1365 1366//1366 1354//1354 
f 1354//1354 1366//1366 1356//1356 
f 1366//1366 1367//1367 1356//1356 
f 1356//1356 1367//1367 1367//1367 
f 1367//1367 1357//1357 1367//1367 
f 1367//1367 1357//1357 1357//1357 
f 1357//1357 1368//1368 1357//1357 
f 1357//1357 1368//1368 1358//1358 
f 1368//1368 1369//1369 1358//1358 
f 1358//1358 1369//1369 1359//1359 
f 1369//1369 1370//1370 1359//1359 
f 1359//1359 1370//1370 1360//1360 
f 1370//1370 1371//1371 1360//1360 
f 1360//1360 1371//1371 1361//1361 
f 1371//1371 1372//1372 1361//1361 
f 1361//1361 1372//1372 1362//1362 
f 1372//1372 1373//1373 1362//1362 
f 1362//1362 1373//1373 1363//1363 
f 1373//1373 1374//1374 1363//1363 
f 1363//1363 1374//1374 1364//1364 
f 1374//1374 1375//1375 1364//1364 
f 1364//1364 1375//1375 1365//1365 
f 1375//1375 1376//1376 1365//1365 
f 1365//1365 1376//1376 1366//1366 
f 1376//1376 1377//1377 1366//1366 
f 1366//1366 1377//1377 1367//1367 
f 1377//1377 1378//1378 1367//1367 
f 1367//1367 1378//1378 1378//1378 
f 1378//1378 1368//1368 1378//1378 
f 1378//1378 1368//1368 1368//1368 
f 1368//1368 1379//1379 1368//1368 
f 1368//1368 1379//1379 1369//1369 
f 1379//1379 1380//1380 1369//1369 
f 1369//1369 1380//1380 1370//1370 
f 1380//1380 1381//1381 1370//1370 
f 1370//1370 1381//1381 1371//1371 
f 1381//1381 1382//1382 1371//1371 
f 1371//1371 1382//1382 1372//1372 
f 1382//1382 1383//1383 1372//1372 
f 1372//1372 1383//1383 1373//1373 
f 1383//1383 1384//1384 1373//1373 
f 1373//1373 1384//1384 1374//1374 
f 1384//1384 1385//1385 1374//1374 
f 1374//1374 1385//1385 1375//1375 
f 1385//1385 1386//1386 1375//1375 
f 1375//1375 1386//1386 1376//1376 
f 1386//1386 1387//1387 1376//1376 
f 1376//1376 1387//1387 1377//1377 
f 1387//1387 1388//1388 1377//1377 
f 1377//1377 1388//1388 1378//1378 
f 1388//1388 1389//1389 1378//1378 
f 1378//1378 1389//1389 1389//1389 
f 1389//1389 1379//1379 1389//1389 
f 1389//1389 1379//1379 1379//1379 
f 1379//1379 1390//1390 1379//1379 
f 1379//1379 1390//1390 1380//1380 
f 1390//1390 1391//1391 1380//1380 
f 1380//1380 1391//1391 1381//1381 
f 1391//1391 1392//1392 1381//1381 
f 1381//1381 1392//1392 1382//1382 
f 1392//1392 1393//1393 1382//1382 
f 1382//1382 1393//1393 1383//1383 
f 1393//1393 1394//1394 1383//1383 
f 1383//1383 1394//1394 1384//1384 
f 1394//1394 1395//1395 1384//1384 
f 1384//1384 1395//1395 1385//1385 
f 1395//1395 1396//1396 1385//1385 
f 1385//1385 1396//1396 1386//1386 
f 1396//1396 1397//1397 1386//1386 
f 1386//1386 1397//1397 1387//1387 
f 1397//1397 1398//1398 1387//1387 
f 1387//1387 1398//1398 1388//1388 
f 1398//1398 1399//1399 1388//1388 
f 1388//1388 1399//1399 1389//1389 
f 1399//1399 1400//1400 1389//1389 
f 1389//1389 1400//1400 1400//1400 
f 1400//1400 1390//1390 1400//1400 
f 1400//1400 1390//1390 1390//1390 
f 1390//1390 1401//1401 1390//1390 
f 1390//1390 1401//1401 1391//1391 
f 1401//1401 1402//1402 1391//1391 
f 1391//1391 1402//1402 1392//1392 
f 1402//1402 1403//1403 1392//1392 
f 1392//1392 1403//1403 1393//1393 
f 1403//1403 1404//1404 1393//1393 
f 1393//1393 1404//1404 1394//1394 
f 1404//1404 1405//1405 1394//1394 
f 1394//1394 1405//1405 1395//1395 
f 1405//1405 1406//1406 1395//1395 
f 1395//1395 1406//1406 1396//1396 
f 1406//1406 1407//1407 1396//1396 
f 1396//1396 1407//1407 1397//1397 
f 1407//1407 1408//1408 1397//1397 
f 1397//1397 1408//1408 1398//1398 
f 1408//1408 1409//1409 1398//1398 
f 1398//1398 1409//1409 1399//1399 
f 1409//1409 1410//1410 1399//1399 
f 1399//1399 1410//1410 1400//1400 
f 1410//1410 1411//1411 1400//1400 
f 1400//1400 1411//1411 1411//1411 
f 1411//1411 1401//1401 1411//1411 
f 1411//1411 1401//1401 1401//1401 
f 1401//1401 1412//1412 1401//1401 
f 1401//1401 1412//1412 1402//1402 
f 1412//1412 1413//1413 1402//1402 
f 1402//1402 1413//1413 1403//1403 
f 1413//1413 1414//1414 1403//1403 
f 1403//1403 1414//1414 1404//1404 
f 1414//1414 1415//1415 1404//1404 
f 1404//1404 1415//1415 1405//1405 
f 1415//1415 1416//1416 1405//1405 
f 1405//1405 1416//1416 1406//1406 
f 1416//1416 1417//1417 1406//1406 
f 1406//1406 1417//1417 1407//1407 
f 1417//1417 1418//1418 1407//1407 
f 1407//1407 1418//1418 1408//1408 
f 1418//1418 1419//1419 1408//1408 
f 1408//1408 1419//1419 1409//1409 
f 1419//1419 1420//1420 1409//1409 
f 1409//1409 1420//1420 1410//1410 
f 1420//1420 1421//1421 1410//1410 
f 1410//1410 1421//1421 1411//1411 
f 1421//1421 1422//1422 1411//1411 
f 1411//1411 1422//1422 1422//1422 
f 1422//1422 1412//1412 1422//1422 
f 1422//1422 1412//1412 1412//1412 
f 1412//1412 1423//1423 1412//1412 
f 1412//1412 1423//1423 1413//1413 
f 1423//1423 1424//1424 1413//1413 
f 1413//1413 1424//1424 1414//1414 
f 1424//1424 1425//1425 1414//1414 
f 1414//1414 1425//1425 1415//1415 
f 1425//1425 1426//1426 1415//1415 
f 1415//1415 1426//1426 1416//1416 
f 1426//1426 1427//1427 1416//1416 
f 1416//1416 1427//1427 1417//1417 
f 1427//1427 1428//1428 1417//1417 
f 1417//1417 1428//1428 1418//1418 
f 1428//1428 1429//1429 1418//1418 
f 1418//1418 1429//1429 1419//1419 
f 1429//1429 1430//1430 1419//1419 
f 1419//1419 1430//1430 1420//1420 
f 1430//1430 1431//1431 1420//1420 
f 1420//1420 1431//1431 1421//1421 
f 1431//1431 1432//1432 1421//1421 
f 1421//1421 1432//1432 1422//1422 
f 1432//1432 1433//1433 1422//1422 
f 1422//1422 1433//1433 1433//1433 
f 1433//1433 1423//1423 1433//1433 
f 1433//1433 1423//1423 1423//1423 
f 1423//1423 1434//1434 1423//1423 
f 1423//1423 1434//1434 1424//1424 
f 1434//1434 1435//1435 1424//1424 
f 1424//1424 1435//1435 1425//1425 
f 1435//1435 1436//1436 1425//1425 
f 1425//1425 1436//1436 1426//1426 
f 1436//1436 1437//1437 1426//1426 
f 1426//1426 1437//1437 1427//1427 
f 1437//1437 1438//1438 1427//1427 
f 1427//1427 1438//1438 1428//1428 
f 1438//1438 1439//1439 1428//1428 
f 1428//1428 1439//1439 1429//1429 
f 1439//1439 1440//1440 1429//1429 
f 1429//1429 1440//1440 1430//1430 
f 1440//1440 1441//1441 1430//1430 
f 1430//1430 1441//1441 1431//1431 
f 1441//1441 1442//1442 1431//1431 
f 1431//1431 1442//1442 1432//1432 
f 1442//1442 1443//1443 1432//1432 
f 1432//1432 1443//1443 1433//1433 
f 1443//1443 1444//1444 1433//1433 
f 1433//1433 1444//1444 1444//1444 
f 1444//1444 1434//1434 1444//1444 
f 1444//1444 1434//1434 1434//1434 
f 1434//1434 1445//1445 1434//1434 
f 1434//1434 1445//1445 1435//1435 
f 1445//1445 1446//1446 1435//1435 
f 1435//1435 1446//1446 1436//1436 
f 1446//1446 1447//1447 1436//1436 
f 1436//1436 1447//1447 1437//1437 
f 1447//1447 1448//1448 1437//1437 
f 1437//1437 1448//1448 1438//1438 
f 1448//1448 1449//1449 1438//1438 
f 1438//1438 1449//1449 1439//1439 
f 1449//1449 1450//1450 1439//1439 
f 1439//1439 1450//1450 1440//1440 
f 1450//1450 1451//1451 1440//1440 
f 1440//1440 1451//1451 1441//1441 
f 1451//1451 1452//1452 1441//1441 
f 1441//1441 1452//1452 1442//1442 
f 1452//1452 1453//1453 1442//1442 
f 1442//1442 1453//1453 1443//1443 
f 1453//1453 1454//1454 1443//1443 
f 1443//1443 1454//1454 1444//1444 
f 1454//1454 1455//1455 1444//1444 
f 1444//1444 1455//1455 1455//1455 
f 1455//1455 1445//1445 1455//1455 
f 1455//1455 1445//1445 1445//1445 
f 1445//1445 1456//1456 1445//1445 
f 1445//1445 1456//1456 1446//1446 
f 1456//1456 1457//1457 1446//1446 
f 1446//1446 1457//1457 1447//1447 
f 1457//1457 1458//1458 1447//1447 
f 1447//1447 1458//1458 1448//1448 
f 1458//1458 1459//1459 1448//1448 
f 1448//1448 1459//1459 1449//1449 
f 1459//1459 1460//1460 1449//1449 
f 1449//1449 1460//1460 1450//1450 
f 1460//1460 1461//1461 1450//1450 
f 1450//1450 1461//1461 1451//1451 
f 1461//1461 1462//1462 1451//1451 
f 1451//1451 1462//1462 1452//1452 
f 1462//1462 1463//1463 1452//1452 
f 1452//1452 1463//1463 1453//1453 
f 1463//1463 1464//1464 1453//1453 
f 1453//1453 1464//1464 1454//1454 
f 1464//1464 1465//1465 1454//1454 
f 1454//1454 1465//1465 1455//1455 
f 1465//1465 1466//1466 1455//1455 
f 1455//1455 1466//1466 1466//1466 
f 1466//1466 1456//1456 1466//1466 
f 1466//1466 1456//1456 1456//1456 
f 1456//1456 1467//1467 1456//1456 
f 1456//1456 1467//1467 1457//1457 
f 1467//1467 1468//1468 1457//1457 
f 1457//1457 1468//1468 1458//1458 
f 1468//1468 1469//1469 1458//1458 
f 1458//1458 1469//1469 1459//1459 
f 1469//1469 1470//1470 1459//1459 
f 1459//1459 1470//1470 1460//1460 
f 1470//1470 1471//1471 1460//1460 
f 1460//1460 1471//1471 1461//1461 
f 1471//1471 1472//1472 1461//1461 
f 1461//1461 1472//1472 1462//1462 
f 1472//1472 1473//1473 1462//1462 
f 1462//1462 1473//1473 1463//1463 
f 1473//1473 1474//1474 1463//1463 
f 1463//1463 1474//1474 1464//1464 
f 1474//1474 1475//1475 1464//1464 
f 1464//1464 1475//1475 1465//1465 
f 1475//1475 1476//1476 1465//1465 
f 1465//1465 1476//1476 1466//1466 
f 1476//1476 1477//1477 1466//1466 
f 1466//1466 1477//1477 1477//1477 
f 1477//1477 1467//1467 1477//1477 
f 1477//1477 1467//1467 1467//1467 
f 1467//1467 1478//1478 1467//1467 
f 1467//1467 1478//1478 1468//1468 
f 1478//1478 1479//1479 1468//1468 
f 1468//1468 1479//1479 1469//1469 
f 1479//1479 1480//1480 1469//1469 
f 1469//1469 1480//1480 1470//1470 
f 1480//1480 1481//1481 1470//1470 
f 1470//1470 1481//1481 1471//1471 
f 1481//1481 1482//1482 1471//1471 
f 1471//1471 1482//1482 1472//1472 
f 1482//1482 1483//1483 1472//1472 
f 1472//1472 1483//1483 1473//1473 
f 1483//1483 1484//1484 1473//1473 
f 1473//1473 1484//1484 1474//1474 
f 1484//1484 1485//1485 1474//1474 
f 1474//1474 1485//1485 1475//1475 
f 1485//1485 1486//1486 1475//1475 
f 1475//1475 1486//1486 1476//1476 
f 1486//1486 1487//1487 1476//1476 
f 1476//1476 1487//1487 1477//1477 
f 1487//1487 1488//1488 1477//1477 
f 1477//1477 1488//1488 1488//1488 
f 1488//1488 1478//1478 1488//1488 
f 1488//1488 1478//1478 1478//1478 
f 1478//1478 1489//1489 1478//1478 
f 1478//1478 1489//1489 1479//1479 
f 1489//1489 1490//1490 1479//1479 
f 1479//1479 1490//1490 1480//1480 
f 1490//1490 1491//1491 1480//1480 
f 1480//1480 1491//1491 1481//1481 
f 1491//1491 1492//1492 1481//1481 
f 1481//1481 1492//1492 1482//1482 
f 1492//1492 1493//1493 1482//1482 
f 1482//1482 1493//1493 1483//1483 
f 1493//1493 1494//1494 1483//1483 
f 1483//1483 1494//1494 1484//1484 
f 1494//1494 1495//1495 1484//1484 
f 1484//1484 1495//1495 1485//1485 
f 1495//1495 1496//1496 1485//1485 
f 1485//1485 1496//1496 1486//1486 
f 1496//1496 1497//1497 1486//1486 
f 1486//1486 1497//1497 1487//1487 
f 1497//1497 1498//1498 1487//1487 
f 1487//1487 1498//1498 1488//1488 
f 1498//1498 1499//1499 1488//1488 
f 1488//1488 1499//1499 1499//1499 
f 1499//1499 1489//1489 1499//1499 
f 1499//1499 1489//1489 1489//1489 
f 1489//1489 1500//1500 1489//1489 
f 1489//1489 1500//1500 1490//1490 
f 1500//1500 1501//1501 1490//1490 
f 1490//1490 1501//1501 1491//1491 
f 1501//1501 1502//1502 1491//1491 
f 1491//1491 1502//1502 1492//1492 
f 1502//1502 1503//1503 1492//1492 
f 1492//1492 1503//1503 1493//1493 
f 1503//1503 1504//1504 1493//1493 
f 1493//1493 1504//1504 1494//1494 
f 1504//1504 1505//1505 1494//1494 
f 1494//1494 1505//1505 1495//1495 
f 1505//1505 1506//1506 1495//1495 
f 1495//1495 1506//1506 1496//1496 
f 1506//1506 1507//1507 1496//1496 
f 1496//1496 1507//1507 1497//1497 
f 1507//1507 1508//1508 1497//1497 
f 1497//1497 1508//1508 1508//1508 
f 1508//1508 1500//1500 1508//1508 
f 1508//1508 1500//1500 1500//1500 
f 1500//1500 1509//1509 1500//1500 
f 1500//1500 1509//1509 1501//1501 
f 1509//1509 1510//1510 1501//1501 
f 1501//1501 1510//1510 1502//1502 
f 1510//1510 1511//1511 1502//1502 
f 1502//1502 1511//1511 1503//1503 
f 1511//1511 1512//1512 1503//1503 
f 1503//1503 1512//1512 1504//1504 
f 1512//1512 1513//1513 1504//1504 
f 1504//1504 1513//1513 1505//1505 
f 1513//1513 1514//1514 1505//1505 
f 1505//1505 1514//1514 1506//1506 
f 1514//1514 1515//1515 1506//1506 
f 1506//1506 1515//1515 1507//1507 
f 1515//1515 1516//1516 1507//1507 
f 1507//1507 1516//1516 1508//1508 
f 1516//1516 1517//1517 1508//1508 
f 1508//1508 1517//1517 1517//1517 
f 1517//1517 1509//1509 1517//1517 
f 1517//1517 1509//1509 1509//1509 
f 1509//1509 1518//1518 1509//1509 
f 1509//1509 1518//1518 1510//1510 
f 1518//1518 1519//1519 1510//1510 
f 1510//1510 1519//1519 1511//1511 
f 1519//1519 1520//1520 1511//1511 
f 1511//1511 1520//1520 1512//1512 
f 1520//1520 1521//1521 1512//1512 
f 1512//1512 1521//1521 1513//1513 
f 1521//1521 1522//1522 1513//1513 
f 1513//1513 1522//1522 1514//1514 
f 1522//1522 1523//1523 1514//1514 
f 1514//1514 1523//1523 1515//1515 
f 1523//1523 1524//1524 1515//1515 
f 1515//1515 1524//1524 1524//1524 
f 1524//1524 1518//1518 1524//1524 
f 1524//1524 1518//1518 1518//1518 
f 1518//1518 1525//1525 1518//1518 
f 1518//1518 1525//1525 1519//1519 
f 1525//1525 1526//1526 1519//1519 
f 1519//1519 1526//1526 1520//1520 
f 1526//1526 1527//1527 1520//1520 
f 1520//1520 1527//1527 1521//1521 
f 1527//1527 1528//1528 1521//1521 
f 1521//1521 1528//1528 1522//1522 
f 1528//1528 1529//1529 1522//1522 
f 1522//1522 1529//1529 1523//1523 
f 1529//1529 1530//1530 1523//1523 
f 1523//1523 1530//1530 1524//1524 
f 1530//1530 1531//1531 1524//1524 
f 1524//1524 1531//1531 1531//1531 
f 1531//1531 1525//1525 1531//1531 
f 1531//1531 1525//1525 1525//1525 
f 1525//1525 1532//1532 1525//1525 
f 1525//1525 1532//1532 1526//1526 
f 1532//1532 1533//1533 1526//1526 
f 1526//1526 1533//1533 1527//1527 
f 1533//1533 1534//1534 1527//1527 
f 1527//1527 1534//1534 1528//1528 
f 1534//1534 1535//1535 1528//1528 
f 1528//1528 1535//1535 1529//1529 
f 1535//1535 1536//1536 1529//1529 
f 1529//1529 1536//1536 1536//1536 
f 1536//1536 1532//1532 1536//1536 
f 1536//1536 1532//1532 1532//1532 
f 1532//1532 400//400 1532//1532 
f 1532//1532 400//400 1533//1533 
f 400//400 402//402 1533//1533 
f 1533//1533 402//402 1534//1534 
f 402//402 404//404 1534//1534 
f 1534//1534 404//404 1535//1535 
f 404//404 1537//1537 1535//1535 
f 1535//1535 1537//1537 1536//1536 
f 1537//1537 1538//1538 1536//1536 
f 1536//1536 1538//1538 1538//1538 
f 1538//1538 400//400 1538//1538 
f 1538//1538 400//400 400//400 
f 400//400 1532//1532 400//400 
f 400//400 1532//1532 398//398 
f 1532//1532 1539//1539 398//398 
f 398//398 1539//1539 396//396 
f 1539//1539 1540//1540 396//396 
f 396//396 1540//1540 394//394 
f 1540//1540 1541//1541 394//394 
f 394//394 1541//1541 392//392 
f 1541//1541 1542//1542 392//392 
f 392//392 1542//1542 390//390 
f 1542//1542 1543//1543 390//390 
f 390//390 1543//1543 388//388 
f 1543//1543 1544//1544 388//388 
f 388//388 1544//1544 386//386 
f 1544//1544 1545//1545 386//386 
f 386//386 1545//1545 384//384 
f 1545//1545 1546//1546 384//384 
f 384//384 1546//1546 382//382 
f 1546//1546 1547//1547 382//382 
f 382//382 1547//1547 380//380 
f 1547//1547 1548//1548 380//380 
f 380//380 1548//1548 378//378 
f 1548//1548 1549//1549 378//378 
f 378//378 1549//1549 376//376 
f 1549//1549 1550//1550 376//376 
f 376//376 1550//1550 374//374 
f 1550//1550 1551//1551 374//374 
f 374//374 1551//1551 372//372 
f 1551//1551 1552//1552 372//372 
f 372//372 1552//1552 370//370 
f 1552//1552 1553//1553 370//370 
f 370//370 1553//1553 368//368 
f 1553//1553 1554//1554 368//368 
f 368//368 1554//1554 366//366 
f 1554//1554 1555//1555 366//366 
f 366//366 1555//1555 364//364 
f 1555//1555 1556//1556 364//364 
f 364//364 1556//1556 1556//1556 
f 1556//1556 1532//1532 1556//1556 
f 1556//1556 1532//1532 1532//1532 
f 1532//1532 1525//1525 1532//1532 
f 1532//1532 1525//1525 1539//1539 
f 1525//1525 1557//1557 1539//1539 
f 1539//1539 1557//1557 1540//1540 
f 1557//1557 1558//1558 1540//1540 
f 1540//1540 1558//1558 1541//1541 
f 1558//1558 1559//1559 1541//1541 
f 1541//1541 1559//1559 1542//1542 
f 1559//1559 1560//1560 1542//1542 
f 1542//1542 1560//1560 1543//1543 
f 1560//1560 1561//1561 1543//1543 
f 1543//1543 1561//1561 1544//1544 
f 1561//1561 1562//1562 1544//1544 
f 1544//1544 1562//1562 1545//1545 
f 1562//1562 1563//1563 1545//1545 
f 1545//1545 1563//1563 1546//1546 
f 1563//1563 1564//1564 1546//1546 
f 1546//1546 1564//1564 1547//1547 
f 1564//1564 1565//1565 1547//1547 
f 1547//1547 1565//1565 1548//1548 
f 1565//1565 1566//1566 1548//1548 
f 1548//1548 1566//1566 1549//1549 
f 1566//1566 1567//1567 1549//1549 
f 1549//1549 1567//1567 1550//1550 
f 1567//1567 1568//1568 1550//1550 
f 1550//1550 1568//1568 1551//1551 
f 1568//1568 1569//1569 1551//1551 
f 1551//1551 1569//1569 1552//1552 
f 1569//1569 1570//1570 1552//1552 
f 1552//1552 1570//1570 1553//1553 
f 1570//1570 1571//1571 1553//1553 
f 1553//1553 1571//1571 1554//1554 
f 1571//1571 1572//1572 1554//1554 
f 1554//1554 1572//1572 1555//1555 
f 1572//1572 1573//1573 1555//1555 
f 1555//1555 1573//1573 1556//1556 
f 1573//1573 1574//1574 1556//1556 
f 1556//1556 1574//1574 1574//1574 
f 1574//1574 1525//1525 1574//1574 
f 1574//1574 1525//1525 1525//1525 
f 1525//1525 1518//1518 1525//1525 
f 1525//1525 1518//1518 1557//1557 
f 1518//1518 1575//1575 1557//1557 
f 1557//1557 1575//1575 1558//1558 
f 1575//1575 1576//1576 1558//1558 
f 1558//1558 1576//1576 1559//1559 
f 1576//1576 1577//1577 1559//1559 
f 1559//1559 1577//1577 1560//1560 
f 1577//1577 1578//1578 1560//1560 
f 1560//1560 1578//1578 1561//1561 
f 1578//1578 1579//1579 1561//1561 
f 1561//1561 1579//1579 1562//1562 
f 1579//1579 1580//1580 1562//1562 
f 1562//1562 1580//1580 1563//1563 
f 1580//1580 1581//1581 1563//1563 
f 1563//1563 1581//1581 1564//1564 
f 1581//1581 1582//1582 1564//1564 
f 1564//1564 1582//1582 1565//1565 
f 1582//1582 1583//1583 1565//1565 
f 1565//1565 1583//1583 1566//1566 
f 1583//1583 1584//1584 1566//1566 
f 1566//1566 1584//1584 1567//1567 
f 1584//1584 1585//1585 1567//1567 
f 1567//1567 1585//1585 1568//1568 
f 1585//1585 1586//1586 1568//1568 
f 1568//1568 1586//1586 1569//1569 
f 1586//1586 1587//1587 1569//1569 
f 1569//1569 1587//1587 1570//1570 
f 1587//1587 1588//1588 1570//1570 
f 1570//1570 1588//1588 1571//1571 
f 1588//1588 1589//1589 1571//1571 
f 1571//1571 1589//1589 1572//1572 
f 1589//1589 1590//1590 1572//1572 
f 1572//1572 1590//1590 1590//1590 
f 1590//1590 1518//1518 1590//1590 
f 1590//1590 1518//1518 1518//1518 
f 1518//1518 1509//1509 1518//1518 
f 1518//1518 1509//1509 1575//1575 
f 1509//1509 1591//1591 1575//1575 
f 1575//1575 1591//1591 1576//1576 
f 1591//1591 1592//1592 1576//1576 
f 1576//1576 1592//1592 1577//1577 
f 1592//1592 1593//1593 1577//1577 
f 1577//1577 1593//1593 1578//1578 
f 1593//1593 1594//1594 1578//1578 
f 1578//1578 1594//1594 1579//1579 
f 1594//1594 1595//1595 1579//1579 
f 1579//1579 1595//1595 1580//1580 
f 1595//1595 1596//1596 1580//1580 
f 1580//1580 1596//1596 1581//1581 
f 1596//1596 1597//1597 1581//1581 
f 1581//1581 1597//1597 1582//1582 
f 1597//1597 1598//1598 1582//1582 
f 1582//1582 1598//1598 1583//1583 
f 1598//1598 1599//1599 1583//1583 
f 1583//1583 1599//1599 1584//1584 
f 1599//1599 1600//1600 1584//1584 
f 1584//1584 1600//1600 1585//1585 
f 1600//1600 1601//1601 1585//1585 
f 1585//1585 1601//1601 1586//1586 
f 1601//1601 1602//1602 1586//1586 
f 1586//1586 1602//1602 1587//1587 
f 1602//1602 1603//1603 1587//1587 
f 1587//1587 1603//1603 1588//1588 
f 1603//1603 1604//1604 1588//1588 
f 1588//1588 1604//1604 1589//1589 
f 1604//1604 1605//1605 1589//1589 
f 1589//1589 1605//1605 1590//1590 
f 1605//1605 1606//1606 1590//1590 
f 1590//1590 1606//1606 1606//1606 
f 1606//1606 1509//1509 1606//1606 
f 1606//1606 1509//1509 1509//1509 
f 1509//1509 1500//1500 1509//1509 
f 1509//1509 1500//1500 1591//1591 
f 1500//1500 1607//1607 1591//1591 
f 1591//1591 1607//1607 1592//1592 
f 1607//1607 1608//1608 1592//1592 
f 1592//1592 1608//1608 1593//1593 
f 1608//1608 1609//1609 1593//1593 
f 1593//1593 1609//1609 1594//1594 
f 1609//1609 1610//1610 1594//1594 
f 1594//1594 1610//1610 1595//1595 
f 1610//1610 1611//1611 1595//1595 
f 1595//1595 1611//1611 1596//1596 
f 1611//1611 1612//1612 1596//1596 
f 1596//1596 1612//1612 1597//1597 
f 1612//1612 1613//1613 1597//1597 
f 1597//1597 1613//1613 1598//1598 
f 1613//1613 1614//1614 1598//1598 
f 1598//1598 1614//1614 1599//1599 
f 1614//1614 1615//1615 1599//1599 
f 1599//1599 1615//1615 1600//1600 
f 1615//1615 1616//1616 1600//1600 
f 1600//1600 1616//1616 1601//1601 
f 1616//1616 1617//1617 1601//1601 
f 1601//1601 1617//1617 1602//1602 
f 1617//1617 1618//1618 1602//1602 
f 1602//1602 1618//1618 1603//1603 
f 1618//1618 1619//1619 1603//1603 
f 1603//1603 1619//1619 1604//1604 
f 1619//1619 1620//1620 1604//1604 
f 1604//1604 1620//1620 1620//1620 
f 1620//1620 1500//1500 1620//1620 
f 1620//1620 1500//1500 1500//1500 
f 1500//1500 1489//1489 1500//1500 
f 1500//1500 1489//1489 1607//1607 
f 1489//1489 1621//1621 1607//1607 
f 1607//1607 1621//1621 1608//1608 
f 1621//1621 1622//1622 1608//1608 
f 1608//1608 1622//1622 1609//1609 
f 1622//1622 1623//1623 1609//1609 
f 1609//1609 1623//1623 1610//1610 
f 1623//1623 1624//1624 1610//1610 
f 1610//1610 1624//1624 1611//1611 
f 1624//1624 1625//1625 1611//1611 
f 1611//1611 1625//1625 1612//1612 
f 1625//1625 1626//1626 1612//1612 
f 1612//1612 1626//1626 1613//1613 
f 1626//1626 1627//1627 1613//1613 
f 1613//1613 1627//1627 1614//1614 
f 1627//1627 1628//1628 1614//1614 
f 1614//1614 1628//1628 1615//1615 
f 1628//1628 1629//1629 1615//1615 
f 1615//1615 1629//1629 1616//1616 
f 1629//1629 1630//1630 1616//1616 
f 1616//1616 1630//1630 1617//1617 
f 1630//1630 1631//1631 1617//1617 
f 1617//1617 1631//1631 1618//1618 
f 1631//1631 1632//1632 1618//1618 
f 1618//1618 1632//1632 1619//1619 
f 1632//1632 1633//1633 1619//1619 
f 1619//1619 1633//1633 1620//1620 
f 1633//1633 1634//1634 1620//1620 
f 1620//1620 1634//1634 1634//1634 
f 1634//1634 1489//1489 1634//1634 
f 1634//1634 1489//1489 1489//1489 
f 1489//1489 1478//1478 1489//1489 
f 1489//1489 1478//1478 1621//1621 
f 1478//1478 1635//1635 1621//1621 
f 1621//1621 1635//1635 1622//1622 
f 1635//1635 1636//1636 1622//1622 
f 1622//1622 1636//1636 1623//1623 
f 1636//1636 1637//1637 1623//1623 
f 1623//1623 1637//1637 1624//1624 
f 1637//1637 1638//1638 1624//1624 
f 1624//1624 1638//1638 1625//1625 
f 1638//1638 1639//1639 1625//1625 
f 1625//1625 1639//1639 1626//1626 
f 1639//1639 1640//1640 1626//1626 
f 1626//1626 1640//1640 1627//1627 
f 1640//1640 1641//1641 1627//1627 
f 1627//1627 1641//1641 1628//1628 
f 1641//1641 1642//1642 1628//1628 
f 1628//1628 1642//1642 1629//1629 
f 1642//1642 1643//1643 1629//1629 
f 1629//1629 1643//1643 1630//1630 
f 1643//1643 1644//1644 1630//1630 
f 1630//1630 1644//1644 1631//1631 
f 1644//1644 1645//1645 1631//1631 
f 1631//1631 1645//1645 1632//1632 
f 1645//1645 1646//1646 1632//1632 
f 1632//1632 1646//1646 1646//1646 
f 1646//1646 1478//1478 1646//1646 
f 1646//1646 1478//1478 1478//1478 
f 1478//1478 1467//1467 1478//1478 
f 1478//1478 1467//1467 1635//1635 
f 1467//1467 1647//1647 1635//1635 
f 1635//1635 1647//1647 1636//1636 
f 1647//1647 1648//1648 1636//1636 
f 1636//1636 1648//1648 1637//1637 
f 1648//1648 1649//1649 1637//1637 
f 1637//1637 1649//1649 1638//1638 
f 1649//1649 1650//1650 1638//1638 
f 1638//1638 1650//1650 1639//1639 
f 1650//1650 1651//1651 1639//1639 
f 1639//1639 1651//1651 1640//1640 
f 1651//1651 1652//1652 1640//1640 
f 1640//1640 1652//1652 1641//1641 
f 1652//1652 1653//1653 1641//1641 
f 1641//1641 1653//1653 1642//1642 
f 1653//1653 1654//1654 1642//1642 
f 1642//1642 1654//1654 1643//1643 
f 1654//1654 1655//1655 1643//1643 
f 1643//1643 1655//1655 1644//1644 
f 1655//1655 1656//1656 1644//1644 
f 1644//1644 1656//1656 1645//1645 
f 1656//1656 1657//1657 1645//1645 
f 1645//1645 1657//1657 1646//1646 
f 1657//1657 1658//1658 1646//1646 
f 1646//1646 1658//1658 1658//1658 
f 1658//1658 1467//1467 1658//1658 
f 1658//1658 1467//1467 1467//1467 
f 1467//1467 1456//1456 1467//1467 
f 1467//1467 1456//1456 1647//1647 
f 1456//1456 1659//1659 1647//1647 
f 1647//1647 1659//1659 1648//1648 
f 1659//1659 1660//1660 1648//1648 
f 1648//1648 1660//1660 1649//1649 
f 1660//1660 1661//1661 1649//1649 
f 1649//1649 1661//1661 1650//1650 
f 1661//1661 1662//1662 1650//1650 
f 1650//1650 1662//1662 1651//1651 
f 1662//1662 1663//1663 1651//1651 
f 1651//1651 1663//1663 1652//1652 
f 1663//1663 1664//1664 1652//1652 
f 1652//1652 1664//1664 1653//1653 
f 1664//1664 1665//1665 1653//1653 
f 1653//1653 1665//1665 1654//1654 
f 1665//1665 1666//1666 1654//1654 
f 1654//1654 1666//1666 1655//1655 
f 1666//1666 1667//1667 1655//1655 
f 1655//1655 1667//1667 1656//1656 
f 1667//1667 1668//1668 1656//1656 
f 1656//1656 1668//1668 1668//1668 
f 1668//1668 1456//1456 1668//1668 
f 1668//1668 1456//1456 1456//1456 
f 1456//1456 1445//1445 1456//1456 
f 1456//1456 1445//1445 1659//1659 
f 1445//1445 1669//1669 1659//1659 
f 1659//1659 1669//1669 1660//1660 
f 1669//1669 1670//1670 1660//1660 
f 1660//1660 1670//1670 1661//1661 
f 1670//1670 1671//1671 1661//1661 
f 1661//1661 1671//1671 1662//1662 
f 1671//1671 1672//1672 1662//1662 
f 1662//1662 1672//1672 1663//1663 
f 1672//1672 1673//1673 1663//1663 
f 1663//1663 1673//1673 1664//1664 
f 1673//1673 1674//1674 1664//1664 
f 1664//1664 1674//1674 1665//1665 
f 1674//1674 1675//1675 1665//1665 
f 1665//1665 1675//1675 1666//1666 
f 1675//1675 1676//1676 1666//1666 
f 1666//1666 1676//1676 1667//1667 
f 1676//1676 1677//1677 1667//1667 
f 1667//1667 1677//1677 1668//1668 
f 1677//1677 1678//1678 1668//1668 
f 1668//1668 1678//1678 1678//1678 
f 1678//1678 1445//1445 1678//1678 
f 1678//1678 1445//1445 1445//1445 
f 1445//1445 1434//1434 1445//1445 
f 1445//1445 1434//1434 1669//1669 
f 1434//1434 1679//1679 1669//1669 
f 1669//1669 1679//1679 1670//1670 
f 1679//1679 1680//1680 1670//1670 
f 1670//1670 1680//1680 1671//1671 
f 1680//1680 1681//1681 1671//1671 
f 1671//1671 1681//1681 1672//1672 
f 1681//1681 1682//1682 1672//1672 
f 1672//1672 1682//1682 1673//1673 
f 1682//1682 1683//1683 1673//1673 
f 1673//1673 1683//1683 1674//1674 
f 1683//1683 1684//1684 1674//1674 
f 1674//1674 1684//1684 1675//1675 
f 1684//1684 1685//1685 1675//1675 
f 1675//1675 1685//1685 1676//1676 
f 1685//1685 1686//1686 1676//1676 
f 1676//1676 1686//1686 1686//1686 
f 1686//1686 1434//1434 1686//1686 
f 1686//1686 1434//1434 1434//1434 
f 1434//1434 1423//1423 1434//1434 
f 1434//1434 1423//1423 1679//1679 
f 1423//1423 1687//1687 1679//1679 
f 1679//1679 1687//1687 1680//1680 
f 1687//1687 1688//1688 1680//1680 
f 1680//1680 1688//1688 1681//1681 
f 1688//1688 1689//1689 1681//1681 
f 1681//1681 1689//1689 1682//1682 
f 1689//1689 1690//1690 1682//1682 
f 1682//1682 1690//1690 1683//1683 
f 1690//1690 1691//1691 1683//1683 
f 1683//1683 1691//1691 1684//1684 
f 1691//1691 1692//1692 1684//1684 
f 1684//1684 1692//1692 1685//1685 
f 1692//1692 1693//1693 1685//1685 
f 1685//1685 1693//1693 1686//1686 
f 1693//1693 1694//1694 1686//1686 
f 1686//1686 1694//1694 1694//1694 
f 1694//1694 1423//1423 1694//1694 
f 1694//1694 1423//1423 1423//1423 
f 1423//1423 1412//1412 1423//1423 
f 1423//1423 1412//1412 1687//1687 
f 1412//1412 1695//1695 1687//1687 
f 1687//1687 1695//1695 1688//1688 
f 1695//1695 1696//1696 1688//1688 
f 1688//1688 1696//1696 1689//1689 
f 1696//1696 1697//1697 1689//1689 
f 1689//1689 1697//1697 1690//1690 
f 1697//1697 1698//1698 1690//1690 
f 1690//1690 1698//1698 1691//1691 
f 1698//1698 1699//1699 1691//1691 
f 1691//1691 1699//1699 1692//1692 
f 1699//1699 1700//1700 1692//1692 
f 1692//1692 1700//1700 1700//1700 
f 1700//1700 1412//1412 1700//1700 
f 1700//1700 1412//1412 1412//1412 
f 1412//1412 1401//1401 1412//1412 
f 1412//1412 1401//1401 1695//1695 
f 1401//1401 1701//1701 1695//1695 
f 1695//1695 1701//1701 1696//1696 
f 1701//1701 1702//1702 1696//1696 
f 1696//1696 1702//1702 1697//1697 
f 1702//1702 1703//1703 1697//1697 
f 1697//1697 1703//1703 1698//1698 
f 1703//1703 1704//1704 1698//1698 
f 1698//1698 1704//1704 1699//1699 
f 1704//1704 1705//1705 1699//1699 
f 1699//1699 1705//1705 1700//1700 
f 1705//1705 1706//1706 1700//1700 
f 1700//1700 1706//1706 1706//1706 
f 1706//1706 1401//1401 1706//1706 
f 1706//1706 1401//1401 1401//1401 
f 1401//1401 1390//1390 1401//1401 
f 1401//1401 1390//1390 1701//1701 
f 1390//1390 1707//1707 1701//1701 
f 1701//1701 1707//1707 1702//1702 
f 1707//1707 1708//1708 1702//1702 
f 1702//1702 1708//1708 1703//1703 
f 1708//1708 1709//1709 1703//1703 
f 1703//1703 1709//1709 1704//1704 
f 1709//1709 1710//1710 1704//1704 
f 1704//1704 1710//1710 1710//1710 
f 1710//1710 1390//1390 1710//1710 
f 1710//1710 1390//1390 1390//1390 
f 1390//1390 1379//1379 1390//1390 
f 1390//1390 1379//1379 1707//1707 
f 1379//1379 1711//1711 1707//1707 
f 1707//1707 1711//1711 1708//1708 
f 1711//1711 1712//1712 1708//1708 
f 1708//1708 1712//1712 1709//1709 
f 1712//1712 1713//1713 1709//1709 
f 1709//1709 1713//1713 1710//1710 
f 1713//1713 1714//1714 1710//1710 
f 1710//1710 1714//1714 1714//1714 
f 1714//1714 1379//1379 1714//1714 
f 1714//1714 1379//1379 1379//1379 
f 1379//1379 1368//1368 1379//1379 
f 1379//1379 1368//1368 1711//1711 
f 1368//1368 1715//1715 1711//1711 
f 1711//1711 1715//1715 1712//1712 
f 1715//1715 1716//1716 1712//1712 
f 1712//1712 1716//1716 1716//1716 
f 1716//1716 1368//1368 1716//1716 
f 1716//1716 1368//1368 1368//1368 
f 1368//1368 1357//1357 1368//1368 
f 1368//1368 1357//1357 1715//1715 
f 1357//1357 1717//1717 1715//1715 
f 1715//1715 1717//1717 1716//1716 
f 1717//1717 1718//1718 1716//1716 
f 1716//1716 1718//1718 1718//1718 
f 1718//1718 1719//1719 1718//1718 
f 1718//1718 1719//1719 1719//1719 
f 1719//1719 1720//1720 1719//1719 
f 1719//1719 1720//1720 1721//1721 
f 1720//1720 1722//1722 1721//1721 
f 1721//1721 1722//1722 1723//1723 
f 1722//1722 1724//1724 1723//1723 
f 1723//1723 1724//1724 1725//1725 
f 1724//1724 1726//1726 1725//1725 
f 1725//1725 1726//1726 1727//1727 
f 1726//1726 1728//1728 1727//1727 
f 1727//1727 1728//1728 1729//1729 
f 1728//1728 1730//1730 1729//1729 
f 1729//1729 1730//1730 1731//1731 
f 1730//1730 1732//1732 1731//1731 
f 1731//1731 1732//1732 1733//1733 
f 1732//1732 1734//1734 1733//1733 
f 1733//1733 1734//1734 1735//1735 
f 1734//1734 1736//1736 1735//1735 
f 1735//1735 1736//1736 1737//1737 
f 1736//1736 1738//1738 1737//1737 
f 1737//1737 1738//1738 1739//1739 
f 1738//1738 1740//1740 1739//1739 
f 1739//1739 1740//1740 1741//1741 
f 1740//1740 1742//1742 1741//1741 
f 1741//1741 1742//1742 1743//1743 
f 1742//1742 1744//1744 1743//1743 
f 1743//1743 1744//1744 1745//1745 
f 1744//1744 1746//1746 1745//1745 
f 1745//1745 1746//1746 1747//1747 
f 1746//1746 1748//1748 1747//1747 
f 1747//1747 1748//1748 1749//1749 
f 1748//1748 1750//1750 1749//1749 
f 1749//1749 1750//1750 1751//1751 
f 1750//1750 1752//1752 1751//1751 
f 1751//1751 1752//1752 1753//1753 
f 1752//1752 1754//1754 1753//1753 
f 1753//1753 1754//1754 1755//1755 
f 1754//1754 1756//1756 1755//1755 
f 1755//1755 1756//1756 1757//1757 
f 1756//1756 1758//1758 1757//1757 
f 1757//1757 1758//1758 1759//1759 
f 1758//1758 1760//1760 1759//1759 
f 1759//1759 1760//1760 1761//1761 
f 1760//1760 1762//1762 1761//1761 
f 1761//1761 1762//1762 1763//1763 
f 1762//1762 1764//1764 1763//1763 
f 1763//1763 1764//1764 1764//1764 
f 1764//1764 1720//1720 1764//1764 
f 1764//1764 1720//1720 1720//1720 
f 1720//1720 1765//1765 1720//1720 
f 1720//1720 1765//1765 1722//1722 
f 1765//1765 1766//1766 1722//1722 
f 1722//1722 1766//1766 1724//1724 
f 1766//1766 1767//1767 1724//1724 
f 1724//1724 1767//1767 1726//1726 
f 1767//1767 1768//1768 1726//1726 
f 1726//1726 1768//1768 1728//1728 
f 1768//1768 1769//1769 1728//1728 
f 1728//1728 1769//1769 1730//1730 
f 1769//1769 1770//1770 1730//1730 
f 1730//1730 1770//1770 1732//1732 
f 1770//1770 1771//1771 1732//1732 
f 1732//1732 1771//1771 1734//1734 
f 1771//1771 1772//1772 1734//1734 
f 1734//1734 1772//1772 1736//1736 
f 1772//1772 1773//1773 1736//1736 
f 1736//1736 1773//1773 1738//1738 
f 1773//1773 1774//1774 1738//1738 
f 1738//1738 1774//1774 1740//1740 
f 1774//1774 1775//1775 1740//1740 
f 1740//1740 1775//1775 1742//1742 
f 1775//1775 1776//1776 1742//1742 
f 1742//1742 1776//1776 1744//1744 
f 1776//1776 1777//1777 1744//1744 
f 1744//1744 1777//1777 1746//1746 
f 1777//1777 1778//1778 1746//1746 
f 1746//1746 1778//1778 1748//1748 
f 1778//1778 1779//1779 1748//1748 
f 1748//1748 1779//1779 1750//1750 
f 1779//1779 1780//1780 1750//1750 
f 1750//1750 1780//1780 1752//1752 
f 1780//1780 1781//1781 1752//1752 
f 1752//1752 1781//1781 1754//1754 
f 1781//1781 1782//1782 1754//1754 
f 1754//1754 1782//1782 1756//1756 
f 1782//1782 1783//1783 1756//1756 
f 1756//1756 1783//1783 1758//1758 
f 1783//1783 1784//1784 1758//1758 
f 1758//1758 1784//1784 1760//1760 
f 1784//1784 1785//1785 1760//1760 
f 1760//1760 1785//1785 1762//1762 
f 1785//1785 1786//1786 1762//1762 
f 1762//1762 1786//1786 1764//1764 
f 1786//1786 1787//1787 1764//1764 
f 1764//1764 1787//1787 1787//1787 
f 1787//1787 1765//1765 1787//1787 
f 1787//1787 1765//1765 1765//1765 
f 1765//1765 1788//1788 1765//1765 
f 1765//1765 1788//1788 1766//1766 
f 1788//1788 1789//1789 1766//1766 
f 1766//1766 1789//1789 1767//1767 
f 1789//1789 1790//1790 1767//1767 
f 1767//1767 1790//1790 1768//1768 
f 1790//1790 1791//1791 1768//1768 
f 1768//1768 1791//1791 1769//1769 
f 1791//1791 1792//1792 1769//1769 
f 1769//1769 1792//1792 1770//1770 
f 1792//1792 1793//1793 1770//1770 
f 1770//1770 1793//1793 1771//1771 
f 1793//1793 1794//1794 1771//1771 
f 1771//1771 1794//1794 1772//1772 
f 1794//1794 1795//1795 1772//1772 
f 1772//1772 1795//1795 1773//1773 
f 1795//1795 1796//1796 1773//1773 
f 1773//1773 1796//1796 1774//1774 
f 1796//1796 1797//1797 1774//1774 
f 1774//1774 1797//1797 1775//1775 
f 1797//1797 1798//1798 1775//1775 
f 1775//1775 1798//1798 1776//1776 
f 1798//1798 1799//1799 1776//1776 
f 1776//1776 1799//1799 1777//1777 
f 1799//1799 1800//1800 1777//1777 
f 1777//1777 1800//1800 1778//1778 
f 1800//1800 1801//1801 1778//1778 
f 1778//1778 1801//1801 1779//1779 
f 1801//1801 1802//1802 1779//1779 
f 1779//1779 1802//1802 1780//1780 
f 1802//1802 1803//1803 1780//1780 
f 1780//1780 1803//1803 1781//1781 
f 1803//1803 1804//1804 1781//1781 
f 1781//1781 1804//1804 1782//1782 
f 1804//1804 1805//1805 1782//1782 
f 1782//1782 1805//1805 1783//1783 
f 1805//1805 1806//1806 1783//1783 
f 1783//1783 1806//1806 1784//1784 
f 1806//1806 1807//1807 1784//1784 
f 1784//1784 1807//1807 1785//1785 
f 1807//1807 1808//1808 1785//1785 
f 1785//1785 1808//1808 1808//1808 
f 1808//1808 1788//1788 1808//1808 
f 1808//1808 1788//1788 1788//1788 
f 1788//1788 911//911 1788//1788 
f 1788//1788 911//911 1789//1789 
f 911//911 913//913 1789//1789 
f 1789//1789 913//913 1790//1790 
f 913//913 915//915 1790//1790 
f 1790//1790 915//915 1791//1791 
f 915//915 917//917 1791//1791 
f 1791//1791 917//917 1792//1792 
f 917//917 919//919 1792//1792 
f 1792//1792 919//919 1793//1793 
f 919//919 921//921 1793//1793 
f 1793//1793 921//921 1794//1794 
f 921//921 923//923 1794//1794 
f 1794//1794 923//923 1795//1795 
f 923//923 925//925 1795//1795 
f 1795//1795 925//925 1796//1796 
f 925//925 927//927 1796//1796 
f 1796//1796 927//927 1797//1797 
f 927//927 929//929 1797//1797 
f 1797//1797 929//929 1798//1798 
f 929//929 931//931 1798//1798 
f 1798//1798 931//931 1799//1799 
f 931//931 933//933 1799//1799 
f 1799//1799 933//933 1800//1800 
f 933//933 935//935 1800//1800 
f 1800//1800 935//935 1801//1801 
f 935//935 937//937 1801//1801 
f 1801//1801 937//937 1802//1802 
f 937//937 939//939 1802//1802 
f 1802//1802 939//939 1803//1803 
f 939//939 941//941 1803//1803 
f 1803//1803 941//941 1804//1804 
f 941//941 943//943 1804//1804 
f 1804//1804 943//943 1805//1805 
f 943//943 945//945 1805//1805 
f 1805//1805 945//945 1806//1806 
f 945//945 947//947 1806//1806 
f 1806//1806 947//947 1807//1807 
f 947//947 1809//1809 1807//1807 
f 1807//1807 1809//1809 1808//1808 
f 1809//1809 1810//1810 1808//1808 
f 1808//1808 1810//1810 1810//1810 
f 1810//1810 911//911 1810//1810 
f 1810//1810 911//911 911//911 
f 911//911 1788//1788 911//911 
f 911//911 1788//1788 909//909 
f 1788//1788 1811//1811 909//909 
f 909//909 1811//1811 907//907 
f 1811//1811 1812//1812 907//907 
f 907//907 1812//1812 1812//1812 
f 1812//1812 1788//1788 1812//1812 
f 1812//1812 1788//1788 1788//1788 
f 1788//1788 1765//1765 1788//1788 
f 1788//1788 1765//1765 1811//1811 
f 1765//1765 1813//1813 1811//1811 
f 1811//1811 1813//1813 1812//1812 
f 1813//1813 1814//1814 1812//1812 
f 1812//1812 1814//1814 1814//1814 
f 1814//1814 1815//1815 1814//1814 
f 1814//1814 1815//1815 1815//1815 
f 1815//1815 1816//1816 1815//1815 
f 1815//1815 1816//1816 1817//1817 
f 1816//1816 1818//1818 1817//1817 
f 1817//1817 1818//1818 1819//1819 
f 1818//1818 1820//1820 1819//1819 
f 1819//1819 1820//1820 1820//1820 
f 1820//1820 1818//1818 1820//1820 
f 1820//1820 1818//1818 1821//1821 
f 1818//1818 1822//1822 1821//1821 
f 1821//1821 1822//1822 1823//1823 
f 1822//1822 1824//1824 1823//1823 
f 1823//1823 1824//1824 1825//1825 
f 1824//1824 1826//1826 1825//1825 
f 1825//1825 1826//1826 1827//1827 
f 1826//1826 1828//1828 1827//1827 
f 1827//1827 1828//1828 1829//1829 
f 1828//1828 1830//1830 1829//1829 
f 1829//1829 1830//1830 1831//1831 
f 1830//1830 1832//1832 1831//1831 
f 1831//1831 1832//1832 1341//1341 
f 1832//1832 1339//1339 1341//1341 
f 1341//1341 1339//1339 1339//1339 
f 1339//1339 1341//1341 1339//1339 
f 1339//1339 1341//1341 1341//1341 
f 1341//1341 1343//1343 1341//1341 
f 1341//1341 1343//1343 1831//1831 
f 1343//1343 1833//1833 1831//1831 
f 1831//1831 1833//1833 1829//1829 
f 1833//1833 1834//1834 1829//1829 
f 1829//1829 1834//1834 1827//1827 
f 1834//1834 1835//1835 1827//1827 
f 1827//1827 1835//1835 1825//1825 
f 1835//1835 1836//1836 1825//1825 
f 1825//1825 1836//1836 1823//1823 
f 1836//1836 1837//1837 1823//1823 
f 1823//1823 1837//1837 1821//1821 
f 1837//1837 1838//1838 1821//1821 
f 1821//1821 1838//1838 1820//1820 
f 1838//1838 1820//1820 1820//1820 
f 1820//1820 1820//1820 1343//1343 
f 1820//1820 1343//1343 1343//1343 
f 1343//1343 1343//1343 1343//1343 
f 1343//1343 1345//1345 1343//1343 
f 1343//1343 1345//1345 1833//1833 
f 1345//1345 1839//1839 1833//1833 
f 1833//1833 1839//1839 1834//1834 
f 1839//1839 1840//1840 1834//1834 
f 1834//1834 1840//1840 1835//1835 
f 1840//1840 1841//1841 1835//1835 
f 1835//1835 1841//1841 1836//1836 
f 1841//1841 1842//1842 1836//1836 
f 1836//1836 1842//1842 1837//1837 
f 1842//1842 1843//1843 1837//1837 
f 1837//1837 1843//1843 1838//1838 
f 1843//1843 1838//1838 1838//1838 
f 1838//1838 1838//1838 1345//1345 
f 1838//1838 1345//1345 1345//1345 
f 1345//1345 1345//1345 1345//1345 
f 1345//1345 1347//1347 1345//1345 
f 1345//1345 1347//1347 1839//1839 
f 1347//1347 1844//1844 1839//1839 
f 1839//1839 1844//1844 1840//1840 
f 1844//1844 1845//1845 1840//1840 
f 1840//1840 1845//1845 1841//1841 
f 1845//1845 1846//1846 1841//1841 
f 1841//1841 1846//1846 1842//1842 
f 1846//1846 1847//1847 1842//1842 
f 1842//1842 1847//1847 1843//1843 
f 1847//1847 1843//1843 1843//1843 
f 1843//1843 1843//1843 1347//1347 
f 1843//1843 1347//1347 1347//1347 
f 1347//1347 1347//1347 1347//1347 
f 1347//1347 1349//1349 1347//1347 
f 1347//1347 1349//1349 1844//1844 
f 1349//1349 1848//1848 1844//1844 
f 1844//1844 1848//1848 1845//1845 
f 1848//1848 1849//1849 1845//1845 
f 1845//1845 1849//1849 1846//1846 
f 1849//1849 1850//1850 1846//1846 
f 1846//1846 1850//1850 1847//1847 
f 1850//1850 1847//1847 1847//1847 
f 1847//1847 1847//1847 1349//1349 
f 1847//1847 1349//1349 1349//1349 
f 1349//1349 1349//1349 1349//1349 
f 1349//1349 1351//1351 1349//1349 
f 1349//1349 1351//1351 1848//1848 
f 1351//1351 1851//1851 1848//1848 
f 1848//1848 1851//1851 1849//1849 
f 1851//1851 1852//1852 1849//1849 
f 1849//1849 1852//1852 1850//1850 
f 1852//1852 1850//1850 1850//1850 
f 1850//1850 1850//1850 1351//1351 
f 1850//1850 1351//1351 1351//1351 
f 1351//1351 1351//1351 1351//1351 
f 1351//1351 1353//1353 1351//1351 
f 1351//1351 1353//1353 1851//1851 
f 1353//1353 1853//1853 1851//1851 
f 1851//1851 1853//1853 1852//1852 
f 1853//1853 1852//1852 1852//1852 
f 1852//1852 1852//1852 1854//1854 
f 1852//1852 1854//1854 1854//1854 
f 1854//1854 1854//1854 1854//1854 
f 1854//1854 1855//1855 1854//1854 
f 1854//1854 1855//1855 1856//1856 
f 1855//1855 1857//1857 1856//1856 
f 1856//1856 1857//1857 1858//1858 
f 1857//1857 1859//1859 1858//1858 
f 1858//1858 1859//1859 1860//1860 
f 1859//1859 1861//1861 1860//1860 
f 1860//1860 1861//1861 1862//1862 
f 1861//1861 1863//1863 1862//1862 
f 1862//1862 1863//1863 1863//1863 
f 1863//1863 1855//1855 1863//1863 
f 1863//1863 1855//1855 1855//1855 
f 1855//1855 1864//1864 1855//1855 
f 1855//1855 1864//1864 1857//1857 
f 1864//1864 1865//1865 1857//1857 
f 1857//1857 1865//1865 1859//1859 
f 1865//1865 1866//1866 1859//1859 
f 1859//1859 1866//1866 1861//1861 
f 1866//1866 1867//1867 1861//1861 
f 1861//1861 1867//1867 1863//1863 
f 1867//1867 1868//1868 1863//1863 
f 1863//1863 1868//1868 1868//1868 
f 1868//1868 1864//1864 1868//1868 
f 1868//1868 1864//1864 1864//1864 
f 1864//1864 1869//1869 1864//1864 
f 1864//1864 1869//1869 1865//1865 
f 1869//1869 1870//1870 1865//1865 
f 1865//1865 1870//1870 1866//1866 
f 1870//1870 1871//1871 1866//1866 
f 1866//1866 1871//1871 1867//1867 
f 1871//1871 1872//1872 1867//1867 
f 1867//1867 1872//1872 1868//1868 
f 1872//1872 1873//1873 1868//1868 
f 1868//1868 1873//1873 1873//1873 
f 1873//1873 1869//1869 1873//1873 
f 1873//1873 1869//1869 1869//1869 
f 1869//1869 1874//1874 1869//1869 
f 1869//1869 1874//1874 1870//1870 
f 1874//1874 1875//1875 1870//1870 
f 1870//1870 1875//1875 1871//1871 
f 1875//1875 1876//1876 1871//1871 
f 1871//1871 1876//1876 1872//1872 
f 1876//1876 1877//1877 1872//1872 
f 1872//1872 1877//1877 1873//1873 
f 1877//1877 1878//1878 1873//1873 
f 1873//1873 1878//1878 1878//1878 
f 1878//1878 1874//1874 1878//1878 
f 1878//1878 1874//1874 1874//1874 
f 1874//1874 1879//1879 1874//1874 
f 1874//1874 1879//1879 1875//1875 
f 1879//1879 1880//1880 1875//1875 
f 1875//1875 1880//1880 1876//1876 
f 1880//1880 1881//1881 1876//1876 
f 1876//1876 1881//1881 1877//1877 
f 1881//1881 1882//1882 1877//1877 
f 1877//1877 1882//1882 1878//1878 
f 1882//1882 1883//1883 1878//1878 
f 1878//1878 1883//1883 1883//1883 
f 1883//1883 1879//1879 1883//1883 
f 1883//1883 1879//1879 1879//1879 
f 1879//1879 1884//1884 1879//1879 
f 1879//1879 1884//1884 1880//1880 
f 1884//1884 1885//1885 1880//1880 
f 1880//1880 1885//1885 1881//1881 
f 1885//1885 1886//1886 1881//1881 
f 1881//1881 1886//1886 1882//1882 
f 1886//1886 1887//1887 1882//1882 
f 1882//1882 1887//1887 1883//1883 
f 1887//1887 1888//1888 1883//1883 
f 1883//1883 1888//1888 1888//1888 
f 1888//1888 1884//1884 1888//1888 
f 1888//1888 1884//1884 1884//1884 
f 1884//1884 1889//1889 1884//1884 
f 1884//1884 1889//1889 1885//1885 
f 1889//1889 1890//1890 1885//1885 
f 1885//1885 1890//1890 1886//1886 
f 1890//1890 1891//1891 1886//1886 
f 1886//1886 1891//1891 1887//1887 
f 1891//1891 1892//1892 1887//1887 
f 1887//1887 1892//1892 1888//1888 
f 1892//1892 1893//1893 1888//1888 
f 1888//1888 1893//1893 1893//1893 
f 1893//1893 1889//1889 1893//1893 
f 1893//1893 1889//1889 1889//1889 
f 1889//1889 1894//1894 1889//1889 
f 1889//1889 1894//1894 1890//1890 
f 1894//1894 1895//1895 1890//1890 
f 1890//1890 1895//1895 1891//1891 
f 1895//1895 1896//1896 1891//1891 
f 1891//1891 1896//1896 1892//1892 
f 1896//1896 1897//1897 1892//1892 
f 1892//1892 1897//1897 1893//1893 
f 1897//1897 1898//1898 1893//1893 
f 1893//1893 1898//1898 1898//1898 
f 1898//1898 1894//1894 1898//1898 
f 1898//1898 1894//1894 1894//1894 
f 1894//1894 1899//1899 1894//1894 
f 1894//1894 1899//1899 1895//1895 
f 1899//1899 1900//1900 1895//1895 
f 1895//1895 1900//1900 1896//1896 
f 1900//1900 1901//1901 1896//1896 
f 1896//1896 1901//1901 1897//1897 
f 1901//1901 1902//1902 1897//1897 
f 1897//1897 1902//1902 1898//1898 
f 1902//1902 1903//1903 1898//1898 
f 1898//1898 1903//1903 1903//1903 
f 1903//1903 1899//1899 1903//1903 
f 1903//1903 1899//1899 1899//1899 
f 1899//1899 1904//1904 1899//1899 
f 1899//1899 1904//1904 1900//1900 
f 1904//1904 1905//1905 1900//1900 
f 1900//1900 1905//1905 1901//1901 
f 1905//1905 1906//1906 1901//1901 
f 1901//1901 1906//1906 1902//1902 
f 1906//1906 1907//1907 1902//1902 
f 1902//1902 1907//1907 1903//1903 
f 1907//1907 1908//1908 1903//1903 
f 1903//1903 1908//1908 1908//1908 
f 1908//1908 1904//1904 1908//1908 
f 1908//1908 1904//1904 1904//1904 
f 1904//1904 1909//1909 1904//1904 
f 1904//1904 1909//1909 1905//1905 
f 1909//1909 1910//1910 1905//1905 
f 1905//1905 1910//1910 1906//1906 
f 1910//1910 1911//1911 1906//1906 
f 1906//1906 1911//1911 1907//1907 
f 1911//1911 1912//1912 1907//1907 
f 1907//1907 1912//1912 1908//1908 
f 1912//1912 1913//1913 1908//1908 
f 1908//1908 1913//1913 1913//1913 
f 1913//1913 1909//1909 1913//1913 
f 1913//1913 1909//1909 1909//1909 
f 1909//1909 1914//1914 1909//1909 
f 1909//1909 1914//1914 1910//1910 
f 1914//1914 1915//1915 1910//1910 
f 1910//1910 1915//1915 1911//1911 
f 1915//1915 1916//1916 1911//1911 
f 1911//1911 1916//1916 1912//1912 
f 1916//1916 1917//1917 1912//1912 
f 1912//1912 1917//1917 1913//1913 
f 1917//1917 1918//1918 1913//1913 
f 1913//1913 1918//1918 1918//1918 
f 1918//1918 1914//1914 1918//1918 
f 1918//1918 1914//1914 1914//1914 
f 1914//1914 1919//1919 1914//1914 
f 1914//1914 1919//1919 1915//1915 
f 1919//1919 1920//1920 1915//1915 
f 1915//1915 1920//1920 1916//1916 
f 1920//1920 1921//1921 1916//1916 
f 1916//1916 1921//1921 1917//1917 
f 1921//1921 1922//1922 1917//1917 
f 1917//1917 1922//1922 1918//1918 
f 1922//1922 1923//1923 1918//1918 
f 1918//1918 1923//1923 1923//1923 
f 1923//1923 1919//1919 1923//1923 
f 1923//1923 1919//1919 1919//1919 
f 1919//1919 1924//1924 1919//1919 
f 1919//1919 1924//1924 1920//1920 
f 1924//1924 1925//1925 1920//1920 
f 1920//1920 1925//1925 1921//1921 
f 1925//1925 1926//1926 1921//1921 
f 1921//1921 1926//1926 1922//1922 
f 1926//1926 1927//1927 1922//1922 
f 1922//1922 1927//1927 1923//1923 
f 1927//1927 1928//1928 1923//1923 
f 1923//1923 1928//1928 1928//1928 
f 1928//1928 1924//1924 1928//1928 
f 1928//1928 1924//1924 1924//1924 
f 1924//1924 1929//1929 1924//1924 
f 1924//1924 1929//1929 1925//1925 
f 1929//1929 1930//1930 1925//1925 
f 1925//1925 1930//1930 1926//1926 
f 1930//1930 1931//1931 1926//1926 
f 1926//1926 1931//1931 1927//1927 
f 1931//1931 1932//1932 1927//1927 
f 1927//1927 1932//1932 1928//1928 
f 1932//1932 1933//1933 1928//1928 
f 1928//1928 1933//1933 1933//1933 
f 1933//1933 1929//1929 1933//1933 
f 1933//1933 1929//1929 1929//1929 
f 1929//1929 1934//1934 1929//1929 
f 1929//1929 1934//1934 1930//1930 
f 1934//1934 1935//1935 1930//1930 
f 1930//1930 1935//1935 1931//1931 
f 1935//1935 1936//1936 1931//1931 
f 1931//1931 1936//1936 1932//1932 
f 1936//1936 1937//1937 1932//1932 
f 1932//1932 1937//1937 1933//1933 
f 1937//1937 1938//1938 1933//1933 
f 1933//1933 1938//1938 1938//1938 
f 1938//1938 1934//1934 1938//1938 
f 1938//1938 1934//1934 1934//1934 
f 1934//1934 1939//1939 1934//1934 
f 1934//1934 1939//1939 1935//1935 
f 1939//1939 1940//1940 1935//1935 
f 1935//1935 1940//1940 1936//1936 
f 1940//1940 1941//1941 1936//1936 
f 1936//1936 1941//1941 1937//1937 
f 1941//1941 1942//1942 1937//1937 
f 1937//1937 1942//1942 1938//1938 
f 1942//1942 1943//1943 1938//1938 
f 1938//1938 1943//1943 1943//1943 
f 1943//1943 1939//1939 1943//1943 
f 1943//1943 1939//1939 1939//1939 
f 1939//1939 1944//1944 1939//1939 
f 1939//1939 1944//1944 1940//1940 
f 1944//1944 1945//1945 1940//1940 
f 1940//1940 1945//1945 1941//1941 
f 1945//1945 1946//1946 1941//1941 
f 1941//1941 1946//1946 1942//1942 
f 1946//1946 1947//1947 1942//1942 
f 1942//1942 1947//1947 1943//1943 
f 1947//1947 1948//1948 1943//1943 
f 1943//1943 1948//1948 1948//1948 
f 1948//1948 1944//1944 1948//1948 
f 1948//1948 1944//1944 1944//1944 
f 1944//1944 1949//1949 1944//1944 
f 1944//1944 1949//1949 1945//1945 
f 1949//1949 1950//1950 1945//1945 
f 1945//1945 1950//1950 1946//1946 
f 1950//1950 1951//1951 1946//1946 
f 1946//1946 1951//1951 1947//1947 
f 1951//1951 1952//1952 1947//1947 
f 1947//1947 1952//1952 1948//1948 
f 1952//1952 1953//1953 1948//1948 
f 1948//1948 1953//1953 1953//1953 
f 1953//1953 1949//1949 1953//1953 
f 1953//1953 1949//1949 1949//1949 
f 1949//1949 1954//1954 1949//1949 
f 1949//1949 1954//1954 1950//1950 
f 1954//1954 1955//1955 1950//1950 
f 1950//1950 1955//1955 1951//1951 
f 1955//1955 1956//1956 1951//1951 
f 1951//1951 1956//1956 1952//1952 
f 1956//1956 1957//1957 1952//1952 
f 1952//1952 1957//1957 1953//1953 
f 1957//1957 1958//1958 1953//1953 
f 1953//1953 1958//1958 1958//1958 
f 1958//1958 1949//1949 1958//1958 
f 1958//1958 1949//1949 1949//1949 
f 1949//1949 1959//1959 1949//1949 
f 1949//1949 1959//1959 1954//1954 
f 1959//1959 1960//1960 1954//1954 
f 1954//1954 1960//1960 1961//1961 
f 1960//1960 1761//1761 1961//1961 
f 1961//1961 1761//1761 1763//1763 
f 1761//1761 1763//1763 1763//1763 
f 1763//1763 1763//1763 1761//1761 
f 1763//1763 1761//1761 1761//1761 
f 1761//1761 1761//1761 1761//1761 
f 1761//1761 1960//1960 1761//1761 
f 1761//1761 1960//1960 1759//1759 
f 1960//1960 1962//1962 1759//1759 
f 1759//1759 1962//1962 1757//1757 
f 1962//1962 1963//1963 1757//1757 
f 1757//1757 1963//1963 1755//1755 
f 1963//1963 1964//1964 1755//1755 
f 1755//1755 1964//1964 1753//1753 
f 1964//1964 1965//1965 1753//1753 
f 1753//1753 1965//1965 1751//1751 
f 1965//1965 1966//1966 1751//1751 
f 1751//1751 1966//1966 1749//1749 
f 1966//1966 1967//1967 1749//1749 
f 1749//1749 1967//1967 1747//1747 
f 1967//1967 1968//1968 1747//1747 
f 1747//1747 1968//1968 1745//1745 
f 1968//1968 1969//1969 1745//1745 
f 1745//1745 1969//1969 1743//1743 
f 1969//1969 1970//1970 1743//1743 
f 1743//1743 1970//1970 1741//1741 
f 1970//1970 1971//1971 1741//1741 
f 1741//1741 1971//1971 1739//1739 
f 1971//1971 1972//1972 1739//1739 
f 1739//1739 1972//1972 1737//1737 
f 1972//1972 1973//1973 1737//1737 
f 1737//1737 1973//1973 1735//1735 
f 1973//1973 1974//1974 1735//1735 
f 1735//1735 1974//1974 1733//1733 
f 1974//1974 1975//1975 1733//1733 
f 1733//1733 1975//1975 1731//1731 
f 1975//1975 1976//1976 1731//1731 
f 1731//1731 1976//1976 1729//1729 
f 1976//1976 1977//1977 1729//1729 
f 1729//1729 1977//1977 1727//1727 
f 1977//1977 1978//1978 1727//1727 
f 1727//1727 1978//1978 1725//1725 
f 1978//1978 1979//1979 1725//1725 
f 1725//1725 1979//1979 1723//1723 
f 1979//1979 1980//1980 1723//1723 
f 1723//1723 1980//1980 1980//1980 
f 1980//1980 1960//1960 1980//1980 
f 1980//1980 1960//1960 1960//1960 
f 1960//1960 1959//1959 1960//1960 
f 1960//1960 1959//1959 1962//1962 
f 1959//1959 1981//1981 1962//1962 
f 1962//1962 1981//1981 1963//1963 
f 1981//1981 1982//1982 1963//1963 
f 1963//1963 1982//1982 1964//1964 
f 1982//1982 1983//1983 1964//1964 
f 1964//1964 1983//1983 1965//1965 
f 1983//1983 1984//1984 1965//1965 
f 1965//1965 1984//1984 1966//1966 
f 1984//1984 1985//1985 1966//1966 
f 1966//1966 1985//1985 1967//1967 
f 1985//1985 1986//1986 1967//1967 
f 1967//1967 1986//1986 1968//1968 
f 1986//1986 1987//1987 1968//1968 
f 1968//1968 1987//1987 1969//1969 
f 1987//1987 1988//1988 1969//1969 
f 1969//1969 1988//1988 1970//1970 
f 1988//1988 1989//1989 1970//1970 
f 1970//1970 1989//1989 1971//1971 
f 1989//1989 1990//1990 1971//1971 
f 1971//1971 1990//1990 1972//1972 
f 1990//1990 1991//1991 1972//1972 
f 1972//1972 1991//1991 1973//1973 
f 1991//1991 1992//1992 1973//1973 
f 1973//1973 1992//1992 1974//1974 
f 1992//1992 1993//1993 1974//1974 
f 1974//1974 1993//1993 1975//1975 
f 1993//1993 1994//1994 1975//1975 
f 1975//1975 1994//1994 1976//1976 
f 1994//1994 1995//1995 1976//1976 
f 1976//1976 1995//1995 1977//1977 
f 1995//1995 1996//1996 1977//1977 
f 1977//1977 1996//1996 1978//1978 
f 1996//1996 1997//1997 1978//1978 
f 1978//1978 1997//1997 1979//1979 
f 1997//1997 1998//1998 1979//1979 
f 1979//1979 1998//1998 1980//1980 
f 1998//1998 1999//1999 1980//1980 
f 1980//1980 1999//1999 1999//1999 
f 1999//1999 1959//1959 1999//1999 
f 1999//1999 1959//1959 1959//1959 
f 1959//1959 2000//2000 1959//1959 
f 1959//1959 2000//2000 1981//1981 
f 2000//2000 2001//2001 1981//1981 
f 1981//1981 2001//2001 1982//1982 
f 2001//2001 2002//2002 1982//1982 
f 1982//1982 2002//2002 1983//1983 
f 2002//2002 2003//2003 1983//1983 
f 1983//1983 2003//2003 1984//1984 
f 2003//2003 2004//2004 1984//1984 
f 1984//1984 2004//2004 1985//1985 
f 2004//2004 2005//2005 1985//1985 
f 1985//1985 2005//2005 1986//1986 
f 2005//2005 2006//2006 1986//1986 
f 1986//1986 2006//2006 1987//1987 
f 2006//2006 2007//2007 1987//1987 
f 1987//1987 2007//2007 1988//1988 
f 2007//2007 2008//2008 1988//1988 
f 1988//1988 2008//2008 1989//1989 
f 2008//2008 2009//2009 1989//1989 
f 1989//1989 2009//2009 1990//1990 
f 2009//2009 2010//2010 1990//1990 
f 1990//1990 2010//2010 1991//1991 
f 2010//2010 2011//2011 1991//1991 
f 1991//1991 2011//2011 1992//1992 
f 2011//2011 2012//2012 1992//1992 
f 1992//1992 2012//2012 1993//1993 
f 2012//2012 2013//2013 1993//1993 
f 1993//1993 2013//2013 1994//1994 
f 2013//2013 2014//2014 1994//1994 
f 1994//1994 2014//2014 1995//1995 
f 2014//2014 2015//2015 1995//1995 
f 1995//1995 2015//2015 1996//1996 
f 2015//2015 2016//2016 1996//1996 
f 1996//1996 2016//2016 1997//1997 
f 2016//2016 2017//2017 1997//1997 
f 1997//1997 2017//2017 2017//2017 
f 2017//2017 1959//1959 2017//2017 
f 2017//2017 1959//1959 1959//1959 
f 1959//1959 1949//1949 1959//1959 
f 1959//1959 1949//1949 2000//2000 
f 1949//1949 1944//1944 2000//2000 
f 2000//2000 1944//1944 2018//2018 
f 1944//1944 1939//1939 2018//2018 
f 2018//2018 1939//1939 2019//2019 
f 1939//1939 1934//1934 2019//2019 
f 2019//2019 1934//1934 2020//2020 
f 1934//1934 1929//1929 2020//2020 
f 2020//2020 1929//1929 2021//2021 
f 1929//1929 1924//1924 2021//2021 
f 2021//2021 1924//1924 2022//2022 
f 1924//1924 1919//1919 2022//2022 
f 2022//2022 1919//1919 2023//2023 
f 1919//1919 1914//1914 2023//2023 
f 2023//2023 1914//1914 2024//2024 
f 1914//1914 1909//1909 2024//2024 
f 2024//2024 1909//1909 2025//2025 
f 1909//1909 1904//1904 2025//2025 
f 2025//2025 1904//1904 2026//2026 
f 1904//1904 1899//1899 2026//2026 
f 2026//2026 1899//1899 2027//2027 
f 1899//1899 1894//1894 2027//2027 
f 2027//2027 1894//1894 2028//2028 
f 1894//1894 1889//1889 2028//2028 
f 2028//2028 1889//1889 2029//2029 
f 1889//1889 1884//1884 2029//2029 
f 2029//2029 1884//1884 2030//2030 
f 1884//1884 1879//1879 2030//2030 
f 2030//2030 1879//1879 2031//2031 
f 1879//1879 1874//1874 2031//2031 
f 2031//2031 1874//1874 2032//2032 
f 1874//1874 1869//1869 2032//2032 
f 2032//2032 1869//1869 2033//2033 
f 1869//1869 1864//1864 2033//2033 
f 2033//2033 1864//1864 2034//2034 
f 1864//1864 2034//2034 2034//2034 
f 2034//2034 2034//2034 2000//2000 
f 2034//2034 2000//2000 2000//2000 
f 2000//2000 2000//2000 2000//2000 
f 2000//2000 2018//2018 2000//2000 
f 2000//2000 2018//2018 2001//2001 
f 2018//2018 2035//2035 2001//2001 
f 2001//2001 2035//2035 2002//2002 
f 2035//2035 2036//2036 2002//2002 
f 2002//2002 2036//2036 2003//2003 
f 2036//2036 2037//2037 2003//2003 
f 2003//2003 2037//2037 2004//2004 
f 2037//2037 2038//2038 2004//2004 
f 2004//2004 2038//2038 2005//2005 
f 2038//2038 2039//2039 2005//2005 
f 2005//2005 2039//2039 2006//2006 
f 2039//2039 2040//2040 2006//2006 
f 2006//2006 2040//2040 2007//2007 
f 2040//2040 2041//2041 2007//2007 
f 2007//2007 2041//2041 2008//2008 
f 2041//2041 2042//2042 2008//2008 
f 2008//2008 2042//2042 2009//2009 
f 2042//2042 2043//2043 2009//2009 
f 2009//2009 2043//2043 2010//2010 
f 2043//2043 2044//2044 2010//2010 
f 2010//2010 2044//2044 2011//2011 
f 2044//2044 2045//2045 2011//2011 
f 2011//2011 2045//2045 2012//2012 
f 2045//2045 2046//2046 2012//2012 
f 2012//2012 2046//2046 2013//2013 
f 2046//2046 2047//2047 2013//2013 
f 2013//2013 2047//2047 2014//2014 
f 2047//2047 2048//2048 2014//2014 
f 2014//2014 2048//2048 2015//2015 
f 2048//2048 2049//2049 2015//2015 
f 2015//2015 2049//2049 2016//2016 
f 2049//2049 2050//2050 2016//2016 
f 2016//2016 2050//2050 2017//2017 
f 2050//2050 2051//2051 2017//2017 
f 2017//2017 2051//2051 2051//2051 
f 2051//2051 2018//2018 2051//2051 
f 2051//2051 2018//2018 2018//2018 
f 2018//2018 2019//2019 2018//2018 
f 2018//2018 2019//2019 2035//2035 
f 2019//2019 2052//2052 2035//2035 
f 2035//2035 2052//2052 2036//2036 
f 2052//2052 2053//2053 2036//2036 
f 2036//2036 2053//2053 2037//2037 
f 2053//2053 2054//2054 2037//2037 
f 2037//2037 2054//2054 2038//2038 
f 2054//2054 2055//2055 2038//2038 
f 2038//2038 2055//2055 2039//2039 
f 2055//2055 2056//2056 2039//2039 
f 2039//2039 2056//2056 2040//2040 
f 2056//2056 2057//2057 2040//2040 
f 2040//2040 2057//2057 2041//2041 
f 2057//2057 2058//2058 2041//2041 
f 2041//2041 2058//2058 2042//2042 
f 2058//2058 2059//2059 2042//2042 
f 2042//2042 2059//2059 2043//2043 
f 2059//2059 2060//2060 2043//2043 
f 2043//2043 2060//2060 2044//2044 
f 2060//2060 2061//2061 2044//2044 
f 2044//2044 2061//2061 2045//2045 
f 2061//2061 2062//2062 2045//2045 
f 2045//2045 2062//2062 2046//2046 
f 2062//2062 2063//2063 2046//2046 
f 2046//2046 2063//2063 2047//2047 
f 2063//2063 2064//2064 2047//2047 
f 2047//2047 2064//2064 2048//2048 
f 2064//2064 2065//2065 2048//2048 
f 2048//2048 2065//2065 2049//2049 
f 2065//2065 2066//2066 2049//2049 
f 2049//2049 2066//2066 2066//2066 
f 2066//2066 2019//2019 2066//2066 
f 2066//2066 2019//2019 2019//2019 
f 2019//2019 2020//2020 2019//2019 
f 2019//2019 2020//2020 2052//2052 
f 2020//2020 2067//2067 2052//2052 
f 2052//2052 2067//2067 2053//2053 
f 2067//2067 2068//2068 2053//2053 
f 2053//2053 2068//2068 2054//2054 
f 2068//2068 2069//2069 2054//2054 
f 2054//2054 2069//2069 2055//2055 
f 2069//2069 2070//2070 2055//2055 
f 2055//2055 2070//2070 2056//2056 
f 2070//2070 2071//2071 2056//2056 
f 2056//2056 2071//2071 2057//2057 
f 2071//2071 2072//2072 2057//2057 
f 2057//2057 2072//2072 2058//2058 
f 2072//2072 2073//2073 2058//2058 
f 2058//2058 2073//2073 2059//2059 
f 2073//2073 2074//2074 2059//2059 
f 2059//2059 2074//2074 2060//2060 
f 2074//2074 2075//2075 2060//2060 
f 2060//2060 2075//2075 2061//2061 
f 2075//2075 2076//2076 2061//2061 
f 2061//2061 2076//2076 2062//2062 
f 2076//2076 2077//2077 2062//2062 
f 2062//2062 2077//2077 2063//2063 
f 2077//2077 2078//2078 2063//2063 
f 2063//2063 2078//2078 2064//2064 
f 2078//2078 2079//2079 2064//2064 
f 2064//2064 2079//2079 2065//2065 
f 2079//2079 2080//2080 2065//2065 
f 2065//2065 2080//2080 2066//2066 
f 2080//2080 2081//2081 2066//2066 
f 2066//2066 2081//2081 2081//2081 
f 2081//2081 2020//2020 2081//2081 
f 2081//2081 2020//2020 2020//2020 
f 2020//2020 2021//2021 2020//2020 
f 2020//2020 2021//2021 2067//2067 
f 2021//2021 2082//2082 2067//2067 
f 2067//2067 2082//2082 2068//2068 
f 2082//2082 2083//2083 2068//2068 
f 2068//2068 2083//2083 2069//2069 
f 2083//2083 2084//2084 2069//2069 
f 2069//2069 2084//2084 2070//2070 
f 2084//2084 2085//2085 2070//2070 
f 2070//2070 2085//2085 2071//2071 
f 2085//2085 2086//2086 2071//2071 
f 2071//2071 2086//2086 2072//2072 
f 2086//2086 2087//2087 2072//2072 
f 2072//2072 2087//2087 2073//2073 
f 2087//2087 2088//2088 2073//2073 
f 2073//2073 2088//2088 2074//2074 
f 2088//2088 2089//2089 2074//2074 
f 2074//2074 2089//2089 2075//2075 
f 2089//2089 2090//2090 2075//2075 
f 2075//2075 2090//2090 2076//2076 
f 2090//2090 2091//2091 2076//2076 
f 2076//2076 2091//2091 2077//2077 
f 2091//2091 2092//2092 2077//2077 
f 2077//2077 2092//2092 2078//2078 
f 2092//2092 2093//2093 2078//2078 
f 2078//2078 2093//2093 2079//2079 
f 2093//2093 2094//2094 2079//2079 
f 2079//2079 2094//2094 2094//2094 
f 2094//2094 2021//2021 2094//2094 
f 2094//2094 2021//2021 2021//2021 
f 2021//2021 2022//2022 2021//2021 
f 2021//2021 2022//2022 2082//2082 
f 2022//2022 2095//2095 2082//2082 
f 2082//2082 2095//2095 2083//2083 
f 2095//2095 2096//2096 2083//2083 
f 2083//2083 2096//2096 2084//2084 
f 2096//2096 2097//2097 2084//2084 
f 2084//2084 2097//2097 2085//2085 
f 2097//2097 2098//2098 2085//2085 
f 2085//2085 2098//2098 2086//2086 
f 2098//2098 2099//2099 2086//2086 
f 2086//2086 2099//2099 2087//2087 
f 2099//2099 2100//2100 2087//2087 
f 2087//2087 2100//2100 2088//2088 
f 2100//2100 2101//2101 2088//2088 
f 2088//2088 2101//2101 2089//2089 
f 2101//2101 2102//2102 2089//2089 
f 2089//2089 2102//2102 2090//2090 
f 2102//2102 2103//2103 2090//2090 
f 2090//2090 2103//2103 2091//2091 
f 2103//2103 2104//2104 2091//2091 
f 2091//2091 2104//2104 2092//2092 
f 2104//2104 2105//2105 2092//2092 
f 2092//2092 2105//2105 2093//2093 
f 2105//2105 2106//2106 2093//2093 
f 2093//2093 2106//2106 2094//2094 
f 2106//2106 2107//2107 2094//2094 
f 2094//2094 2107//2107 2107//2107 
f 2107//2107 2022//2022 2107//2107 
f 2107//2107 2022//2022 2022//2022 
f 2022//2022 2023//2023 2022//2022 
f 2022//2022 2023//2023 2095//2095 
f 2023//2023 2108//2108 2095//2095 
f 2095//2095 2108//2108 2096//2096 
f 2108//2108 2109//2109 2096//2096 
f 2096//2096 2109//2109 2097//2097 
f 2109//2109 2110//2110 2097//2097 
f 2097//2097 2110//2110 2098//2098 
f 2110//2110 2111//2111 2098//2098 
f 2098//2098 2111//2111 2099//2099 
f 2111//2111 2112//2112 2099//2099 
f 2099//2099 2112//2112 2100//2100 
f 2112//2112 2113//2113 2100//2100 
f 2100//2100 2113//2113 2101//2101 
f 2113//2113 2114//2114 2101//2101 
f 2101//2101 2114//2114 2102//2102 
f 2114//2114 2115//2115 2102//2102 
f 2102//2102 2115//2115 2103//2103 
f 2115//2115 2116//2116 2103//2103 
f 2103//2103 2116//2116 2104//2104 
f 2116//2116 2117//2117 2104//2104 
f 2104//2104 2117//2117 2105//2105 
f 2117//2117 2118//2118 2105//2105 
f 2105//2105 2118//2118 2118//2118 
f 2118//2118 2023//2023 2118//2118 
f 2118//2118 2023//2023 2023//2023 
f 2023//2023 2024//2024 2023//2023 
f 2023//2023 2024//2024 2108//2108 
f 2024//2024 2119//2119 2108//2108 
f 2108//2108 2119//2119 2109//2109 
f 2119//2119 2120//2120 2109//2109 
f 2109//2109 2120//2120 2110//2110 
f 2120//2120 2121//2121 2110//2110 
f 2110//2110 2121//2121 2111//2111 
f 2121//2121 2122//2122 2111//2111 
f 2111//2111 2122//2122 2112//2112 
f 2122//2122 2123//2123 2112//2112 
f 2112//2112 2123//2123 2113//2113 
f 2123//2123 2124//2124 2113//2113 
f 2113//2113 2124//2124 2114//2114 
f 2124//2124 2125//2125 2114//2114 
f 2114//2114 2125//2125 2115//2115 
f 2125//2125 2126//2126 2115//2115 
f 2115//2115 2126//2126 2116//2116 
f 2126//2126 2127//2127 2116//2116 
f 2116//2116 2127//2127 2117//2117 
f 2127//2127 2128//2128 2117//2117 
f 2117//2117 2128//2128 2118//2118 
f 2128//2128 2129//2129 2118//2118 
f 2118//2118 2129//2129 2129//2129 
f 2129//2129 2024//2024 2129//2129 
f 2129//2129 2024//2024 2024//2024 
f 2024//2024 2025//2025 2024//2024 
f 2024//2024 2025//2025 2119//2119 
f 2025//2025 2130//2130 2119//2119 
f 2119//2119 2130//2130 2120//2120 
f 2130//2130 2131//2131 2120//2120 
f 2120//2120 2131//2131 2121//2121 
f 2131//2131 2132//2132 2121//2121 
f 2121//2121 2132//2132 2122//2122 
f 2132//2132 2133//2133 2122//2122 
f 2122//2122 2133//2133 2123//2123 
f 2133//2133 2134//2134 2123//2123 
f 2123//2123 2134//2134 2124//2124 
f 2134//2134 2135//2135 2124//2124 
f 2124//2124 2135//2135 2125//2125 
f 2135//2135 2136//2136 2125//2125 
f 2125//2125 2136//2136 2126//2126 
f 2136//2136 2137//2137 2126//2126 
f 2126//2126 2137//2137 2127//2127 
f 2137//2137 2138//2138 2127//2127 
f 2127//2127 2138//2138 2138//2138 
f 2138//2138 2025//2025 2138//2138 
f 2138//2138 2025//2025 2025//2025 
f 2025//2025 2026//2026 2025//2025 
f 2025//2025 2026//2026 2130//2130 
f 2026//2026 2139//2139 2130//2130 
f 2130//2130 2139//2139 2131//2131 
f 2139//2139 2140//2140 2131//2131 
f 2131//2131 2140//2140 2132//2132 
f 2140//2140 2141//2141 2132//2132 
f 2132//2132 2141//2141 2133//2133 
f 2141//2141 2142//2142 2133//2133 
f 2133//2133 2142//2142 2134//2134 
f 2142//2142 2143//2143 2134//2134 
f 2134//2134 2143//2143 2135//2135 
f 2143//2143 2144//2144 2135//2135 
f 2135//2135 2144//2144 2136//2136 
f 2144//2144 2145//2145 2136//2136 
f 2136//2136 2145//2145 2137//2137 
f 2145//2145 2146//2146 2137//2137 
f 2137//2137 2146//2146 2138//2138 
f 2146//2146 2147//2147 2138//2138 
f 2138//2138 2147//2147 2147//2147 
f 2147//2147 2026//2026 2147//2147 
f 2147//2147 2026//2026 2026//2026 
f 2026//2026 2027//2027 2026//2026 
f 2026//2026 2027//2027 2139//2139 
f 2027//2027 2148//2148 2139//2139 
f 2139//2139 2148//2148 2140//2140 
f 2148//2148 2149//2149 2140//2140 
f 2140//2140 2149//2149 2141//2141 
f 2149//2149 2150//2150 2141//2141 
f 2141//2141 2150//2150 2142//2142 
f 2150//2150 2151//2151 2142//2142 
f 2142//2142 2151//2151 2143//2143 
f 2151//2151 2152//2152 2143//2143 
f 2143//2143 2152//2152 2144//2144 
f 2152//2152 2153//2153 2144//2144 
f 2144//2144 2153//2153 2145//2145 
f 2153//2153 2154//2154 2145//2145 
f 2145//2145 2154//2154 2154//2154 
f 2154//2154 2027//2027 2154//2154 
f 2154//2154 2027//2027 2027//2027 
f 2027//2027 2028//2028 2027//2027 
f 2027//2027 2028//2028 2148//2148 
f 2028//2028 2155//2155 2148//2148 
f 2148//2148 2155//2155 2149//2149 
f 2155//2155 2156//2156 2149//2149 
f 2149//2149 2156//2156 2150//2150 
f 2156//2156 2157//2157 2150//2150 
f 2150//2150 2157//2157 2151//2151 
f 2157//2157 2158//2158 2151//2151 
f 2151//2151 2158//2158 2152//2152 
f 2158//2158 2159//2159 2152//2152 
f 2152//2152 2159//2159 2153//2153 
f 2159//2159 2160//2160 2153//2153 
f 2153//2153 2160//2160 2154//2154 
f 2160//2160 2161//2161 2154//2154 
f 2154//2154 2161//2161 2161//2161 
f 2161//2161 2028//2028 2161//2161 
f 2161//2161 2028//2028 2028//2028 
f 2028//2028 2029//2029 2028//2028 
f 2028//2028 2029//2029 2155//2155 
f 2029//2029 2162//2162 2155//2155 
f 2155//2155 2162//2162 2156//2156 
f 2162//2162 2163//2163 2156//2156 
f 2156//2156 2163//2163 2157//2157 
f 2163//2163 2164//2164 2157//2157 
f 2157//2157 2164//2164 2158//2158 
f 2164//2164 2165//2165 2158//2158 
f 2158//2158 2165//2165 2159//2159 
f 2165//2165 2166//2166 2159//2159 
f 2159//2159 2166//2166 2166//2166 
f 2166//2166 2029//2029 2166//2166 
f 2166//2166 2029//2029 2029//2029 
f 2029//2029 2030//2030 2029//2029 
f 2029//2029 2030//2030 2162//2162 
f 2030//2030 2167//2167 2162//2162 
f 2162//2162 2167//2167 2163//2163 
f 2167//2167 2168//2168 2163//2163 
f 2163//2163 2168//2168 2164//2164 
f 2168//2168 2169//2169 2164//2164 
f 2164//2164 2169//2169 2165//2165 
f 2169//2169 2170//2170 2165//2165 
f 2165//2165 2170//2170 2166//2166 
f 2170//2170 2171//2171 2166//2166 
f 2166//2166 2171//2171 2171//2171 
f 2171//2171 2030//2030 2171//2171 
f 2171//2171 2030//2030 2030//2030 
f 2030//2030 2031//2031 2030//2030 
f 2030//2030 2031//2031 2167//2167 
f 2031//2031 2172//2172 2167//2167 
f 2167//2167 2172//2172 2168//2168 
f 2172//2172 2173//2173 2168//2168 
f 2168//2168 2173//2173 2169//2169 
f 2173//2173 2174//2174 2169//2169 
f 2169//2169 2174//2174 2174//2174 
f 2174//2174 2031//2031 2174//2174 
f 2174//2174 2031//2031 2031//2031 
f 2031//2031 2032//2032 2031//2031 
f 2031//2031 2032//2032 2172//2172 
f 2032//2032 2175//2175 2172//2172 
f 2172//2172 2175//2175 2173//2173 
f 2175//2175 2176//2176 2173//2173 
f 2173//2173 2176//2176 2174//2174 
f 2176//2176 2177//2177 2174//2174 
f 2174//2174 2177//2177 2177//2177 
f 2177//2177 2032//2032 2177//2177 
f 2177//2177 2032//2032 2032//2032 
f 2032//2032 2033//2033 2032//2032 
f 2032//2032 2033//2033 2175//2175 
f 2033//2033 2178//2178 2175//2175 
f 2175//2175 2178//2178 2178//2178 
f 2178//2178 2033//2033 2178//2178 
f 2178//2178 2033//2033 2033//2033 
f 2033//2033 2034//2034 2033//2033 
f 2033//2033 2034//2034 2178//2178 
f 2034//2034 2179//2179 2178//2178 
f 2178//2178 2179//2179 2179//2179 
f 2179//2179 1339//1339 2179//2179 
f 2179//2179 1339//1339 1339//1339 
f 1339//1339 1832//1832 1339//1339 
f 1339//1339 1832//1832 2180//2180 
f 1832//1832 2181//2181 2180//2180 
f 2180//2180 2181//2181 2182//2182 
f 2181//2181 2182//2182 2182//2182 
f 2182//2182 2182//2182 1826//1826 
f 2182//2182 1826//1826 1826//1826 
f 1826//1826 1826//1826 1826//1826 
f 1826//1826 1824//1824 1826//1826 
f 1826//1826 1824//1824 2183//2183 
f 1824//1824 2184//2184 2183//2183 
f 2183//2183 2184//2184 2185//2185 
f 2184//2184 2185//2185 2185//2185 
f 2185//2185 2185//2185 2186//2186 
f 2185//2185 2186//2186 2186//2186 
f 2186//2186 2186//2186 2186//2186 
f 2186//2186 2187//2187 2186//2186 
f 2186//2186 2187//2187 2188//2188 
f 2187//2187 2189//2189 2188//2188 
f 2188//2188 2189//2189 2190//2190 
f 2189//2189 2191//2191 2190//2190 
f 2190//2190 2191//2191 2192//2192 
f 2191//2191 2193//2193 2192//2192 
f 2192//2192 2193//2193 2194//2194 
f 2193//2193 2195//2195 2194//2194 
f 2194//2194 2195//2195 2196//2196 
f 2195//2195 2197//2197 2196//2196 
f 2196//2196 2197//2197 2198//2198 
f 2197//2197 2199//2199 2198//2198 
f 2198//2198 2199//2199 2200//2200 
f 2199//2199 2201//2201 2200//2200 
f 2200//2200 2201//2201 2202//2202 
f 2201//2201 2203//2203 2202//2202 
f 2202//2202 2203//2203 2204//2204 
f 2203//2203 2205//2205 2204//2204 
f 2204//2204 2205//2205 2206//2206 
f 2205//2205 2207//2207 2206//2206 
f 2206//2206 2207//2207 2208//2208 
f 2207//2207 2209//2209 2208//2208 
f 2208//2208 2209//2209 2210//2210 
f 2209//2209 2211//2211 2210//2210 
f 2210//2210 2211//2211 2212//2212 
f 2211//2211 2213//2213 2212//2212 
f 2212//2212 2213//2213 2214//2214 
f 2213//2213 2215//2215 2214//2214 
f 2214//2214 2215//2215 2216//2216 
f 2215//2215 2217//2217 2216//2216 
f 2216//2216 2217//2217 2218//2218 
f 2217//2217 2219//2219 2218//2218 
f 2218//2218 2219//2219 2220//2220 
f 2219//2219 2221//2221 2220//2220 
f 2220//2220 2221//2221 2222//2222 
f 2221//2221 2223//2223 2222//2222 
f 2222//2222 2223//2223 2223//2223 
f 2223//2223 2187//2187 2223//2223 
f 2223//2223 2187//2187 2187//2187 
f 2187//2187 666//666 2187//2187 
f 2187//2187 666//666 2189//2189 
f 666//666 669//669 2189//2189 
f 2189//2189 669//669 2191//2191 
f 669//669 671//671 2191//2191 
f 2191//2191 671//671 2193//2193 
f 671//671 673//673 2193//2193 
f 2193//2193 673//673 2195//2195 
f 673//673 675//675 2195//2195 
f 2195//2195 675//675 2197//2197 
f 675//675 677//677 2197//2197 
f 2197//2197 677//677 2199//2199 
f 677//677 679//679 2199//2199 
f 2199//2199 679//679 2201//2201 
f 679//679 681//681 2201//2201 
f 2201//2201 681//681 2203//2203 
f 681//681 683//683 2203//2203 
f 2203//2203 683//683 2205//2205 
f 683//683 685//685 2205//2205 
f 2205//2205 685//685 2207//2207 
f 685//685 687//687 2207//2207 
f 2207//2207 687//687 2209//2209 
f 687//687 689//689 2209//2209 
f 2209//2209 689//689 2211//2211 
f 689//689 691//691 2211//2211 
f 2211//2211 691//691 2213//2213 
f 691//691 693//693 2213//2213 
f 2213//2213 693//693 2215//2215 
f 693//693 695//695 2215//2215 
f 2215//2215 695//695 2217//2217 
f 695//695 697//697 2217//2217 
f 2217//2217 697//697 2219//2219 
f 697//697 699//699 2219//2219 
f 2219//2219 699//699 2221//2221 
f 699//699 701//701 2221//2221 
f 2221//2221 701//701 2223//2223 
f 701//701 703//703 2223//2223 
f 2223//2223 703//703 703//703 
f 703//703 2222//2222 703//703 
f 703//703 2222//2222 2222//2222 
f 2222//2222 2224//2224 2222//2222 
f 2222//2222 2224//2224 2220//2220 
f 2224//2224 2225//2225 2220//2220 
f 2220//2220 2225//2225 2218//2218 
f 2225//2225 2226//2226 2218//2218 
f 2218//2218 2226//2226 2216//2216 
f 2226//2226 2227//2227 2216//2216 
f 2216//2216 2227//2227 2214//2214 
f 2227//2227 2228//2228 2214//2214 
f 2214//2214 2228//2228 2212//2212 
f 2228//2228 2229//2229 2212//2212 
f 2212//2212 2229//2229 2210//2210 
f 2229//2229 2230//2230 2210//2210 
f 2210//2210 2230//2230 2208//2208 
f 2230//2230 2231//2231 2208//2208 
f 2208//2208 2231//2231 2206//2206 
f 2231//2231 2232//2232 2206//2206 
f 2206//2206 2232//2232 2204//2204 
f 2232//2232 2233//2233 2204//2204 
f 2204//2204 2233//2233 2202//2202 
f 2233//2233 2234//2234 2202//2202 
f 2202//2202 2234//2234 2200//2200 
f 2234//2234 2235//2235 2200//2200 
f 2200//2200 2235//2235 2198//2198 
f 2235//2235 2236//2236 2198//2198 
f 2198//2198 2236//2236 2196//2196 
f 2236//2236 2237//2237 2196//2196 
f 2196//2196 2237//2237 2194//2194 
f 2237//2237 2238//2238 2194//2194 
f 2194//2194 2238//2238 2192//2192 
f 2238//2238 2239//2239 2192//2192 
f 2192//2192 2239//2239 2190//2190 
f 2239//2239 2240//2240 2190//2190 
f 2190//2190 2240//2240 2240//2240 
f 2240//2240 2224//2224 2240//2240 
f 2240//2240 2224//2224 2224//2224 
f 2224//2224 2241//2241 2224//2224 
f 2224//2224 2241//2241 2225//2225 
f 2241//2241 2242//2242 2225//2225 
f 2225//2225 2242//2242 2226//2226 
f 2242//2242 2243//2243 2226//2226 
f 2226//2226 2243//2243 2227//2227 
f 2243//2243 2244//2244 2227//2227 
f 2227//2227 2244//2244 2228//2228 
f 2244//2244 2245//2245 2228//2228 
f 2228//2228 2245//2245 2229//2229 
f 2245//2245 2246//2246 2229//2229 
f 2229//2229 2246//2246 2230//2230 
f 2246//2246 2247//2247 2230//2230 
f 2230//2230 2247//2247 2231//2231 
f 2247//2247 2248//2248 2231//2231 
f 2231//2231 2248//2248 2232//2232 
f 2248//2248 2249//2249 2232//2232 
f 2232//2232 2249//2249 2233//2233 
f 2249//2249 2250//2250 2233//2233 
f 2233//2233 2250//2250 2234//2234 
f 2250//2250 2251//2251 2234//2234 
f 2234//2234 2251//2251 2235//2235 
f 2251//2251 2252//2252 2235//2235 
f 2235//2235 2252//2252 2236//2236 
f 2252//2252 2253//2253 2236//2236 
f 2236//2236 2253//2253 2237//2237 
f 2253//2253 2254//2254 2237//2237 
f 2237//2237 2254//2254 2238//2238 
f 2254//2254 2255//2255 2238//2238 
f 2238//2238 2255//2255 2239//2239 
f 2255//2255 2256//2256 2239//2239 
f 2239//2239 2256//2256 2240//2240 
f 2256//2256 2257//2257 2240//2240 
f 2240//2240 2257//2257 2257//2257 
f 2257//2257 2241//2241 2257//2257 
f 2257//2257 2241//2241 2241//2241 
f 2241//2241 2258//2258 2241//2241 
f 2241//2241 2258//2258 2242//2242 
f 2258//2258 2259//2259 2242//2242 
f 2242//2242 2259//2259 2243//2243 
f 2259//2259 2260//2260 2243//2243 
f 2243//2243 2260//2260 2244//2244 
f 2260//2260 2261//2261 2244//2244 
f 2244//2244 2261//2261 2245//2245 
f 2261//2261 2262//2262 2245//2245 
f 2245//2245 2262//2262 2246//2246 
f 2262//2262 2263//2263 2246//2246 
f 2246//2246 2263//2263 2247//2247 
f 2263//2263 2264//2264 2247//2247 
f 2247//2247 2264//2264 2248//2248 
f 2264//2264 2265//2265 2248//2248 
f 2248//2248 2265//2265 2249//2249 
f 2265//2265 2266//2266 2249//2249 
f 2249//2249 2266//2266 2250//2250 
f 2266//2266 2267//2267 2250//2250 
f 2250//2250 2267//2267 2251//2251 
f 2267//2267 2268//2268 2251//2251 
f 2251//2251 2268//2268 2252//2252 
f 2268//2268 2269//2269 2252//2252 
f 2252//2252 2269//2269 2253//2253 
f 2269//2269 2270//2270 2253//2253 
f 2253//2253 2270//2270 2254//2254 
f 2270//2270 2271//2271 2254//2254 
f 2254//2254 2271//2271 2255//2255 
f 2271//2271 2272//2272 2255//2255 
f 2255//2255 2272//2272 2272//2272 
f 2272//2272 2258//2258 2272//2272 
f 2272//2272 2258//2258 2258//2258 
f 2258//2258 2273//2273 2258//2258 
f 2258//2258 2273//2273 2259//2259 
f 2273//2273 2274//2274 2259//2259 
f 2259//2259 2274//2274 2260//2260 
f 2274//2274 2275//2275 2260//2260 
f 2260//2260 2275//2275 2261//2261 
f 2275//2275 2276//2276 2261//2261 
f 2261//2261 2276//2276 2262//2262 
f 2276//2276 2277//2277 2262//2262 
f 2262//2262 2277//2277 2263//2263 
f 2277//2277 2278//2278 2263//2263 
f 2263//2263 2278//2278 2264//2264 
f 2278//2278 2279//2279 2264//2264 
f 2264//2264 2279//2279 2265//2265 
f 2279//2279 2280//2280 2265//2265 
f 2265//2265 2280//2280 2266//2266 
f 2280//2280 2281//2281 2266//2266 
f 2266//2266 2281//2281 2267//2267 
f 2281//2281 2282//2282 2267//2267 
f 2267//2267 2282//2282 2268//2268 
f 2282//2282 2283//2283 2268//2268 
f 2268//2268 2283//2283 2269//2269 
f 2283//2283 2284//2284 2269//2269 
f 2269//2269 2284//2284 2270//2270 
f 2284//2284 2285//2285 2270//2270 
f 2270//2270 2285//2285 2271//2271 
f 2285//2285 2286//2286 2271//2271 
f 2271//2271 2286//2286 2272//2272 
f 2286//2286 2287//2287 2272//2272 
f 2272//2272 2287//2287 2287//2287 
f 2287//2287 2273//2273 2287//2287 
f 2287//2287 2273//2273 2273//2273 
f 2273//2273 2288//2288 2273//2273 
f 2273//2273 2288//2288 2274//2274 
f 2288//2288 2289//2289 2274//2274 
f 2274//2274 2289//2289 2275//2275 
f 2289//2289 2290//2290 2275//2275 
f 2275//2275 2290//2290 2276//2276 
f 2290//2290 2291//2291 2276//2276 
f 2276//2276 2291//2291 2277//2277 
f 2291//2291 2292//2292 2277//2277 
f 2277//2277 2292//2292 2278//2278 
f 2292//2292 2293//2293 2278//2278 
f 2278//2278 2293//2293 2279//2279 
f 2293//2293 2294//2294 2279//2279 
f 2279//2279 2294//2294 2280//2280 
f 2294//2294 2295//2295 2280//2280 
f 2280//2280 2295//2295 2281//2281 
f 2295//2295 2296//2296 2281//2281 
f 2281//2281 2296//2296 2282//2282 
f 2296//2296 2297//2297 2282//2282 
f 2282//2282 2297//2297 2283//2283 
f 2297//2297 2298//2298 2283//2283 
f 2283//2283 2298//2298 2284//2284 
f 2298//2298 2299//2299 2284//2284 
f 2284//2284 2299//2299 2285//2285 
f 2299//2299 2300//2300 2285//2285 
f 2285//2285 2300//2300 2300//2300 
f 2300//2300 2288//2288 2300//2300 
f 2300//2300 2288//2288 2288//2288 
f 2288//2288 2301//2301 2288//2288 
f 2288//2288 2301//2301 2289//2289 
f 2301//2301 2302//2302 2289//2289 
f 2289//2289 2302//2302 2290//2290 
f 2302//2302 2303//2303 2290//2290 
f 2290//2290 2303//2303 2291//2291 
f 2303//2303 2304//2304 2291//2291 
f 2291//2291 2304//2304 2292//2292 
f 2304//2304 2305//2305 2292//2292 
f 2292//2292 2305//2305 2293//2293 
f 2305//2305 2306//2306 2293//2293 
f 2293//2293 2306//2306 2294//2294 
f 2306//2306 2307//2307 2294//2294 
f 2294//2294 2307//2307 2295//2295 
f 2307//2307 2308//2308 2295//2295 
f 2295//2295 2308//2308 2296//2296 
f 2308//2308 2309//2309 2296//2296 
f 2296//2296 2309//2309 2297//2297 
f 2309//2309 2310//2310 2297//2297 
f 2297//2297 2310//2310 2298//2298 
f 2310//2310 2311//2311 2298//2298 
f 2298//2298 2311//2311 2299//2299 
f 2311//2311 2312//2312 2299//2299 
f 2299//2299 2312//2312 2300//2300 
f 2312//2312 2313//2313 2300//2300 
f 2300//2300 2313//2313 2313//2313 
f 2313//2313 2301//2301 2313//2313 
f 2313//2313 2301//2301 2301//2301 
f 2301//2301 2314//2314 2301//2301 
f 2301//2301 2314//2314 2302//2302 
f 2314//2314 2315//2315 2302//2302 
f 2302//2302 2315//2315 2303//2303 
f 2315//2315 2316//2316 2303//2303 
f 2303//2303 2316//2316 2304//2304 
f 2316//2316 2317//2317 2304//2304 
f 2304//2304 2317//2317 2305//2305 
f 2317//2317 2318//2318 2305//2305 
f 2305//2305 2318//2318 2306//2306 
f 2318//2318 2319//2319 2306//2306 
f 2306//2306 2319//2319 2307//2307 
f 2319//2319 2320//2320 2307//2307 
f 2307//2307 2320//2320 2308//2308 
f 2320//2320 2321//2321 2308//2308 
f 2308//2308 2321//2321 2309//2309 
f 2321//2321 2322//2322 2309//2309 
f 2309//2309 2322//2322 2310//2310 
f 2322//2322 2323//2323 2310//2310 
f 2310//2310 2323//2323 2311//2311 
f 2323//2323 2324//2324 2311//2311 
f 2311//2311 2324//2324 2324//2324 
f 2324//2324 2314//2314 2324//2324 
f 2324//2324 2314//2314 2314//2314 
f 2314//2314 2325//2325 2314//2314 
f 2314//2314 2325//2325 2315//2315 
f 2325//2325 2326//2326 2315//2315 
f 2315//2315 2326//2326 2316//2316 
f 2326//2326 2327//2327 2316//2316 
f 2316//2316 2327//2327 2317//2317 
f 2327//2327 2328//2328 2317//2317 
f 2317//2317 2328//2328 2318//2318 
f 2328//2328 2329//2329 2318//2318 
f 2318//2318 2329//2329 2319//2319 
f 2329//2329 2330//2330 2319//2319 
f 2319//2319 2330//2330 2320//2320 
f 2330//2330 2331//2331 2320//2320 
f 2320//2320 2331//2331 2321//2321 
f 2331//2331 2332//2332 2321//2321 
f 2321//2321 2332//2332 2322//2322 
f 2332//2332 2333//2333 2322//2322 
f 2322//2322 2333//2333 2323//2323 
f 2333//2333 2334//2334 2323//2323 
f 2323//2323 2334//2334 2324//2324 
f 2334//2334 2335//2335 2324//2324 
f 2324//2324 2335//2335 2335//2335 
f 2335//2335 2325//2325 2335//2335 
f 2335//2335 2325//2325 2325//2325 
f 2325//2325 2336//2336 2325//2325 
f 2325//2325 2336//2336 2326//2326 
f 2336//2336 2337//2337 2326//2326 
f 2326//2326 2337//2337 2327//2327 
f 2337//2337 2338//2338 2327//2327 
f 2327//2327 2338//2338 2328//2328 
f 2338//2338 2339//2339 2328//2328 
f 2328//2328 2339//2339 2329//2329 
f 2339//2339 2340//2340 2329//2329 
f 2329//2329 2340//2340 2330//2330 
f 2340//2340 2341//2341 2330//2330 
f 2330//2330 2341//2341 2331//2331 
f 2341//2341 2342//2342 2331//2331 
f 2331//2331 2342//2342 2332//2332 
f 2342//2342 2343//2343 2332//2332 
f 2332//2332 2343//2343 2333//2333 
f 2343//2343 2344//2344 2333//2333 
f 2333//2333 2344//2344 2344//2344 
f 2344//2344 2336//2336 2344//2344 
f 2344//2344 2336//2336 2336//2336 
f 2336//2336 2345//2345 2336//2336 
f 2336//2336 2345//2345 2337//2337 
f 2345//2345 2346//2346 2337//2337 
f 2337//2337 2346//2346 2338//2338 
f 2346//2346 2347//2347 2338//2338 
f 2338//2338 2347//2347 2339//2339 
f 2347//2347 2348//2348 2339//2339 
f 2339//2339 2348//2348 2340//2340 
f 2348//2348 2349//2349 2340//2340 
f 2340//2340 2349//2349 2341//2341 
f 2349//2349 2350//2350 2341//2341 
f 2341//2341 2350//2350 2342//2342 
f 2350//2350 2351//2351 2342//2342 
f 2342//2342 2351//2351 2343//2343 
f 2351//2351 2352//2352 2343//2343 
f 2343//2343 2352//2352 2344//2344 
f 2352//2352 2353//2353 2344//2344 
f 2344//2344 2353//2353 2353//2353 
f 2353//2353 2345//2345 2353//2353 
f 2353//2353 2345//2345 2345//2345 
f 2345//2345 2354//2354 2345//2345 
f 2345//2345 2354//2354 2346//2346 
f 2354//2354 2355//2355 2346//2346 
f 2346//2346 2355//2355 2347//2347 
f 2355//2355 2356//2356 2347//2347 
f 2347//2347 2356//2356 2348//2348 
f 2356//2356 2357//2357 2348//2348 
f 2348//2348 2357//2357 2349//2349 
f 2357//2357 2358//2358 2349//2349 
f 2349//2349 2358//2358 2350//2350 
f 2358//2358 2359//2359 2350//2350 
f 2350//2350 2359//2359 2351//2351 
f 2359//2359 2360//2360 2351//2351 
f 2351//2351 2360//2360 2360//2360 
f 2360//2360 2354//2354 2360//2360 
f 2360//2360 2354//2354 2354//2354 
f 2354//2354 2361//2361 2354//2354 
f 2354//2354 2361//2361 2355//2355 
f 2361//2361 2362//2362 2355//2355 
f 2355//2355 2362//2362 2356//2356 
f 2362//2362 2363//2363 2356//2356 
f 2356//2356 2363//2363 2357//2357 
f 2363//2363 2364//2364 2357//2357 
f 2357//2357 2364//2364 2358//2358 
f 2364//2364 2365//2365 2358//2358 
f 2358//2358 2365//2365 2359//2359 
f 2365//2365 2366//2366 2359//2359 
f 2359//2359 2366//2366 2360//2360 
f 2366//2366 2367//2367 2360//2360 
f 2360//2360 2367//2367 2367//2367 
f 2367//2367 2361//2361 2367//2367 
f 2367//2367 2361//2361 2361//2361 
f 2361//2361 2368//2368 2361//2361 
f 2361//2361 2368//2368 2362//2362 
f 2368//2368 2369//2369 2362//2362 
f 2362//2362 2369//2369 2363//2363 
f 2369//2369 2370//2370 2363//2363 
f 2363//2363 2370//2370 2364//2364 
f 2370//2370 2371//2371 2364//2364 
f 2364//2364 2371//2371 2365//2365 
f 2371//2371 2372//2372 2365//2365 
f 2365//2365 2372//2372 2372//2372 
f 2372//2372 2368//2368 2372//2372 
f 2372//2372 2368//2368 2368//2368 
f 2368//2368 2373//2373 2368//2368 
f 2368//2368 2373//2373 2369//2369 
f 2373//2373 2374//2374 2369//2369 
f 2369//2369 2374//2374 2370//2370 
f 2374//2374 2375//2375 2370//2370 
f 2370//2370 2375//2375 2371//2371 
f 2375//2375 2376//2376 2371//2371 
f 2371//2371 2376//2376 2372//2372 
f 2376//2376 2377//2377 2372//2372 
f 2372//2372 2377//2377 2377//2377 
f 2377//2377 2373//2373 2377//2377 
f 2377//2377 2373//2373 2373//2373 
f 2373//2373 2378//2378 2373//2373 
f 2373//2373 2378//2378 2374//2374 
f 2378//2378 2379//2379 2374//2374 
f 2374//2374 2379//2379 2375//2375 
f 2379//2379 2380//2380 2375//2375 
f 2375//2375 2380//2380 2380//2380 
f 2380//2380 2378//2378 2380//2380 
f 2380//2380 2378//2378 2378//2378 
f 2378//2378 2381//2381 2378//2378 
f 2378//2378 2381//2381 2379//2379 
f 2381//2381 2382//2382 2379//2379 
f 2379//2379 2382//2382 2380//2380 
f 2382//2382 2383//2383 2380//2380 
f 2380//2380 2383//2383 2383//2383 
f 2383//2383 2384//2384 2383//2383 
f 2383//2383 2384//2384 2384//2384 
f 2384//2384 2385//2385 2384//2384 
f 2384//2384 2385//2385 2386//2386 
f 2385//2385 1828//1828 2386//2386 
f 2386//2386 1828//1828 1826//1826 
f 1828//1828 1826//1826 1826//1826 
f 1826//1826 1826//1826 2387//2387 
f 1826//1826 2387//2387 2387//2387 
f 2387//2387 2387//2387 2387//2387 
f 2387//2387 2388//2388 2387//2387 
f 2387//2387 2388//2388 2389//2389 
f 2388//2388 2390//2390 2389//2389 
f 2389//2389 2390//2390 2391//2391 
f 2390//2390 2392//2392 2391//2391 
f 2391//2391 2392//2392 2393//2393 
f 2392//2392 2394//2394 2393//2393 
f 2393//2393 2394//2394 2395//2395 
f 2394//2394 2396//2396 2395//2395 
f 2395//2395 2396//2396 2397//2397 
f 2396//2396 2398//2398 2397//2397 
f 2397//2397 2398//2398 2399//2399 
f 2398//2398 2400//2400 2399//2399 
f 2399//2399 2400//2400 2401//2401 
f 2400//2400 2402//2402 2401//2401 
f 2401//2401 2402//2402 2403//2403 
f 2402//2402 2404//2404 2403//2403 
f 2403//2403 2404//2404 2405//2405 
f 2404//2404 2406//2406 2405//2405 
f 2405//2405 2406//2406 2407//2407 
f 2406//2406 2408//2408 2407//2407 
f 2407//2407 2408//2408 2409//2409 
f 2408//2408 2410//2410 2409//2409 
f 2409//2409 2410//2410 2411//2411 
f 2410//2410 2412//2412 2411//2411 
f 2411//2411 2412//2412 2413//2413 
f 2412//2412 2414//2414 2413//2413 
f 2413//2413 2414//2414 2415//2415 
f 2414//2414 2416//2416 2415//2415 
f 2415//2415 2416//2416 2417//2417 
f 2416//2416 2418//2418 2417//2417 
f 2417//2417 2418//2418 2419//2419 
f 2418//2418 2420//2420 2419//2419 
f 2419//2419 2420//2420 2421//2421 
f 2420//2420 2422//2422 2421//2421 
f 2421//2421 2422//2422 2423//2423 
f 2422//2422 2424//2424 2423//2423 
f 2423//2423 2424//2424 2425//2425 
f 2424//2424 2426//2426 2425//2425 
f 2425//2425 2426//2426 2427//2427 
f 2426//2426 2428//2428 2427//2427 
f 2427//2427 2428//2428 2429//2429 
f 2428//2428 2430//2430 2429//2429 
f 2429//2429 2430//2430 2431//2431 
f 2430//2430 2432//2432 2431//2431 
f 2431//2431 2432//2432 2433//2433 
f 2432//2432 2434//2434 2433//2433 
f 2433//2433 2434//2434 2435//2435 
f 2434//2434 2436//2436 2435//2435 
f 2435//2435 2436//2436 2436//2436 
f 2436//2436 2437//2437 2436//2436 
f 2436//2436 2437//2437 2437//2437 
f 2437//2437 2438//2438 2437//2437 
f 2437//2437 2438//2438 2439//2439 
f 2438//2438 2440//2440 2439//2439 
f 2439//2439 2440//2440 2441//2441 
f 2440//2440 2442//2442 2441//2441 
f 2441//2441 2442//2442 2442//2442 
f 2442//2442 2438//2438 2442//2442 
f 2442//2442 2438//2438 2438//2438 
f 2438//2438 1858//1858 2438//2438 
f 2438//2438 1858//1858 2440//2440 
f 1858//1858 1860//1860 2440//2440 
f 2440//2440 1860//1860 2442//2442 
f 1860//1860 1862//1862 2442//2442 
f 2442//2442 1862//1862 1862//1862 
f 1862//1862 2443//2443 1862//1862 
f 1862//1862 2443//2443 2443//2443 
f 2443//2443 2444//2444 2443//2443 
f 2443//2443 2444//2444 2445//2445 
f 2444//2444 2446//2446 2445//2445 
f 2445//2445 2446//2446 1763//1763 
f 2446//2446 1961//1961 1763//1763 
f 1763//1763 1961//1961 1961//1961 
f 1961//1961 2444//2444 1961//1961 
f 1961//1961 2444//2444 2444//2444 
f 2444//2444 1956//1956 2444//2444 
f 2444//2444 1956//1956 2446//2446 
f 1956//1956 1955//1955 2446//2446 
f 2446//2446 1955//1955 1961//1961 
f 1955//1955 1954//1954 1961//1961 
f 1830//1830 2181//2181 1832//1832 
f 1828//1828 2385//2385 1830//1830 
f 1822//1822 2184//2184 1824//1824 
f 1818//1818 1816//1816 1822//1822 
f 1355//1355 1853//1853 1353//1353 

